ID_Auditoria,Fecha,Linea,Estacion,Direccion_Anomalia,Impacto_Pasajeros,Afluencia,Estatus_Investigacion,Hallazgo_Principal,Descripcion_Incidente,Link_Fuente_1,Link_Fuente_2,Observaciones
ANOM-4,2022-01-02 0:00:00,linea 8,constitución de 1917,Alza (Pico atípico),42277,58987,Terminado,Feriado No Oficial / Cultural,Afluencia a la alza dado eventos de temporada de inicio de año e inicio de recuperación de periodo postpandemia,,,se registró a la alza por que el transporte público comenzaba a operar y a recuperarse tras los niveles bajos de la pandemia aunque las autoridades aún no decretaban oficialmente el final de la emergencia sanitaria
ANOM-38,2022-05-01 0:00:00,linea 7,polanco,Alza (Pico atípico),21394,7346,Terminado,Feriado No Oficial / Cultural,"Día del trabajo y domingo coincidieron, además de manifestaciones en diferentes puntos de la ciudad",https://www.eluniversal.com.mx/tendencias/hay-puente-este-1-de-mayo-2022-aqui-te-decimos-los-dias-de-descanso/,https://www.eluniversal.com.mx/metropoli/estas-son-las-marchas-y-concentraciones-previstas-para-este-1-de-mayo-en-la-cdmx-organizaciones-conmemoran-dia-del-trabajo/,"Varios eventos sucedieron este día, como el hecho de ser domingo, dia del trabajo, programa muevete en bici y diferentes tipos de manifestaciones en la ciudad"
ANOM-70,2022-11-27 0:00:00,linea 2,bellas artes,Alza (Pico atípico),21361,43489,Terminado,"Evento Masivo (Concierto, partido, manifestación)","Marcha ""4 años de transformación"" de Andres Manuel Lopez Obrador",https://www.adn40.mx/ciudad/marcha-amlo-por-la-transformacion-lmo/?outputType=amp,https://www.nmas.com.mx/ciudad-de-mexico/marcha-amlo-en-vivo-hoy-27-noviembre-cdmx/,La marcha llamo un aumento muy significativo en diversas lineas cercanas al centro de la CDMX y en diversos puntos de la ciudad
ANOM-13,2022-02-07 0:00:00,linea 2,cuatro caminos,Alza (Pico atípico),18627,38520,Terminado,Feriado No Oficial / Cultural,Alza en la afluencia por dia de conmemoración de la constitución mexicana,"https://www.milenio.com/cultura/7-de-febrero-2022-por-esta-razon-este-lunes-es-feriado#:~:text=Este%207%20de%20febrero%20lleg%C3%B3,oficina%20o%20cubrir%20alguna%20guardia.",https://www.nmas.com.mx/noticieros/programas/despierta/videos/el-metro-cdmx-tendra-horario-especial-7-febrero-2022-feriado-de-constitucion-mexicana/,"La alza de afluencia fue dado a que el día fue lunes y fue un feriado no oficial ""conmemoración de la constitución mexicana"""
ANOM-342,2025-12-21 0:00:00,linea 3,universidad,Alza (Pico atípico),17467,26358,Terminado,Falla Oculta (No hay reporte oficial del incidente),"no se reportaron incidencia a pesar de la alta en la afluencia, solo reportaron retraso en los trenes de la linea",https://www.tvazteca.com/aztecanoticias/metro-cdmx-en-vivo-avance-trenes-fallas-hoy-21-diciembre-2025/,https://www.reporteindigo.com/metro-cdmx-hoy-21-de-diciembre-de-2025-retrasos-estaciones-cerradas-afectaciones-y-afluencia-lb202512210005.html,
ANOM-140,2023-10-23 0:00:00,linea 1,insurgentes,Alza (Pico atípico),16899,40408,Terminado,"Evento Masivo (Concierto, partido, manifestación)",Inicio de Festividades de Día de Muertos ,https://lasillarota.com/metropoli/2023/10/23/dia-de-muertos-en-mexico-vas-ir-la-rodada-nocturna-de-disfraces-checa-estas-recomendaciones-453503.html,https://lasillarota.com/metropoli/2023/10/23/metro-metrobus-de-la-cdmx-hoy-lunes-23-de-octubre-de-2023-453446.html,"Festival de Flores de Cempasuchil en Paseo de la Reforma, esta estacion queda cerca de una estacion de metrobus"
ANOM-210,2024-06-29 0:00:00,linea 8,bellas artes,Alza (Pico atípico),16870,37965,Terminado,"Evento Masivo (Concierto, partido, manifestación)",permaneció cerrada y con servicio modificado debido a la marcha del orgullo,https://www.nmas.com.mx/ciudad-de-mexico/estaciones-cerradas-metro-metrobus-marcha-lgbt-cdmx-29-de-junio-2024/,,permaneció cerada debido a la marcha del orgullo
ANOM-174,2024-03-01 0:00:00,linea 8,san juan de letrán,Alza (Pico atípico),14704,39733,Terminado,Efecto Sustitución (Falla en Metrobús u otra línea o estación),Cierre de estación Zocalo y esta estacion fue alternativa ,https://www.tvazteca.com/aztecanoticias/metro-cdmx-en-vivo-que-pasa-hoy-viernes-1-marzo-2024,https://www.nmas.com.mx/ciudad-de-mexico/calles-cerradas-por-evento-zocalo-cdmx-hoy-1-de-marzo-2024-rutas-alternas/,Se cerro la estacion Zocalo por campaña de la presidenta por lo tanto esta estacion aledaña fue de ayuda como alternativa 
ANOM-35,2022-04-25 0:00:00,linea 5,pantitlán,Alza (Pico atípico),14193,72707,Terminado,Falla Oculta (No hay reporte oficial del incidente),No hay reporte de la alza de afluencia este día pero es bastante significativa,,,Alza de afluencia muy significativa pero sin registros oficiales de lo ocurrido
ANOM-225,2024-09-13 0:00:00,linea 9,pantitlán,Alza (Pico atípico),13673,40666,Terminado,Falla Oculta (No hay reporte oficial del incidente),no se reportaron incidentes ,,,
ANOM-66,2022-10-30 0:00:00,linea 2,bellas artes,Alza (Pico atípico),13201,40261,Terminado,"Evento Masivo (Concierto, partido, manifestación)",La estación funcionó como alternativa debido a cierres en otras estaciones dado el desfile de día de muertos,https://www.elfinanciero.com.mx/cdmx/2022/10/29/desfile-de-dia-de-muertos-2022-cuales-son-las-lineas-del-metrobus-que-modificaran-horarios/,https://www.elfinanciero.com.mx/cdmx/2022/10/29/desfile-de-dia-de-muertos-2022-cuales-son-las-lineas-del-metrobus-que-modificaran-horarios/,El cierre de estaciones cercanas por el desfile provoco el aumento en la afluencia en la estación bellas artes dado que esta sirvio como alternativa
ANOM-304,2025-07-21 0:00:00,linea 2,allende,Alza (Pico atípico),12880,39469,Terminado,"Incidente Externo (Persona en vías, riña, salud)","persona que perdio la vida al arrojarse en esta estación, ademas de que ese dia hubo fuertes lluvias",https://www.infobae.com/mexico/2025/07/23/hombre-muere-tras-arrojarse-a-las-vias-de-la-estacion-allende-del-metro-de-cdmx-servicio-es-suspendido/,https://www.tvazteca.com/aztecanoticias/metro-cdmx-en-vivo-que-pasa-hoy-lunes-21-julio-retrasos-y-caos-actualizaciones-mas-importantes,"De acuerdo con la información proporcionada, se trataba de un hombre de aproximadamente 39 años de edad que murió tras arrojarse a las zonas de vías de la estación Allende de la Línea 2. por la tarde tambien se vieron afectadas muchas estaciones por fuertes lluvias"
ANOM-155,2023-12-19 0:00:00,linea 1,pantitlán,Alza (Pico atípico),12328,36172,Terminado,Efecto Sustitución (Falla en Metrobús u otra línea o estación),Cierre de la estacion Pantitlan de la Linea 9,https://www.infobae.com/mexico/2023/12/19/metro-y-metrobus-cdmx-hoy-noticias-retrasos-avances-y-fallas-en-lineas-este-19-de-diciembre/,,"Aunque hubiera cierre de la estación Pantitlan Linea 9, los usuarios llegaban a la estacion Pantitlan de la Linea 1"
ANOM-6,2022-01-03 0:00:00,linea 5,autobuses del norte,Alza (Pico atípico),11394,29291,Terminado,Feriado No Oficial / Cultural,Afluencia a la alza dado eventos de temporada de día de reyes e inicio de recuperación de periodo postpandemia,,,se registró a la alza por que el transporte público comenzaba a operar y a recuperarse tras los niveles bajos de la pandemia aunque las autoridades aún no decretaban oficialmente el final de la emergencia sanitaria y las fechas de reyes magos estaba proxima
ANOM-85,2023-01-10 0:00:00,linea 2,allende,Alza (Pico atípico),11215,28539,Terminado,Efecto Sustitución (Falla en Metrobús u otra línea o estación),Se cerro la estación zocalo este día ,https://www.adn40.mx/ciudad/metro-cdmx-zocalo-auditorio-cierre-dps/,,El cierre de la estación zocalo pudo provocar el alza de usuarios en esta estación
ANOM-41,2022-05-06 0:00:00,linea 1,pantitlán,Alza (Pico atípico),10732,36916,Terminado,Contingencia Ambiental,"Implementación del programa ""doble no circula""",https://www.infobae.com/america/mexico/2022/05/05/reactivaron-contingencia-ambiental-en-cdmx-y-estado-de-mexico-que-autos-no-circularan-el-6-de-mayo/,,La implementación de no circula de vehiculos por parte del gobierno de la cdmx provocó que la gente se transportara en metro
ANOM-43,2022-06-04 0:00:00,linea b,buenavista,Alza (Pico atípico),10710,54736,Terminado,"Evento Masivo (Concierto, partido, manifestación)",Actividades culturales y de entretenimiento en la zona,https://gritaradio.com/junio-de-arte-musica-fotografia-y-mas-en-el-centro-cultural-del-tren-suburbano/,,"Diferentes actividades se desarrollaron en la zona, esto explica la alza de afluencia"
ANOM-113,2023-04-28 0:00:00,linea 2,bellas artes,Alza (Pico atípico),10267,31630,Terminado,"Evento Masivo (Concierto, partido, manifestación)",Concierto en la explanada del Zocalo ,https://www.tvazteca.com/aztecanoticias/que-pasa-metro-cdmx-hoy-viernes-28-abril-2023-en-vivo,https://www.adn40.mx/ciudad/metro-cdmx-tendra-horario-especial-este-viernes-concierto-rosalia/,Concierto en la explanada del Zócalo y la estacion Zócalo y Allende se mantuvieron cerradas.
ANOM-16,2022-03-04 0:00:00,linea 2,bellas artes,Alza (Pico atípico),9957,28994,Terminado,Contingencia Ambiental,"Implementación del programa ""no circula""",https://www.infobae.com/america/agencias/2022/03/04/hoy-no-circula-viernes-4-de-marzo-de-2022-que-autos-descansan-en-cdmx-y-edomex/,,La implementación deno circula de vehiculos por parte del gobierno de la cdmx provocó que la gente se transportara en metro
ANOM-77,2022-12-25 0:00:00,linea 9,mixiuhca,Alza (Pico atípico),9950,5749,Terminado,Falla Oculta (No hay reporte oficial del incidente),No hay reportes ni información para explicar con certeza la anomalía sin embargo la diferencia de afluencia es bastante significativa,,,"No hay información ni reportes oficiales para explicar la anomalía, aunque podría ser atribuido que fue derivado al movimiento de navidad y que fue la primera navidad con el cierre parcial de la linea 1"
ANOM-10,2022-01-23 0:00:00,linea 3,copilco,Alza (Pico atípico),9574,9728,Terminado,Falla Oculta (No hay reporte oficial del incidente),Se inauguraron escaleras electricas nuevas en la estación,https://www.cronica.com.mx/metropoli/metro-cdmx-inaugura-4-escaleras-electricas.html#google_vignette,https://www.metro.cdmx.gob.mx/comunicacion/nota/el-metro-pone-en-marcha-4-nuevas-escaleras-electricas-en-beneficio-de-la-movilidad-al-interior-de-la-red,La inauguración de las escaleras pudo haber sido una causa para que nuevos usuarios o viejos usuarios que usaban la estación regresaran por la accesibilidad recuperada por la inauguración de las escaleras
ANOM-301,2025-06-28 0:00:00,linea 8,san juan de letrán,Alza (Pico atípico),9279,35320,Terminado,"Cierre Programado (Mantenimiento, remodelación)",afluencia alta por cierre de estación zocalo de la linea 2,https://www.nmas.com.mx/ciudad-de-mexico/asi-esta-el-servicio-en-las-lineas-del-metro-en-la-cdmx-hoy-sabado-28-de-junio-de-2025/,,"El Sistema de Transporte Colectivo Metro indicó que la estación Zócalo de la Línea 2 permanece cerrada hasta nuevo aviso.

Indicó que como alternativas para dirigirse a la zona centro están las estaciones Pino Suárez y Allende de la Línea 2; de la Línea 8 San Juan de Letrán y Bellas Artes de la Línea 2 y Línea 8."
ANOM-323,2025-10-26 0:00:00,linea 9,ciudad deportiva,Alza (Pico atípico),9242,17614,Terminado,"Evento Masivo (Concierto, partido, manifestación)"," continúan las actividades en el Autódromo Hermanos Rodríguez por el Gran Premio de la Fórmula 1. Te recordamos las estaciones más cercanas al lugar:

Velódromo
Ciudad Deportiva 
Puebla",https://www.reporteindigo.com/metro-cdmx-hoy-26-de-octubre-retrasos-en-lineas-estaciones-cerradas-afluencia-afectaciones-lb202510260005.html,,
ANOM-212,2024-07-14 0:00:00,linea 3,copilco,Alza (Pico atípico),8706,10691,Terminado,Clima Extremo (Inundaciones severas),"se reportaron lluvias que retarsaron servicio en la lineas: 2,3,4,5,8",https://x.com/MetroCDMX/status/1812609289195839773?ref_src=twsrc%5Etfw%7Ctwcamp%5Etweetembed%7Ctwterm%5E1812609289195839773%7Ctwgr%5E645df50b18586ba588f692a7252509f88578881f%7Ctwcon%5Es1_&ref_url=https%3A%2F%2Fwww.tvazteca.com%2Faztecanoticias%2Fmetro-cdmx-en-vivo-que-pasa-hoy-domingo-14-julio-2024-minuto-a-minuto,,"Debido a lluvia, se implementa marcha de seguridad en las Líneas 3, 4, 8, 9, A, B y 12, por lo que el avance de los trenes es lento. Toma previsiones.
4:05 p. m."
ANOM-49,2022-07-17 0:00:00,linea 7,polanco,Alza (Pico atípico),8414,10412,Terminado,"Evento Masivo (Concierto, partido, manifestación)",Diferentes eventos culturales y sociales se celebraron,https://www.vogue.mx/estilo-de-vida/articulo/eventos-fin-de-semana-en-cdmx-15-al-17-julio-2022,,
ANOM-61,2022-09-25 0:00:00,linea 7,barranca del muerto,Alza (Pico atípico),8298,17121,Terminado,"Evento Masivo (Concierto, partido, manifestación)","Concierto de grupo firme en el zocalo, movilizó a diferentes habitantes de la ciudad",https://www.cultura.cdmx.gob.mx/comunicacion/nota/315-22,https://www.facebook.com/nmas.com.mx/videos/reportan-z%C3%B3calo-lleno-para-concierto-de-grupo-firme/382778627403060/,El concierto en el zocalo movilizo a diversas personas de la ciudad para llegar al zocalo
ANOM-354,2026-01-10 0:00:00,linea 9,ciudad deportiva,Alza (Pico atípico),8027,14093,Terminado,Falla Oculta (No hay reporte oficial del incidente),"no se reportaron incidencia a pesar de la baja en la afluencia, solo reportaron retraso en los trenes de la linea",,,
ANOM-320,2025-10-18 0:00:00,linea 9,tacubaya,Alza (Pico atípico),7972,58774,Terminado,"Evento Masivo (Concierto, partido, manifestación)",defile de alebrijes y marcha zombie,https://www.infobae.com/mexico/2025/10/18/metro-cdmx-y-metrobus-hoy-18-de-octubre/,,"Desde el día de ayer, 17 de octubre, el Metrobús informó que por el Desfile de Alebrijes y la Marcha Zombie del 18 de octubre modificará sus servicios, quedando de la siguiente manera:

SIN SERVICIO

Línea 1, de 14 a 18 horas: estaciones Hamburgo, Reforma y Buenavista II. (Ruta Indios Verdes - Pueblo Sta. Cruz Atoyac).
Línea 3, de 14 a 19 horas: estaciones Mina, Balderas y Buenavista II.
Línea 4, de 12 a 19 horas: estaciones Buenavista IV, Bellas Artes y Amajac. (Servicio a Aeropuerto sin afectación).
Línea 7, de 12 a 20 horas: estaciones Campo Marte e Hidalgo. (Ruta Alameda Tacubaya - París)."
ANOM-74,2022-12-22 0:00:00,linea 2,tacuba,Alza (Pico atípico),7724,34333,Terminado,Falla Oculta (No hay reporte oficial del incidente),No hay reportes oficiales ni información que explique directamente el incremento significativo de afluencia,https://www.nmas.com.mx/ciudad-de-mexico/marchas-hoy-22-diciembre-2022-cdmx-manifestaciones-bloqueos/,https://www.nmas.com.mx/ciudad-de-mexico/marchas-hoy-22-diciembre-2022-cdmx-manifestaciones-bloqueos/,"Podría ser una combinación de varios eventos como la implementación del programa ""no circula"", proximidad con navidad, manifestaciones e incluso reportes de humo en la línea 3 con la que existe un transbordo con la línea 2"
ANOM-40,2022-05-01 0:00:00,linea a,los reyes,Alza (Pico atípico),7406,14372,Terminado,Feriado No Oficial / Cultural,"Día del trabajo y domingo coincidieron, además de manifestaciones en diferentes puntos de la ciudad",https://www.eluniversal.com.mx/tendencias/hay-puente-este-1-de-mayo-2022-aqui-te-decimos-los-dias-de-descanso/,https://www.eluniversal.com.mx/metropoli/estas-son-las-marchas-y-concentraciones-previstas-para-este-1-de-mayo-en-la-cdmx-organizaciones-conmemoran-dia-del-trabajo/,"Varios eventos sucedieron este día, como el hecho de ser domingo, dia del trabajo, programa muevete en bici y diferentes tipos de manifestaciones en la ciudad"
ANOM-119,2023-06-03 0:00:00,linea 8,san juan de letrán,Alza (Pico atípico),7302,35784,Terminado,"Evento Masivo (Concierto, partido, manifestación)",Concierto en la explanada del Zócalo,https://www.tvazteca.com/aztecanoticias/metro-cdmx-vivo-que-pasa-hoy-sabado-3-junio,https://www.infobae.com/mexico/2023/06/03/metro-hoy-3-de-junio-stc-inicio-operaciones-sin-retrasos-en-las-12-lineas/,"Concierto en la explanada del Zócalo y la estacion Zócalo se mantuvieron cerrada, esta estacion se uso como alternativa."
ANOM-317,2025-10-16 0:00:00,linea 6,martín carrera,Alza (Pico atípico),7120,35005,Terminado,"Evento Masivo (Concierto, partido, manifestación)","congestión vial en el Metrobús Línea 1, así como por la presencia de una peregrinación en la zona,",https://www.facebook.com/groups/493992939456328/posts/1200741342114814/,https://www.infobae.com/mexico/2025/10/16/metro-cdmx-y-metrobus-hoy-16-de-octubre/,"la zona de la estación Martín Carrera (Línea 4/6) presentó un ""super caos"" y retrasos significativos. Esto fue ocasionado principalmente por congestión vial en el Metrobús Línea 1, así como por la presencia de una peregrinación en la zona, lo que afectó la movilidad de los usuarios."
ANOM-104,2023-03-30 0:00:00,linea 9,ciudad deportiva,Alza (Pico atípico),7048,15172,Terminado,"Falla Técnica / Eléctrica (Cortocircuito, energía)",Retrasos de trenes de hasta 20 minutos ,https://www.adn40.mx/ciudad/metro-cdmx-hoy-30-marzo-2023-retrasos-lineas-9-7-y-b/,,Retrasos de trenes de hasta 20 minutos 
ANOM-73,2022-12-18 0:00:00,linea 7,polanco,Alza (Pico atípico),6860,8863,Terminado,"Evento Masivo (Concierto, partido, manifestación)",Se reportó incremento de afluencia en diferentes partes de la ciudad por la final de la copa del mundo de futbol 2022 ,https://politica.expansion.mx/cdmx/2022/12/18/enfotos-aficionados-celebran-en-cdmx-triunfo-de-argentina-en-qatar,,El final del mundia de futbol y combinado con fechas proximas de festividades de diciembre aumentó la afluencia en diferentes puntos de la ciudad
ANOM-166,2024-01-14 0:00:00,linea a,santa marta,Alza (Pico atípico),6534,19138,Terminado,Falsa Alarma (Se investigó y fue ruido normal),,,,
ANOM-56,2022-09-08 0:00:00,linea 1,balderas,Alza (Pico atípico),6454,32760,Terminado,Clima Extremo (Inundaciones severas),Combinación de lluvias e inicio de la linea 1 por cierre parcial de la linea 1 del metro,https://www.chilango.com/noticias/aguas-con-la-lluvia-conoce-pronostico-del-clima-cdmx-edomex/,https://www.chilango.com/noticias/aguas-con-la-lluvia-conoce-pronostico-del-clima-cdmx-edomex/,Hubo lluvias en la alcaldía lo que provocó la marcha lenta y la aglomeración de personas en el metro
ANOM-125,2023-07-30 0:00:00,linea 5,politécnico,Alza (Pico atípico),6153,12679,Terminado,Clima Extremo (Inundaciones severas),Debido a las fuertes lluvias provo la caida de un arbol,https://www.infobae.com/mexico/2024/07/30/metro-cdmx-y-metrobus-hoy-30-de-julio/,,Debido a las fuertes lluvias provo la caida de un arbol  entre Instituto del Petroleo y Autobuses del Norte por lo que no hubo servicio de Autobuses del Norte a Instituto Politecnico 
ANOM-229,2024-10-19 0:00:00,linea a,pantitlán,Alza (Pico atípico),5972,30210,Terminado,"Falla Mecánica (Tren averiado, puertas, desalojo)","a Línea A se afectó debido al daño en la catenaria de uno de los trenes,",https://lasillarota.com/metropoli/2023/10/19/metro-pantitlan-cdmx-asi-fue-el-caos-desalojo-este-jueves-19-de-octubre-452978.html,,
ANOM-194,2024-04-10 0:00:00,linea 5,politécnico,Alza (Pico atípico),5645,35157,Terminado,Falsa Alarma (Se investigó y fue ruido normal),,,,
ANOM-319,2025-10-18 0:00:00,linea 4,jamaica,Alza (Pico atípico),5528,12969,Terminado,"Evento Masivo (Concierto, partido, manifestación)",defile de alebrijes y marcha zombie,https://www.infobae.com/mexico/2025/10/18/metro-cdmx-y-metrobus-hoy-18-de-octubre/,,"Desde el día de ayer, 17 de octubre, el Metrobús informó que por el Desfile de Alebrijes y la Marcha Zombie del 18 de octubre modificará sus servicios, quedando de la siguiente manera:

SIN SERVICIO

Línea 1, de 14 a 18 horas: estaciones Hamburgo, Reforma y Buenavista II. (Ruta Indios Verdes - Pueblo Sta. Cruz Atoyac).
Línea 3, de 14 a 19 horas: estaciones Mina, Balderas y Buenavista II.
Línea 4, de 12 a 19 horas: estaciones Buenavista IV, Bellas Artes y Amajac. (Servicio a Aeropuerto sin afectación).
Línea 7, de 12 a 20 horas: estaciones Campo Marte e Hidalgo. (Ruta Alameda Tacubaya - París)."
ANOM-318,2025-10-18 0:00:00,linea 1,candelaria,Alza (Pico atípico),5503,23881,Terminado,"Incidente Externo (Persona en vías, riña, salud)",retiro de persona ajena en zona de vias,https://x.com/MetroCDMX/status/1979592471966335042?ref_src=twsrc%5Etfw%7Ctwcamp%5Etweetembed%7Ctwterm%5E1979592471966335042%7Ctwgr%5E311fb6d375ffbffe8c61f496dcde9ad8e8eecc65%7Ctwcon%5Es1_&ref_url=https%3A%2F%2Fwww.tvazteca.com%2Faztecanoticias%2Fque-pasa-metro-cdmx-hoy-sabado-18-octubre-2025,https://x.com/MetroCDMX/status/1979592471966335042?ref_src=twsrc%5Etfw%7Ctwcamp%5Etweetembed%7Ctwterm%5E1979592471966335042%7Ctwgr%5E311fb6d375ffbffe8c61f496dcde9ad8e8eecc65%7Ctwcon%5Es1_&ref_url=https%3A%2F%2Fwww.tvazteca.com%2Faztecanoticias%2Fque-pasa-metro-cdmx-hoy-sabado-18-octubre-2025,"circulación de los trenes en la Línea 2, después de realizar maniobras para retirar a una persona ajena al Sistema en zona de vías. Respeta la línea amarilla de seguridad y por ningún motivo bajes a las vías."
ANOM-310,2025-09-13 0:00:00,linea 9,ciudad deportiva,Alza (Pico atípico),5473,13308,Terminado,Clima Extremo (Inundaciones severas),fuertes lluvias,https://www.nmas.com.mx/ciudad-de-mexico/estaciones-metro-cdmx-cerradas-hoy-17-de-septiembre-2025-lineas-servicio-retrasado-lluvias/,,"El 13 de septiembre de 2025, la estación Ciudad Deportiva (Línea 9) experimentó retrasos y marcha lenta en los trenes debido a las lluvias intensas en la CDMX. La marcha lenta de seguridad se implementó en múltiples líneas (2, 3, 4, 5, 8, 9, 12 y A) ese día, afectando el tiempo de traslado de los usuarios según reportaron autoridades y redes sociales."
ANOM-213,2024-07-17 0:00:00,linea 1,boulevard puerto aéreo,Alza (Pico atípico),5422,18910,Terminado,Clima Extremo (Inundaciones severas),"En Boulevard Puerto Aéreo, encharcamiento de 300 m lineales mantiene paralizada la circulación salvo el paso de motocicletas",https://mvsnoticias.com/nacional/cdmx/2024/7/17/reanuda-circulacion-en-boulevard-puerto-aereo-ante-fuertes-lluvias-648645.html,,a las 7:30 de la tarde usuario reporto en twitter encharcamientos en 300m
ANOM-2,2022-01-02 0:00:00,linea 2,colegio militar,Alza (Pico atípico),5414,3250,Terminado,Feriado No Oficial / Cultural,Afluencia a la alza dado eventos de temporada de inicio de año e inicio de recuperación de periodo postpandemia,,,se registró a la alza por que el transporte público comenzaba a operar y a recuperarse tras los niveles bajos de la pandemia aunque las autoridades aún no decretaban oficialmente el final de la emergencia sanitaria
ANOM-296,2025-05-20 0:00:00,linea 2,hidalgo,Alza (Pico atípico),5220,33251,Terminado,"Incidente Externo (Persona en vías, riña, salud)",se detuvo la linea 2 por persona en vías afectando la estación de hidalgo,https://www.infobae.com/mexico/2025/05/20/metro-cdmx-y-metrobus-hoy-20-de-mayo/,,"se suspendió el servicio en la Línea 2 del Metro CDMX, afectando la estación Hidalgo, debido al rescate de una persona que cayó a las vías, presuntamente al arrojarse al paso del tren"
ANOM-322,2025-10-26 0:00:00,linea 3,hidalgo,Alza (Pico atípico),5180,21217,Terminado,"Cierre Programado (Mantenimiento, remodelación)","presentó cierres anticipados en el servicio de la Línea 1 (finalizando a las 22:00 horas) y reportes de alta afluencia. Además, hubo un fuerte operativo de seguridad en el transcurso de esos días debido a la concurrida celebración religiosa de San Judas Tadeo",https://www.metro.cdmx.gob.mx/comunicacion/nota/el-operativo-especial-en-estacion-hidalgo-lineas-2-y-3-concluyo-sin-incidentes,,
ANOM-44,2022-06-17 0:00:00,linea 3,zapata,Alza (Pico atípico),5096,38414,Terminado,Clima Extremo (Inundaciones severas),"Debido a lluvias de la tarde la gente se movilizó y refugio en la zona, siendo una de estas el metro",https://www.facebook.com/nmas.com.mx/videos/cae-parte-del-techo-en-centro-comercial-en-cdmx-por-lluvia/3216406338647956/,,La lluvia en la alcaldía de la estación provoco que la gente se resguardara en el metro
ANOM-305,2025-07-28 0:00:00,linea 1,san lázaro,Alza (Pico atípico),5077,24635,Terminado,"Falla Mecánica (Tren averiado, puertas, desalojo)","Usuarios reportan que los trenes en la Línea B, que corre de Buenavista a Ciudad Azteca, no avanzan esta mañana, por lo que al estar conectada con san lazaro se pudo presentar alta afluencia",https://www.tvazteca.com/aztecanoticias/metro-cdmx-en-vivo-que-pasa-hoy-lunes-28-julio-2025-minuto-a-minuto,,
ANOM-307,2025-08-18 0:00:00,linea 1,san lázaro,Alza (Pico atípico),5068,25758,Terminado,Falla Oculta (No hay reporte oficial del incidente),"Usuarios aseguran que hay alta afluencia de personas en la Línea 12, que corre de Tláhuac a Mixcoac. Piden al STC que agilicen el paso de trenes.",https://www.tvazteca.com/aztecanoticias/metro-cdmx-en-vivo-que-pasa-hoy-lunes-18-agosto-2025-retrasos-cierre-estaciones-minuto-a-minuto,,
ANOM-25,2022-04-09 0:00:00,linea 7,polanco,Alza (Pico atípico),5045,12984,Terminado,Contingencia Ambiental,"Implementación del programa ""no circula""",https://www.milenio.com/politica/comunidad/hoy-no-circula-cdmx-programa-sabatino-9-abril-2022,,La implementación de no circula de vehiculos por parte del gobierno de la cdmx provocó que la gente se transportara en metro
ANOM-330,2025-11-13 0:00:00,linea a,los reyes,Alza (Pico atípico),5044,27109,Terminado,"Falla Mecánica (Tren averiado, puertas, desalojo)",se reportaron retrasos en la linea y estaciones como el zocalo permanecieron cerradas ese dia,https://www.reporteindigo.com/metro-cdmx-hoy-13-noviembre-2025-retrasos-lineas-estaciones-cerradas-afectaciones-y-alta-afluencia-lb202511130001.html,,
ANOM-105,2023-03-31 0:00:00,linea 8,garibaldi/lagunilla,Alza (Pico atípico),4926,24637,Terminado,"Falla Técnica / Eléctrica (Cortocircuito, energía)",Retrasos de trenes de hasta 20 minutos ,https://www.tvazteca.com/aztecanoticias/metro-cdmx-que-pasa-hoy-viernes-31-marzo-2023,https://www.adn40.mx/ciudad/metro-cdmx-hoy-31-marzo-2023-caos-retrasos-la-linea-3/,Retraso significativo en pasar los trenes 
ANOM-228,2024-09-30 0:00:00,linea 1,san lázaro,Alza (Pico atípico),4805,21089,Terminado,"Evento Masivo (Concierto, partido, manifestación)",vísperas de la toma de protesta de Claudia Sheinbaum Pardo como Presidenta de México.,https://www.posta.com.mx/mexico/blindan-el-palacio-legislativo-de-san-lazaro-a-pocos-dias-de-la-toma-de-protesta/v-vl1616713,,
ANOM-341,2025-12-21 0:00:00,linea 3,zapata,Alza (Pico atípico),4759,8294,Terminado,Falla Oculta (No hay reporte oficial del incidente),"no se reportaron incidencia a pesar de la alta en la afluencia, solo reportaron retraso en los trenes de la linea",https://www.reporteindigo.com/metro-cdmx-hoy-21-de-diciembre-de-2025-retrasos-estaciones-cerradas-afectaciones-y-afluencia-lb202512210005.html,https://www.tvazteca.com/aztecanoticias/metro-cdmx-en-vivo-avance-trenes-fallas-hoy-21-diciembre-2025/,
ANOM-133,2023-09-16 0:00:00,linea 3,deportivo 18 de marzo,Alza (Pico atípico),4697,11777,Terminado,"Evento Masivo (Concierto, partido, manifestación)",Concierto en el Foro Cultural Hilvana ,https://www.dondeir.com/musica/las-ultrasonicas-daran-un-concierto-especial-en-la-cdmx/2023/07/,https://www.tvazteca.com/aztecanoticias/metro-cdmx-en-vivo-que-pasa-hoy-sabado-16-septiembre,El deportivo 18 de marzo realizo un concierto en el Foro Cultural Hilvana 
ANOM-51,2022-08-07 0:00:00,linea 2,colegio militar,Alza (Pico atípico),4631,4757,Terminado,Clima Extremo (Inundaciones severas),Combinación de lluvias y ruta alterna al cierre de la linea 1 del metro,https://www.informador.mx/mexico/Clima-en-Ciudad-de-Mexico-hoy-el-pronostico-para-el-domingo-7-de-agosto-de-2022-20220807-0004.html,,Hubo lluvias en la alcaldía lo que provocó la marcha lenta y la aglomeración de personas en el metro
ANOM-26,2022-04-10 0:00:00,linea 3,coyoacán,Alza (Pico atípico),4572,10641,Terminado,Evento Cívico / Jornada Electoral ,"Jornada electoral ""Revocación del mandato""",https://www.ine.mx/wp-content/uploads/2022/04/Informe-Delian_-RevocatoriaMandato.pdf,,Elecciones realizadas para la revocación del mandato del presidente del periodo Andres Manuel Lopez Obrador
ANOM-39,2022-05-01 0:00:00,linea 8,atlalilco,Alza (Pico atípico),4466,9350,Terminado,Feriado No Oficial / Cultural,"Día del trabajo y domingo coincidieron, además de manifestaciones en diferentes puntos de la ciudad",https://www.eluniversal.com.mx/tendencias/hay-puente-este-1-de-mayo-2022-aqui-te-decimos-los-dias-de-descanso/,https://www.eluniversal.com.mx/metropoli/estas-son-las-marchas-y-concentraciones-previstas-para-este-1-de-mayo-en-la-cdmx-organizaciones-conmemoran-dia-del-trabajo/,"Varios eventos sucedieron este día, como el hecho de ser domingo, dia del trabajo, programa muevete en bici y diferentes tipos de manifestaciones en la ciudad"
ANOM-36,2022-05-01 0:00:00,linea 3,tlatelolco,Alza (Pico atípico),4435,7473,Terminado,Feriado No Oficial / Cultural,"Día del trabajo y domingo coincidieron, además de manifestaciones en diferentes puntos de la ciudad",https://www.eluniversal.com.mx/tendencias/hay-puente-este-1-de-mayo-2022-aqui-te-decimos-los-dias-de-descanso/,https://www.eluniversal.com.mx/metropoli/estas-son-las-marchas-y-concentraciones-previstas-para-este-1-de-mayo-en-la-cdmx-organizaciones-conmemoran-dia-del-trabajo/,"Varios eventos sucedieron este día, como el hecho de ser domingo, dia del trabajo, programa muevete en bici y diferentes tipos de manifestaciones en la ciudad"
ANOM-5,2022-01-02 0:00:00,linea a,tepalcates,Alza (Pico atípico),4418,7941,Terminado,Feriado No Oficial / Cultural,Afluencia a la alza dado eventos de temporada de inicio de año e inicio de recuperación de periodo postpandemia,,,se registró a la alza por que el transporte público comenzaba a operar y a recuperarse tras los niveles bajos de la pandemia aunque las autoridades aún no decretaban oficialmente el final de la emergencia sanitaria
ANOM-23,2022-04-05 0:00:00,linea 2,revolución,Alza (Pico atípico),4346,24105,Terminado,"Evento Masivo (Concierto, partido, manifestación)","Evento ""Gran remate de libros""",https://www.cultura.cdmx.gob.mx/comunicacion/nota/208-22,,El evento justifica la alza de afluencia en la estación
ANOM-93,2023-02-14 0:00:00,linea b,múzquiz,Alza (Pico atípico),4284,31834,Terminado,Falla Oculta (No hay reporte oficial del incidente),se reportó retraso de trenes en la linea b ese día,https://www.infobae.com/mexico/2024/02/14/metro-y-metrobus-cdmx-hoy-noticias-retrasos-avances-y-fallas-en-las-lineas-este-14-de-febrero/,,
ANOM-48,2022-07-10 0:00:00,linea 6,lindavista,Alza (Pico atípico),4268,6958,Terminado,Falsa Alarma (Se investigó y fue ruido normal),"No hay reportes destacados, mas que eventos locales",,,
ANOM-42,2022-06-01 0:00:00,linea 2,ermita,Alza (Pico atípico),4150,20553,Terminado,"Evento Masivo (Concierto, partido, manifestación)",Manifestación de transportistas,https://www.infobae.com/america/mexico/2022/06/01/paro-de-transportistas-en-la-cdmx-podria-iniciar-a-las-7-de-la-manana-prepara-rutas-alternas/,https://www.debate.com.mx/cdmx/Manifestaciones-y-protestas-en-CDMX-para-este-miercoles-1-de-junio-20220601-0063.html,Manifestantes transportistas cerraron vialidades en diferentes puntos de la ciudad
ANOM-47,2022-07-10 0:00:00,linea 1,candelaria,Alza (Pico atípico),4134,12292,Terminado,"Incidente Externo (Persona en vías, riña, salud)","Ante el cierre de la Línea 1 del Metro, reportaron la muerte de un usuario que se arrojó a las vías del tren",https://www.infobae.com/america/mexico/2022/07/10/ante-el-cierre-de-la-linea-1-del-metro-reportaron-la-muerte-de-un-usuario-que-se-arrojo-a-las-vias-del-tren/,,
ANOM-355,2026-01-11 0:00:00,linea 7,mixcoac,Alza (Pico atípico),3911,8833,Terminado,"Cierre Programado (Mantenimiento, remodelación)",servicio inició con retrasos generalizados por ser domingo y debido a los protocolos de revisión tras un sismo ocurrido a principios de mes.,"https://www.reporteindigo.com/ultimas-noticias-metro-cdmx-hoy-11-de-enero-de-2026-retrasos-afluencia-y-lineas-sin-servicio-lb202601110001.html

",,
ANOM-208,2024-05-26 0:00:00,linea 8,iztapalapa,Alza (Pico atípico),3865,10850,Terminado,Falsa Alarma (Se investigó y fue ruido normal),no se reportaron incidentes ,,,
ANOM-331,2025-11-14 0:00:00,linea 1,gómez farias,Alza (Pico atípico),3790,30371,Terminado,Efecto Sustitución (Falla en Metrobús u otra línea o estación),"se reportaron retrasos pero en otras lineas: A, 2, 3 y 7",https://www.reporteindigo.com/que-pasa-en-el-metro-cdmx-hoy-14-de-noviembre-2025-lb202511140002.html,,
ANOM-178,2024-03-23 0:00:00,linea 6,lindavista,Alza (Pico atípico),3728,15116,Terminado,Falla Oculta (No hay reporte oficial del incidente),Retrasos por detenciones prolongadas,https://www.tvazteca.com/aztecanoticias/metro-cdmx-en-vivo-que-pasa-hoy-sabado-23-marzo-2024-en-semana-santa,,Retrasos en el servicio sin registro de la causa oficial
ANOM-152,2023-12-16 0:00:00,linea 9,ciudad deportiva,Alza (Pico atípico),3708,10603,Terminado,"Evento Masivo (Concierto, partido, manifestación)",Concierto en el Foro Sol,https://www.marca.com/mx/trending/musica/2023/12/16/657ded31e2704ee7578b457a.html,,Estacion cerca del concierto de RBD en el Foro Sol 
ANOM-256,2024-12-22 0:00:00,linea b,villa de aragón,Alza (Pico atípico),3684,6460,Terminado,Contingencia Ambiental,La Dirección de Monitoreo Atmosférico de la Ciudad de México publicó su reporte de este 22 de diciembre a las 15:00 horas sobre la calidad del aire en la capital del país y zona conurbada del Estado de México.,,,"fue un dia con contingencia ambiental, no se encontró información pero coincide con el día y justamente hay aumento en las dos estaciones posiblemente por el no circula"
ANOM-221,2024-08-26 0:00:00,linea 2,colegio militar,Alza (Pico atípico),3637,18910,Terminado,"Incidente Externo (Persona en vías, riña, salud)",se normaliza circulación en línea 2 tras persecución en estación San Cosme,https://www.infobae.com/mexico/2025/08/26/metro-cdmx-y-metrobus-hoy-26-de-agosto/,,"Se registró intensa presencia de la SSC en estaciones de la Línea 2 (Normal, San Cosme) por la persecución de personas implicadas en delitos externos, lo que causó retrasos en las demás estaciones"
ANOM-54,2022-08-23 0:00:00,linea b,san lázaro,Alza (Pico atípico),3584,24374,Terminado,Clima Extremo (Inundaciones severas),Combinación de lluvias y ruta alterna al cierre de la linea 1 del metro,https://www.debate.com.mx/cdmx/Hoy-23-de-agosto-maxima-de-24C-y-fuertes-lluvias-al-sur-y-poniente-de-CDMX-20220823-0040.html,,Hubo lluvias en la alcaldía lo que provocó la marcha lenta y la aglomeración de personas en el metro
ANOM-326,2025-11-03 0:00:00,linea 2,portales,Alza (Pico atípico),3523,23094,Terminado,Feriado No Oficial / Cultural,no se reportaron incidencias pero la fecha esta cerca de dia de muertos,,,
ANOM-110,2023-04-16 0:00:00,linea 2,general anaya,Alza (Pico atípico),3480,12370,Terminado,Falsa Alarma (Se investigó y fue ruido normal),,,,
ANOM-53,2022-08-11 0:00:00,linea b,lagunilla,Alza (Pico atípico),3436,22165,Terminado,Clima Extremo (Inundaciones severas),Lluvias extremas,https://es-us.noticias.yahoo.com/colonia-centro-afectada-lluvias-cuauht%C3%A9moc-122947223.html,,La colonia del metro fue de las mas afectadas por lluvias
ANOM-171,2024-01-28 0:00:00,linea 3,zapata,Alza (Pico atípico),3428,9311,Terminado,Falsa Alarma (Se investigó y fue ruido normal),,,,
ANOM-19,2022-04-02 0:00:00,linea 2,colegio militar,Alza (Pico atípico),3288,9150,Terminado,Contingencia Ambiental,"Implementación del programa ""no circula""",https://heraldodemexico.com.mx/nacional/2022/4/1/hoy-no-circula-sabatino-de-abril-2022-que-carros-descansan-en-cdmx-edomex-calendario-392127.html,,La implementación de no circula de vehiculos por parte del gobierno de la cdmx provocó que la gente se transportara en metro
ANOM-255,2024-12-22 0:00:00,linea 3,viveros/derechos humanos,Alza (Pico atípico),3221,10873,Terminado,Contingencia Ambiental,La Dirección de Monitoreo Atmosférico de la Ciudad de México publicó su reporte de este 22 de diciembre a las 15:00 horas sobre la calidad del aire en la capital del país y zona conurbada del Estado de México.,https://www.infobae.com/mexico/2024/12/22/contingencia-ambiental-en-cdmx-la-calidad-del-aire-del-22-de-diciembre/,,
ANOM-76,2022-12-25 0:00:00,linea 5,instituto del petróleo,Alza (Pico atípico),3183,1052,Terminado,Falsa Alarma (Se investigó y fue ruido normal),No hay reportes ni información para explicar con certeza la anomalía,,,"No hay información ni reportes oficiales para explicar la anomalía, aunque podría ser atribuido que fue derivado al movimiento de navidad y que fue la primera navidad con el cierre parcial de la linea 1"
ANOM-209,2024-05-31 0:00:00,linea 12,calle 11,Alza (Pico atípico),3142,14413,Terminado,Falsa Alarma (Se investigó y fue ruido normal),no se reportaron incidentes ,,,
ANOM-50,2022-07-31 0:00:00,linea b,villa de aragón,Alza (Pico atípico),3089,5116,Terminado,Clima Extremo (Inundaciones severas),Combinación de lluvias y ruta alterna al cierre de la linea 1 del metro,https://www.informador.mx/mexico/Clima-en-Ciudad-de-Mexico-hoy-el-pronostico-para-el-domingo-31-de-julio-de-2022-20220731-0004.html,,Hubo lluvias en la alcaldía lo que provocó la marcha lenta y la aglomeración de personas en el metro
ANOM-199,2024-05-01 0:00:00,linea a,acatitla,Alza (Pico atípico),3058,17491,Terminado,"Incidente Externo (Persona en vías, riña, salud)",se día se caracterizó por marchas y concentraciones por el Día del Trabajo,,,
ANOM-82,2023-01-01 0:00:00,linea 8,cerro de la estrella,Alza (Pico atípico),2896,3270,Terminado,Contingencia Ambiental,Implementación de fase preventiva en la ciudad de méxico,https://www.adn40.mx/ciudad/cdmx-calidad-del-aire-extremadamente-mala-ano-nuevo-app/,https://www.excelsior.com.mx/comunidad/contingencia-ambiental-cdmx-y-edomex-hoy-1-enero-2023/1561659,Es probable que la mala calidad del aire y el ser 1 de enero provocara la baja afluencia
ANOM-167,2024-01-19 0:00:00,linea 8,doctores,Alza (Pico atípico),2894,15303,Terminado,Falla Oculta (No hay reporte oficial del incidente),Usuarios registraron retraso en el servicio de la Linea 8,https://www.infobae.com/mexico/2024/01/19/metro-y-metrobus-cdmx-hoy-noticias-retrasos-avances-y-fallas-en-las-lineas-este-19-de-enero/,,
ANOM-344,2025-12-21 0:00:00,linea 8,escuadrón 201,Alza (Pico atípico),2844,10855,Terminado,"Falla Mecánica (Tren averiado, puertas, desalojo)",la línea en su totalidad experimentó retrasos considerables debido al retiro de un tren para revisión técnica.,https://www.tvazteca.com/aztecanoticias/metro-cdmx-en-vivo-avance-trenes-fallas-hoy-21-diciembre-2025/,,
ANOM-333,2025-11-17 0:00:00,linea 2,portales,Alza (Pico atípico),2804,15720,Terminado,Efecto Sustitución (Falla en Metrobús u otra línea o estación),"No se reportatron incidentes, solamente retrasos en los vagones",,,
ANOM-21,2022-04-03 0:00:00,linea 2,xola,Alza (Pico atípico),2796,7288,Terminado,"Evento Masivo (Concierto, partido, manifestación)",Efecto secundario del concierto de coldplay,https://www.jornada.com.mx/notas/2022/04/04/cultura/coldplay-eleva-a-65-mil-corazones-en-el-foro-sol/,,"Es una estación en la zona relacionada al foro sol, por lo que la anomalía es una consecuencia del evento"
ANOM-123,2023-07-17 0:00:00,linea 12,culhuacán,Alza (Pico atípico),2789,7234,Terminado,Efecto Sustitución (Falla en Metrobús u otra línea o estación),Reanudación del servicio del tramo Atlalilco a Periferico Oriente,https://aristeguinoticias.com/1507/mexico/linea-12-reabren-5-estaciones-a-dos-anos-del-colapso/,,Se reabrieron 5 estaciones despues del cierre derivado del colapso de un tramo de la linea 
ANOM-251,2024-12-11 0:00:00,linea 5,misterios,Alza (Pico atípico),2768,11055,Terminado,Falsa Alarma (Se investigó y fue ruido normal),,,,
ANOM-164,2024-01-10 0:00:00,linea 3,eugenia,Alza (Pico atípico),2766,15050,Terminado,Falla Oculta (No hay reporte oficial del incidente),Usuarios registraron retrasos en los trenes y largas demoras,https://www.tvazteca.com/aztecanoticias/metro-cdmx-en-vivo-que-pasa-hoy-miercoles-10-enero-2024,,
ANOM-165,2024-01-11 0:00:00,linea 3,centro médico,Alza (Pico atípico),2676,18139,Terminado,Falla Oculta (No hay reporte oficial del incidente),Usuarios registraron retrasos en los trenes y largas demoras,https://www.tvazteca.com/aztecanoticias/metro-cdmx-en-vivo-que-pasa-hoy-miercoles-10-enero-2024,,
ANOM-150,2023-12-08 0:00:00,linea 1,boulevard puerto aéreo,Alza (Pico atípico),2664,14767,Terminado,Falla Oculta (No hay reporte oficial del incidente),Usuarios registraron retrasos significativos ,https://www.tvazteca.com/aztecanoticias/metro-cdmx-en-vivo-que-pasa-hoy-viernes-8-diciembre-2023,,
ANOM-27,2022-04-10 0:00:00,linea 3,hospital general,Alza (Pico atípico),2638,5775,Terminado,Evento Cívico / Jornada Electoral ,"Jornada electoral ""Revocación del mandato""",https://www.ine.mx/wp-content/uploads/2022/04/Informe-Delian_-RevocatoriaMandato.pdf,,Elecciones realizadas para la revocación del mandato del presidente del periodo Andres Manuel Lopez Obrador
ANOM-193,2024-04-09 0:00:00,linea b,deportivo oceanía,Alza (Pico atípico),2499,16062,Terminado,Falsa Alarma (Se investigó y fue ruido normal),,https://www.nmas.com.mx/ciudad-de-mexico/que-paso-metro-cdmx-hoy-9-de-abril-2024-ultimas-noticias-retrasos-incidentes-lineas/,,
ANOM-87,2023-01-16 0:00:00,linea b,morelos,Alza (Pico atípico),2415,7169,Terminado,Efecto Sustitución (Falla en Metrobús u otra línea o estación),Retrasos en otras líneas provocaron el aumento de afluencia,https://www.excelsior.com.mx/comunidad/metro-cdmx-hoy-16-enero-2023-que-esta-pasando/1564575,,Retrasos en otras líneas pudieron provocar el incremento de afluencia en la estación
ANOM-3,2022-01-02 0:00:00,linea 7,san antonio,Alza (Pico atípico),2408,2852,Terminado,Feriado No Oficial / Cultural,Afluencia a la alza dado eventos de temporada de inicio de año e inicio de recuperación de periodo postpandemia,,,se registró a la alza por que el transporte público comenzaba a operar y a recuperarse tras los niveles bajos de la pandemia aunque las autoridades aún no decretaban oficialmente el final de la emergencia sanitaria
ANOM-329,2025-11-07 0:00:00,linea 12,lomas estrella,Alza (Pico atípico),2369,12453,Terminado,Falsa Alarma (Se investigó y fue ruido normal),no se reportaron incidencias,,,
ANOM-327,2025-11-04 0:00:00,linea 9,centro médico,Alza (Pico atípico),2360,18099,Terminado,Falla Oculta (No hay reporte oficial del incidente),se reportó alta afluencia pero sin incidentes,https://www.infobae.com/mexico/2025/11/04/metro-cdmx-y-metrobus-hoy-4-de-noviembre/,,
ANOM-328,2025-11-06 0:00:00,linea 8,obrera,Alza (Pico atípico),2357,15232,Terminado,"Falla Mecánica (Tren averiado, puertas, desalojo)",se reportaron avances detenidos ,https://www.reporteindigo.com/que-pasa-en-el-metro-cdmx-hoy-6-de-noviembre-2025-lb202511060003.html,,
ANOM-217,2024-08-04 0:00:00,linea b,deportivo oceanía,Alza (Pico atípico),2313,7035,Terminado,Falsa Alarma (Se investigó y fue ruido normal),Se reportó alta afluencia pero esperada ,,,
ANOM-37,2022-05-01 0:00:00,linea 4,canal del norte,Alza (Pico atípico),2207,4560,Terminado,Feriado No Oficial / Cultural,"Día del trabajo y domingo coincidieron, además de manifestaciones en diferentes puntos de la ciudad",https://www.eluniversal.com.mx/tendencias/hay-puente-este-1-de-mayo-2022-aqui-te-decimos-los-dias-de-descanso/,https://www.eluniversal.com.mx/metropoli/estas-son-las-marchas-y-concentraciones-previstas-para-este-1-de-mayo-en-la-cdmx-organizaciones-conmemoran-dia-del-trabajo/,"Varios eventos sucedieron este día, como el hecho de ser domingo, dia del trabajo, programa muevete en bici y diferentes tipos de manifestaciones en la ciudad"
ANOM-78,2022-12-25 0:00:00,linea b,guerrero,Alza (Pico atípico),2147,2260,Terminado,Falsa Alarma (Se investigó y fue ruido normal),No hay reportes ni información para explicar con certeza la anomalía,,,"No hay información ni reportes oficiales para explicar la anomalía, aunque podría ser atribuido que fue derivado al movimiento de navidad y que fue la primera navidad con el cierre parcial de la linea 1"
ANOM-34,2022-04-24 0:00:00,linea 7,aquiles serdán,Alza (Pico atípico),2102,4187,Terminado,"Evento Masivo (Concierto, partido, manifestación)",Posible alza por manifestación,https://www.infobae.com/america/mexico/2022/04/24/mexico-feminicida-las-manifestaciones-que-desato-el-feminicidio-de-debanhi-escobar-y-de-las-10-mujeres-que-mueren-diariamente-en-el-pais/,https://politica.expansion.mx/cdmx/2022/04/24/ni-una-menos-mujeres-protestan-en-la-cdmx-por-debanhi-y-la-violencia,Manifestación de mujeres
ANOM-72,2022-12-14 0:00:00,linea a,acatitla,Alza (Pico atípico),2094,23432,Terminado,Falla Oculta (No hay reporte oficial del incidente),No hay reporte oficial que explique los retrasos pero hay registros de personas en redes sociales que se quejaron de retrasos en diferentes líneas dle metro entre ellas la línea a,https://www.tvazteca.com/aztecanoticias/metro-cdmx-que-pasa-hoy-miercoles-14-diciembre-2022-emsb,,La causa de los retrasos se desconoce pero podemos saber que hubieron retrasos en el servicio dado que usuarios lo reportaron en redes sociales
ANOM-346,2025-12-21 0:00:00,linea b,plaza aragón,Alza (Pico atípico),2087,13141,Terminado,"Falla Mecánica (Tren averiado, puertas, desalojo)",experimentó retrasos considerables y marcha lenta debido al retiro de un tren para revisión técnica en la línea.,https://www.reporteindigo.com/metro-cdmx-hoy-21-de-diciembre-de-2025-retrasos-estaciones-cerradas-afectaciones-y-afluencia-lb202512210005.html,,
ANOM-112,2023-04-21 0:00:00,linea a,acatitla,Alza (Pico atípico),2076,17411,Terminado,"Falla Técnica / Eléctrica (Cortocircuito, energía)",La linea A presento avances lento y tiempos prolongados ,https://lasillarota.com/metropoli/2023/4/21/como-va-el-metro-de-la-cdmx-hoy-viernes-21-de-abril-de-2023-mapa-425099.html,,La linea A presento avances lento y tiempos prolongados en diversas estaciones
ANOM-89,2023-01-18 0:00:00,linea 12,zapata,Alza (Pico atípico),2072,6641,Terminado,Falla Oculta (No hay reporte oficial del incidente),"Retrasos en la línea tras reapertura, no hay reportes oficiales pero los usuarios reportaron los retrasos, probablemente por la recuperación de afluencia tras reapertura",https://www.cronica.com.mx/metropoli/reapertura-l12-metro-usuarios-reportan-avance-lento-son-compresivos.html,,"La linea completa estuvo cerrada tras quedar inhabilitada por el accidente de la caida, para esta fecha llevaba una semana de reabrirse parcialmente, por lo que la afluencia fue en aumento y se fue recuperando, pero esto tambien como consecuencia de los retrasos que tuvo la linea en general por su reapertura"
ANOM-18,2022-03-27 0:00:00,linea 7,aquiles serdán,Alza (Pico atípico),2039,3953,Terminado,Falsa Alarma (Se investigó y fue ruido normal),Sin datos suficientes,,,No se encontrarón causas para la baja de afluencia además de ser día domingo
ANOM-67,2022-10-30 0:00:00,linea 8,apatlaco,Alza (Pico atípico),1904,10378,Terminado,"Evento Masivo (Concierto, partido, manifestación)",La estación funcionó como conexión a otras estaciones debido a cierres en otras estaciones dado el desfile de día de muertos,https://www.elfinanciero.com.mx/cdmx/2022/10/29/desfile-de-dia-de-muertos-2022-cuales-son-las-lineas-del-metrobus-que-modificaran-horarios/,https://www.elfinanciero.com.mx/cdmx/2022/10/29/desfile-de-dia-de-muertos-2022-cuales-son-las-lineas-del-metrobus-que-modificaran-horarios/,Dado el desfile de día de muertos la estación funcionó como conexión para llegar al centro de la ciudad
ANOM-7,2022-01-03 0:00:00,linea 7,camarones,Alza (Pico atípico),1814,11419,Terminado,Falsa Alarma (Se investigó y fue ruido normal),Afluencia a la alza dado eventos de temporada de día de reyes e inicio de recuperación de periodo postpandemia,,,se registró a la alza por que el transporte público comenzaba a operar y a recuperarse tras los niveles bajos de la pandemia aunque las autoridades aún no decretaban oficialmente el final de la emergencia sanitaria y las fechas de reyes magos estaba proxima
ANOM-153,2023-12-17 0:00:00,linea 5,la raza,Alza (Pico atípico),1719,6832,Terminado,"Evento Masivo (Concierto, partido, manifestación)",Eventos Navideños ,https://www.tvazteca.com/aztecanoticias/metro-cdmx-en-vivo-que-pasa-este-domingo-17-diciembre-2023,https://www.razon.com.mx/cultura/2023/12/15/cuales-son-los-mejores-eventos-en-la-cdmx-15-al-17-de-diciembre/,
ANOM-88,2023-01-18 0:00:00,linea 12,ermita,Alza (Pico atípico),1582,4403,Terminado,Falla Oculta (No hay reporte oficial del incidente),"Retrasos en la línea tras reapertura, no hay reportes oficiales pero los usuarios reportaron los retrasos, probablemente por la recuperación de afluencia tras reapertura",https://www.cronica.com.mx/metropoli/reapertura-l12-metro-usuarios-reportan-avance-lento-son-compresivos.html,,"La linea completa estuvo cerrada tras quedar inhabilitada por el accidente de la caida, para esta fecha llevaba una semana de reabrirse parcialmente, por lo que la afluencia fue en aumento y se fue recuperando, pero esto tambien como consecuencia de los retrasos que tuvo la linea en general por su reapertura"
ANOM-345,2025-12-21 0:00:00,linea b,oceanía,Alza (Pico atípico),1527,4763,Terminado,"Falla Mecánica (Tren averiado, puertas, desalojo)","no presentó incidentes graves, pero sí experimentó retrasos significativos debido a fallas técnicas en ambas líneas que la conectan","https://www.tvazteca.com/aztecanoticias/metro-cdmx-en-vivo-avance-trenes-fallas-hoy-21-diciembre-2025/

",,
ANOM-252,2024-12-11 0:00:00,linea 6,deportivo 18 de marzo,Alza (Pico atípico),1467,3088,Terminado,Feriado No Oficial / Cultural,La Línea 6 del Metro sigue con modificaciones en su servicio por presencia de peregrinaciones con motivo del Día de la Virgen de Guada,,,
ANOM-138,2023-10-11 0:00:00,linea b,garibaldi/lagunilla,Alza (Pico atípico),1288,7326,Terminado,"Incidente Externo (Persona en vías, riña, salud)",Se registro retrasos por maniobras de trenes para rescatar a una persona ,https://www.infobae.com/mexico/2023/10/11/metro-y-metrobus-cdmx-hoy-noticias-retrasos-avances-y-fallas-en-las-lineas-este-11-de-octubre/,,Se realizaron maniobras para rescatar a una persona que se arrojo al paso del tren 
ANOM-343,2025-12-21 0:00:00,linea 6,uam-azcapotzalco,Alza (Pico atípico),1163,4369,Terminado,Falsa Alarma (Se investigó y fue ruido normal),no se reportaron incidencias,,,
ANOM-22,2022-04-03 0:00:00,linea 8,la viga,Alza (Pico atípico),1110,4895,Terminado,"Evento Masivo (Concierto, partido, manifestación)",Efecto secundario del concierto de coldplay,https://www.jornada.com.mx/notas/2022/04/04/cultura/coldplay-eleva-a-65-mil-corazones-en-el-foro-sol/,,"Es una estación en la zona relacionada al foro sol, por lo que la anomalía es una consecuencia del evento"
ANOM-338,2025-11-27 0:00:00,linea 12,tlaltenco,Alza (Pico atípico),1092,6283,Terminado,Falsa Alarma (Se investigó y fue ruido normal),no se reportaron incidencias,,,
ANOM-127,2023-08-10 0:00:00,linea b,morelos,Alza (Pico atípico),1048,6248,Terminado,Clima Extremo (Inundaciones severas),Retrasos en el servicio por lento avance de los trenes debido a la lluvia ,https://www.tvazteca.com/aztecanoticias/metro-cdmx-en-vivo-que-pasa-hoy-jueves-10-agosto-2023,https://www.elfinanciero.com.mx/cdmx/2023/08/10/fallas-metro-cdmx-hoy-10-agosto-2023/,"Retrasos en el servicio por lento avance de los trenes debido a la lluvia y esta linea tiende a tener mas complicaciones ya que es abierta, no es techada."
ANOM-298,2025-06-07 0:00:00,linea 4,morelos,Alza (Pico atípico),975,7423,Terminado,Falsa Alarma (Se investigó y fue ruido normal),no se reportaron incidencias,,,
ANOM-122,2023-07-01 0:00:00,linea 8,chabacano,Alza (Pico atípico),971,5392,Terminado,Clima Extremo (Inundaciones severas),"Las estaciones La Viga, Santa Anita, Coyuya e Iztacalco suspendieron induciones por inundaciones ",https://www.infobae.com/mexico/2025/07/01/por-que-la-linea-8-del-metro-cdmx-se-inundo-y-cuantas-horas-estuvo-fuera-de-servicio-este-lunes-30-de-junio/,,Dado inundaciones de estaciones aledañas la operacion de esta linea iba de Garibaldi a Chabacano 
ANOM-111,2023-04-16 0:00:00,linea 6,uam-azcapotzalco,Alza (Pico atípico),924,4415,Terminado,"Evento Masivo (Concierto, partido, manifestación)",Parque Tezozomoc se realizo un Papalotitlán (mariposario),https://www.dondeir.com/listas/donde-ir-en-primavera-20-actividades-gratis-en-cdmx/,,En  el parque Tezozomoc se estreno un Papalotitlán (mariposario)
ANOM-71,2022-12-11 0:00:00,linea 4,bondojito,Alza (Pico atípico),895,4706,Terminado,Falla Oculta (No hay reporte oficial del incidente),No hay reporte o información pero se puede aludir a la festividad religiosa del día siguiente 12 de diciembre del 2022,https://www.elfinanciero.com.mx/cdmx/2022/12/08/12-de-diciembre-dia-de-la-virgen-de-guadalupe-horarios-metro-metrobus-cdmx-estaciones-cerradas/,,El incremento de la afluencia pudo ser dado por la preparación de la festividad religiosa del día siguiente
ANOM-28,2022-04-10 0:00:00,linea 4,santa anita,Alza (Pico atípico),856,1989,Terminado,Evento Cívico / Jornada Electoral ,"Jornada electoral ""Revocación del mandato""",https://www.ine.mx/wp-content/uploads/2022/04/Informe-Delian_-RevocatoriaMandato.pdf,,Elecciones realizadas para la revocación del mandato del presidente del periodo Andres Manuel Lopez Obrador
ANOM-334,2025-11-17 0:00:00,linea 4,jamaica,Alza (Pico atípico),847,5254,Terminado,Falsa Alarma (Se investigó y fue ruido normal),no se reportaron incidencias,,,
ANOM-90,2023-01-20 0:00:00,linea b,ricardo flores magón,Alza (Pico atípico),722,6927,Terminado,Falla Oculta (No hay reporte oficial del incidente),Hay reportes del cierre de la estación zocalo pero no se puede tener certeza de que fue lo que aumento la afluencia en esta estación,https://www.infobae.com/mexico/2023/01/20/por-que-estacion-zocalo-permanecera-cerrada-hasta-nuevo-aviso/,,
ANOM-131,2023-09-11 0:00:00,linea 6,deportivo 18 de marzo,Alza (Pico atípico),629,2115,Terminado,Falsa Alarma (Se investigó y fue ruido normal),,https://www.tvazteca.com/aztecanoticias/metro-cdmx-en-vivo-que-pasa-hoy-lunes-11-septiembre-2023,,
ANOM-177,2024-03-22 0:00:00,linea 4,santa anita,Alza (Pico atípico),576,2607,Terminado,Falsa Alarma (Se investigó y fue ruido normal),,,,
ANOM-151,2023-12-11 0:00:00,linea 6,deportivo 18 de marzo,Alza (Pico atípico),570,2054,Terminado,"Evento Masivo (Concierto, partido, manifestación)",Llegada de peregrinos a la Basilica de Guadalupe,https://www.escapadah.com/destinos/2023/12/11/12-de-diciembre-como-llegar-la-basilica-de-guadalupe-para-las-mananitas-la-virgen-16385.html,,Es una estación aledaña que esta cerca de la Basilica de Guadalupe 
ANOM-218,2024-08-11 0:00:00,linea 4,talismán,Alza (Pico atípico),491,1911,Terminado,Falsa Alarma (Se investigó y fue ruido normal),no se reportaron incidentes ,https://www.adn40.mx/ciudad/metro-cdmx-que-paso-linea-2-este-11-agosto-chabacano/,,en esta estación no paso nada pero en la línea 2 una persona se arrojo a las vías
ANOM-148,2023-11-12 0:00:00,linea 4,santa anita,Baja (Caída atípica),-376,1201,Terminado,Falsa Alarma (Se investigó y fue ruido normal),,,,
ANOM-202,2024-05-10 0:00:00,linea 6,deportivo 18 de marzo,Baja (Caída atípica),-419,1062,Terminado,"Incidente Externo (Persona en vías, riña, salud)",una adolescente de 13 años dio a luz a una bebé en la estación Deportivo 18 de Marzo de la Línea 6,https://www.ssc.cdmx.gob.mx/comunicacion/nota/TI213-10-05-25,,
ANOM-198,2024-05-01 0:00:00,linea 6,instituto del petróleo,Baja (Caída atípica),-579,1102,Terminado,Falsa Alarma (Se investigó y fue ruido normal),,,,caida por el dia del trabajo
ANOM-295,2025-05-17 0:00:00,linea 5,valle gómez,Baja (Caída atípica),-605,2977,Terminado,"Falla Mecánica (Tren averiado, puertas, desalojo)",marcha lenta por revisión de un tren,https://x.com/MetroCDMX/status/1923895323170111834?ref_src=twsrc%5Etfw%7Ctwcamp%5Etweetembed%7Ctwterm%5E1923895323170111834%7Ctwgr%5E54757d95a226b2fbaf0a501d522d95134b1b5730%7Ctwcon%5Es1_&ref_url=https%3A%2F%2Fwww.tvazteca.com%2Faztecanoticias%2Fmetro-cdmx-como-esta-el-avance-trenes-hoy-sabado-17-mayo-2025,,"Buena tarde. Se agiliza la marcha de los trenes en Línea 5, después de realizar revisión a un tren. Permite el libre cierre de puertas, así como descender del vagón antes de ingresar."
ANOM-115,2023-05-01 0:00:00,linea 6,instituto del petróleo,Baja (Caída atípica),-643,904,Terminado,Falla Oculta (No hay reporte oficial del incidente),,https://www.tvazteca.com/aztecanoticias/que-pasa-metro-cdmx-hoy-lunes-1-mayo-2023-en-vivo,https://www.infobae.com/mexico/2023/05/01/metro-cdmx-hoy-noticias-retrasos-avances-y-fallas-en-las-lineas-este-1-de-mayo/,De estas estaciones no se encuentra registros significativos de causa pero dado que fue un dia feriado se puede comprender la baja de afluencia 
ANOM-303,2025-07-13 0:00:00,linea 12,tlaltenco,Baja (Caída atípica),-729,3157,Terminado,Falsa Alarma (Se investigó y fue ruido normal),no se reportaron incidentes,,,
ANOM-139,2023-10-15 0:00:00,linea 5,valle gómez,Baja (Caída atípica),-755,1653,Terminado,"Falla Técnica / Eléctrica (Cortocircuito, energía)",La linea 5 permitio su acceso completamente mediante la Tarjeta de Movilidad Integrada,https://lasillarota.com/metropoli/2023/10/15/eres-usuario-de-la-linea-del-metro-de-la-cdmx-este-es-el-cambio-partir-del21deoctubre-452399.html,,La Linea 5 permitio su acceso solo mediante la Tarjeta de Movilidad
ANOM-91,2023-01-29 0:00:00,linea 4,morelos,Baja (Caída atípica),-839,4386,Terminado,Falsa Alarma (Se investigó y fue ruido normal),No hay reportes oficiales ni información que explique directamente la disminución de afluencia,,,
ANOM-84,2023-01-08 0:00:00,linea b,morelos,Baja (Caída atípica),-901,2818,Terminado,Falla Oculta (No hay reporte oficial del incidente),"No hay información para explicar la baja afluencia, probablemente incidente ocurrido en la linea 3 un dia antes",,,
ANOM-315,2025-09-16 0:00:00,linea 5,aragón,Baja (Caída atípica),-908,2840,Terminado,Feriado No Oficial / Cultural,no se reportaron incidencias pero fue dentro de las fechas patrias,,,
ANOM-302,2025-06-30 0:00:00,linea 8,santa anita,Baja (Caída atípica),-951,3193,Terminado,Clima Extremo (Inundaciones severas),cierre de estaciones por inundación de un dia anterior,https://www.nmas.com.mx/ciudad-de-mexico/que-paso-linea-8-metro-cdmx-asi-esta-servicio-estaciones-cerradas-hoy-30-de-junio-2025/,,"El Sistema de Transporte Colectivo (STC) Metro informó que varias estaciones de la Línea 8 permanecen cerradas desde la noche del domingo, 29 de junio de 2025, luego de la tormenta inundó las vías."
ANOM-249,2024-12-01 0:00:00,linea 3,guerrero,Baja (Caída atípica),-980,5403,Terminado,Falsa Alarma (Se investigó y fue ruido normal),no se reportaron incidentes,,,
ANOM-236,2024-11-02 0:00:00,linea 8,chabacano,Baja (Caída atípica),-1034,3245,Terminado,Falsa Alarma (Se investigó y fue ruido normal),posible afluencia normal por el dia de muertos,,,
ANOM-126,2023-07-31 0:00:00,linea 5,misterios,Baja (Caída atípica),-1048,5761,Terminado,"Falla Mecánica (Tren averiado, puertas, desalojo)",Usuarios reportaron un rechinido en el tren ,https://www.elfinanciero.com.mx/cdmx/2023/07/31/fallas-metro-cdmx-hoy-31-julio-2023-retrasos-linea-/,https://www.infobae.com/mexico/2024/07/31/metro-cdmx-y-metrobus-hoy-31-de-julio/,"Reporte de un rechinido en el tren reportado por los usuarios, tambien debio a las fuertes lluvias los trenes disminuian su velocidad."
ANOM-136,2023-10-01 0:00:00,linea 5,consulado,Baja (Caída atípica),-1068,2407,Terminado,Falsa Alarma (Se investigó y fue ruido normal),,,,
ANOM-350,2025-12-25 0:00:00,linea 6,uam-azcapotzalco,Baja (Caída atípica),-1109,2325,Terminado,Feriado No Oficial / Cultural,operó con el horario especial de día festivo (07:00 a 24:00 horas) y registró retrasos significativos,,,
ANOM-289,2025-05-01 0:00:00,linea b,guerrero,Baja (Caída atípica),-1112,4748,Terminado,Feriado No Oficial / Cultural,no se reportaron incidencias pero fue el día del trabajo lo que podría explciar la falta de afluencia por ser dia oblogatorio de descanso,,,
ANOM-366,2026-03-08 0:00:00,linea 12,tlaltenco,Baja (Caída atípica),-1145,3415,Terminado,"Evento Masivo (Concierto, partido, manifestación)",estaciones cerradas y manifestación del 8M,"https://www.infobae.com/mexico/2026/03/07/marcha-8m-en-cdmx-2026-estas-seran-las-estaciones-del-metro-y-metrobus-afectadas/#:~:text=La%20marcha%20del%208M%20reunir%C3%A1,distintos%20puntos%20de%20la%20ciudad.",,
ANOM-332,2025-11-16 0:00:00,linea b,guerrero,Baja (Caída atípica),-1148,3838,Terminado,"Falla Técnica / Eléctrica (Cortocircuito, energía)",Se informó sobre la marcha lenta y esperas de varios minutos en estaciones de la Línea B. El Metro informa que esto es debido a una revisión.,https://www.tvazteca.com/aztecanoticias/en-vivo-que-pasa-en-el-metro-cdmx-hoy-sabado-16-noviembre,,
ANOM-29,2022-04-14 0:00:00,linea 4,consulado,Baja (Caída atípica),-1164,1712,Terminado,Feriado No Oficial / Cultural,Jueves santo,https://www.debate.com.mx/cdmx/Listos-en-Iztapalapa-los-escenarios-para-representacion-de-Semana-Santa-2022-20220414-0087.html,,Inicio de festividades de jueves santo
ANOM-207,2024-05-11 0:00:00,linea 7,tacubaya,Baja (Caída atípica),-1166,4524,Terminado,Falsa Alarma (Se investigó y fue ruido normal),"no se registraron incidentes graves, accidentes o cierres extraordinarios",,,
ANOM-312,2025-09-15 0:00:00,linea 4,bondojito,Baja (Caída atípica),-1221,4255,Terminado,Falsa Alarma (Se investigó y fue ruido normal),no se reportaron incidencias pero fue dentro de las fechas patrias,,,
ANOM-216,2024-08-04 0:00:00,linea 12,lomas estrella,Baja (Caída atípica),-1237,5142,Terminado,Falsa Alarma (Se investigó y fue ruido normal),no se reportaron incidentes ,,,
ANOM-353,2026-01-10 0:00:00,linea 6,tezozómoc,Baja (Caída atípica),-1292,2545,Terminado,"Cierre Programado (Mantenimiento, remodelación)","Servicio regular con retrasos, el servicio se vio influenciado por operativos de mantenimiento y eventos en la zona de Azcapotzalco
","https://www.reporteindigo.com/ultimas-noticias-metro-cdmx-hoy-sabado-10-de-enero-2026-retrasos-afluencia-y-lineas-sin-servicio-lb202601100001.html
",,
ANOM-161,2024-01-01 0:00:00,linea 5,instituto del petróleo,Baja (Caída atípica),-1327,892,Terminado,Falsa Alarma (Se investigó y fue ruido normal),,,,
ANOM-253,2024-12-12 0:00:00,linea 8,cerro de la estrella,Baja (Caída atípica),-1336,9998,Terminado,"Falla Técnica / Eléctrica (Cortocircuito, energía)","usuarios reportan presencia de humo en Línea 8 Los hechos ocurrieron en la estación UAM-I, ubicada en la alcaldía Iztapalapa de la Ciudad de México",,,
ANOM-179,2024-03-23 0:00:00,linea 6,norte 45,Baja (Caída atípica),-1373,2850,Terminado,Falla Oculta (No hay reporte oficial del incidente),Retrasos por detenciones prolongadas,https://www.tvazteca.com/aztecanoticias/metro-cdmx-en-vivo-que-pasa-hoy-sabado-23-marzo-2024-en-semana-santa,,Retrasos en el servicio sin registro de la causa oficial
ANOM-372,2026-03-31 0:00:00,linea 2,panteones,Baja (Caída atípica),-1419,9451,Terminado,"Incidente Externo (Persona en vías, riña, salud)",persona se arrojó a las vías,https://www.facebook.com/LaPrensaOficial/videos/qu%C3%A9-pas%C3%B3-en-el-metro-bajan-a-pasajeros-en-la-estaci%C3%B3n-panteones-l%C3%ADnea-2-y-se-sus/1290056749892293/,,
ANOM-214,2024-07-20 0:00:00,linea a,agrícola oriental,Baja (Caída atípica),-1617,8502,Terminado,Falsa Alarma (Se investigó y fue ruido normal),no se reportaron incidentes ,https://heraldodemexico.com.mx/nacional/2024/7/29/anciano-se-tropieza-en-las-escaleras-muere-en-estacion-agricola-oriental-de-linea-del-metro-624992.html,,el 29 de julio si hubo un desceso de un adulto mayor en esta estación
ANOM-159,2023-12-26 0:00:00,linea 4,canal del norte,Baja (Caída atípica),-1648,5878,Terminado,"Falla Mecánica (Tren averiado, puertas, desalojo)",Se cayo una parte del techo en la estacion Santa Anita ,https://www.infobae.com/mexico/2023/12/26/metro-y-metrobus-hoy-noticias-retrasos-avances-y-fallas-en-lineas-este-26-de-diciembre/,,Este derrumbe provoco retrasos en la Linea 4
ANOM-55,2022-09-04 0:00:00,linea b,oceanía,Baja (Caída atípica),-1668,3525,Terminado,Clima Extremo (Inundaciones severas),Lluvias en la alcaldia venustiano carranza,https://www.infobae.com/noticias/2022/09/04/reporte-meteorologico-las-temperaturas-que-se-esperan-en-ciudad-de-mexico-este-4-de-septiembre/,,Hubo lluvias en la alcaldía lo que provocó la marcha lenta y la aglomeración de personas en el metro
ANOM-311,2025-09-15 0:00:00,linea 4,canal del norte,Baja (Caída atípica),-1717,5585,Terminado,Falsa Alarma (Se investigó y fue ruido normal),no se reportaron incidencias pero fue dentro de las fechas patrias,,,
ANOM-172,2024-02-11 0:00:00,linea 12,zapata,Baja (Caída atípica),-1736,6345,Terminado,"Evento Masivo (Concierto, partido, manifestación)",Concierto en el Zocalo ,https://www.nmas.com.mx/ciudad-de-mexico/concierto-zocalo-cdmx-que-artistas-estaran-domingo-11-de-febrero-2024-a-que-hora/,,
ANOM-46,2022-07-03 0:00:00,linea 9,jamaica,Baja (Caída atípica),-1745,4898,Terminado,"Falla Técnica / Eléctrica (Cortocircuito, energía)",Explosión por cortocircuito en el Metro CDMX afectó la operación en la Línea 9,https://www.infobae.com/america/mexico/2022/07/02/explosion-por-cortocircuito-en-el-metro-cdmx-afecto-la-operacion-en-la-linea-9/,,"El tren fue retirado pero las fallas en la energía afectaron las estaciones Jamaica, Velódromo, Mixhuca, Ciudad Deportiva y Puebla."
ANOM-32,2022-04-16 0:00:00,linea 2,popotla,Baja (Caída atípica),-1760,2941,Terminado,Feriado No Oficial / Cultural,Sabado de gloria,"https://www.milenio.com/cultura/sabado-de-gloria-2022-mexico-que-es-y-por-que-se-celebra#:~:text=S%C3%A1bado%20de%20Gloria%20en%20M%C3%A9xico.&text=La%20Semana%20Santa%20es%20unas,celebra%20este%2016%20de%20abril.","https://mexico.as.com/actualidad/semana-santa-2022-que-se-celebra-el-sabado-de-gloria-y-que-procesiones-habra-en-cdmx-n/#:~:text=Este%2016%20de%20abril%20se,realizar%C3%A1n%20este%20d%C3%ADa%20en%20CDMX.",Celebración de sabado de gloria
ANOM-220,2024-08-25 0:00:00,linea 12,lomas estrella,Baja (Caída atípica),-1789,4549,Terminado,Falla Oculta (No hay reporte oficial del incidente),retrasos por lluvias,,,no se reportaó nada pero en estaciones como la 12 seguían siendo afectadas por las lluvias
ANOM-92,2023-02-12 0:00:00,linea a,canal de san juan,Baja (Caída atípica),-1810,7650,Terminado,Falsa Alarma (Se investigó y fue ruido normal),No hay reportes oficiales ni información que explique directamente la disminución de afluencia,,,
ANOM-162,2024-01-01 0:00:00,linea 5,oceanía,Baja (Caída atípica),-1826,2469,Terminado,Falsa Alarma (Se investigó y fue ruido normal),,,,
ANOM-116,2023-05-01 0:00:00,linea 8,doctores,Baja (Caída atípica),-1828,4661,Terminado,Falla Oculta (No hay reporte oficial del incidente),,https://www.tvazteca.com/aztecanoticias/que-pasa-metro-cdmx-hoy-lunes-1-mayo-2023-en-vivo,https://www.infobae.com/mexico/2023/05/01/metro-cdmx-hoy-noticias-retrasos-avances-y-fallas-en-las-lineas-este-1-de-mayo/,De estas estaciones no se encuentra registros significativos de causa pero dado que fue un dia feriado se puede comprender la baja de afluencia 
ANOM-316,2025-09-28 0:00:00,linea 12,ermita,Baja (Caída atípica),-1852,3806,Terminado,Clima Extremo (Inundaciones severas),se vio afectada principalmente por inundaciones severas causadas por lluvias históricas registradas el día anterior,https://www.infobae.com/mexico/2025/09/28/inundaciones-historicas-de-mas-de-un-metro-de-altura-azotaron-cdmx-y-edomex-video/,,
ANOM-369,2026-03-22 0:00:00,linea 9,centro médico,Baja (Caída atípica),-1888,6438,Terminado,Falsa Alarma (Se investigó y fue ruido normal),no se reportaron incidencias,,,
ANOM-117,2023-05-01 0:00:00,linea a,acatitla,Baja (Caída atípica),-1899,10179,Terminado,Falla Oculta (No hay reporte oficial del incidente),,https://www.tvazteca.com/aztecanoticias/que-pasa-metro-cdmx-hoy-lunes-1-mayo-2023-en-vivo,https://www.infobae.com/mexico/2023/05/01/metro-cdmx-hoy-noticias-retrasos-avances-y-fallas-en-las-lineas-este-1-de-mayo/,De estas estaciones no se encuentra registros significativos de causa pero dado que fue un dia feriado se puede comprender la baja de afluencia 
ANOM-340,2025-12-12 0:00:00,linea 4,canal del norte,Baja (Caída atípica),-1953,6984,Terminado,Falsa Alarma (Se investigó y fue ruido normal),no se reportaron incidencias,,,
ANOM-357,2026-01-18 0:00:00,linea 1,balbuena,Baja (Caída atípica),-1971,4194,Terminado,"Falla Mecánica (Tren averiado, puertas, desalojo)","operó de manera regular, aunque el sistema de transporte en general reportó retrasos y marcha lenta debido a que fue domingo y se realizaban revisiones preventivas en la red.
",https://www.reporteindigo.com/ultimas-noticias-metro-cdmx-hoy-18-de-enero-de-2026-retrasos-afluencia-y-lineas-sin-servicio-lb202601180001.html,,
ANOM-132,2023-09-14 0:00:00,linea 9,jamaica,Baja (Caída atípica),-2041,8631,Terminado,"Falla Técnica / Eléctrica (Cortocircuito, energía)",Estaciones aledañas ocurrio un apagon de luz ,https://www.infobae.com/mexico/2023/09/14/metro-cdmx-hoy-noticias-retrasos-avances-y-fallas-en-las-lineas-este-14-de-sptiembre/,,"En la estacion Ciudad Deportiva hubo un apagon de luz y en la estación Mixhuca el vagon se quedo sin energia, por lo tanto tardo en llegar el vagón a la estación Jamaica"
ANOM-300,2025-06-22 0:00:00,linea 3,viveros/derechos humanos,Baja (Caída atípica),-2090,7498,Terminado,Clima Extremo (Inundaciones severas),Metro capitalino notificó que hay presencia de lluvia en la zona y se llevó a cabo el retiro de un tren para revisión.,https://www.infobae.com/mexico/2025/06/22/metro-cdmx-anuncia-cierre-de-estacion-por-fuertes-lluvias-hoy-domingo-22-de-junio/,https://www.nmas.com.mx/ciudad-de-mexico/lluvias-metro-cdmx-hoy-22-de-junio-2025-estaciones-afectadas-ultimas-noticias/,tambien la linea 1 y 5 presentaron afectaciones por las fuertes lluvias
ANOM-222,2024-08-26 0:00:00,linea 5,eduardo molina,Baja (Caída atípica),-2112,4728,Terminado,"Evento Masivo (Concierto, partido, manifestación)",la estación Eduardo Molina de la Línea 4 del Metrobús en la CDMX se vio afectada por una manifestación,https://www.nmas.com.mx/ciudad-de-mexico/marchas-hoy-26-de-agosto-de-2024-en-cdmx-bloqueos-y-concentraciones/,,
ANOM-250,2024-12-01 0:00:00,linea 3,eugenia,Baja (Caída atípica),-2120,4673,Terminado,"Falla Técnica / Eléctrica (Cortocircuito, energía)",Pasajeros reportan que los trenes están detenidos desde hace 45 minutos en la estación Eugenia de la Línea 3,https://www.tvazteca.com/aztecanoticias/metro-cdmx-en-vivo-que-pasa-hoy-domingo-1-diciembre-2024-minuto-a-minuto,,
ANOM-14,2022-02-20 0:00:00,linea a,peñón viejo,Baja (Caída atípica),-2122,5942,Terminado,Falsa Alarma (Se investigó y fue ruido normal),Sin datos suficientes,,,No se encontrarón causas para la baja de afluencia además de ser día domingo
ANOM-308,2025-08-31 0:00:00,linea 12,eje central,Baja (Caída atípica),-2138,5030,Terminado,Falsa Alarma (Se investigó y fue ruido normal),no se reportaron incidencias,,,
ANOM-121,2023-06-19 0:00:00,linea 9,chabacano,Baja (Caída atípica),-2143,6660,Terminado,Falla Oculta (No hay reporte oficial del incidente),,https://www.tvazteca.com/aztecanoticias/metro-cdmx-vivo-que-pasa-hoy-lunes-19-junio-2023,,Registro de retrasos significativos pero sin una causa oficial registrada 
ANOM-280,2025-04-18 0:00:00,linea 5,valle gómez,Baja (Caída atípica),-2146,2091,Terminado,Falsa Alarma (Se investigó y fue ruido normal),no se reportaron incidencias,,,
ANOM-143,2023-11-02 0:00:00,linea 4,bondojito,Baja (Caída atípica),-2156,3975,Terminado,Falla Oculta (No hay reporte oficial del incidente),,,,
ANOM-83,2023-01-03 0:00:00,linea 3,eugenia,Baja (Caída atípica),-2157,8260,Terminado,"Falla Técnica / Eléctrica (Cortocircuito, energía)",Se cerro el servicio en otras estaciones de la línea lo que pudo afectar en la afluencia de esta estación,https://www.excelsior.com.mx/comunidad/metro-cdmx-hoy-3-enero-2023-que-esta-pasando/1561943,,El cierre del servicio en estaciones de la misma linea pudo afectar en la afluencia
ANOM-285,2025-05-01 0:00:00,linea 2,ermita,Baja (Caída atípica),-2176,8281,Terminado,Feriado No Oficial / Cultural,no se reportaron incidencias pero fue el día del trabajo lo que podría explciar la falta de afluencia por ser dia oblogatorio de descanso,,,
ANOM-196,2024-05-01 0:00:00,linea 2,viaducto,Baja (Caída atípica),-2177,9245,Terminado,Falsa Alarma (Se investigó y fue ruido normal),,,,"caida por el dia del trabajo, por lo que es caida esperada"
ANOM-297,2025-05-25 0:00:00,linea 2,viaducto,Baja (Caída atípica),-2182,6436,Terminado,Clima Extremo (Inundaciones severas),"Por las fuertes lluvias que se han presentado en la CDMX, las líneas 2, 3, 8 y 9 activaron la marcha de seguridad.",https://www.tvazteca.com/aztecanoticias/que-pasa-en-el-metro-cdmx-hoy-25-mayo-2025-lineas-retrasos-y-avance-trenes-linea-9-linea-7,,
ANOM-200,2024-05-10 0:00:00,linea 12,san andrés tomatlán,Baja (Caída atípica),-2187,7483,Terminado,Falsa Alarma (Se investigó y fue ruido normal),,,,
ANOM-364,2026-02-22 0:00:00,linea 12,ermita,Baja (Caída atípica),-2205,4074,Terminado,Falsa Alarma (Se investigó y fue ruido normal),no se reportaron incidencias,,,
ANOM-269,2025-02-19 0:00:00,linea b,morelos,Baja (Caída atípica),-2218,2450,Terminado,Falsa Alarma (Se investigó y fue ruido normal),no se reportaron incidentes,,,
ANOM-248,2024-12-01 0:00:00,linea 12,zapotitlán,Baja (Caída atípica),-2240,7391,Terminado,Contingencia Ambiental,Hoy no circula o al plan de contingencia ambiental,https://www.jornada.com.mx/2024/12/12/capital/028n1cap,,
ANOM-260,2024-12-24 0:00:00,linea 7,tacubaya,Baja (Caída atípica),-2266,3864,Terminado,"Incidente Externo (Persona en vías, riña, salud)", se realizan maniobras para retirar persona ajena que bajó a vías de la Línea 7,,,No se encontró nada pero probablemente fue por el mismo incidente ya que es el mismo día y la misma línea
ANOM-276,2025-03-16 0:00:00,linea 12,san andrés tomatlán,Baja (Caída atípica),-2279,4691,Terminado,Falsa Alarma (Se investigó y fue ruido normal),no se reportaron incidentes,,,
ANOM-286,2025-05-01 0:00:00,linea 7,camarones,Baja (Caída atípica),-2306,6456,Terminado,Feriado No Oficial / Cultural,no se reportaron incidencias pero fue el día del trabajo lo que podría explciar la falta de afluencia por ser dia oblogatorio de descanso,,,
ANOM-359,2026-02-01 0:00:00,linea 12,zapata,Baja (Caída atípica),-2321,7123,Terminado,Falsa Alarma (Se investigó y fue ruido normal),no se reportaron incidencias,,,
ANOM-118,2023-05-21 0:00:00,linea 8,garibaldi/lagunilla,Baja (Caída atípica),-2382,12271,Terminado,Falla Oculta (No hay reporte oficial del incidente),,https://www.tvazteca.com/aztecanoticias/metro-cdmx-que-pasa-hoy-domingo-21-mayo-2023,https://www.adn40.mx/ciudad/metro-cdmx-hoy-22-mayo-2023-saturadas-lineas-2-8/,Usuarios registraron retrasos significativos y falta de trenes pero no se encontro ningun reporte oficial
ANOM-306,2025-08-10 0:00:00,linea 12,calle 11,Baja (Caída atípica),-2382,6594,Terminado,Clima Extremo (Inundaciones severas),"Debido a la presencia de lluvia en distintos puntos de la ciudad, se implementa marcha de seguridad en las Líneas: 2, 3, 4, 5 y B. Esta medida reduce la velocidad de los trenes para garantizar un trayecto seguro.",https://x.com/MetroCDMX/status/1954691252978663865?ref_src=twsrc%5Etfw%7Ctwcamp%5Etweetembed%7Ctwterm%5E1954691252978663865%7Ctwgr%5E87cff2f65b2e2b828fd70dffa92197842b524e9e%7Ctwcon%5Es1_&ref_url=https%3A%2F%2Fwww.tvazteca.com%2Faztecanoticias%2Fmetro-cdmx-en-vivo-que-pasa-hoy-10-agosto-2025-avance-trenes-minuto-a-minuto,,
ANOM-96,2023-02-25 0:00:00,linea 8,aculco,Baja (Caída atípica),-2405,5744,Terminado,"Falla Técnica / Eléctrica (Cortocircuito, energía)",no hubo servicio de lazaro cardenas a tacubaya en la linea 9 que conecta con esta,"https://www.tvazteca.com/aztecanoticias/que-pasa-metro-cdmx-hoy-sabado-25-febrero-2023-pde#:~:text=%C2%BFQu%C3%A9%20pasa%20en%20la%20L%C3%ADnea,No%20hay%20servicio&text=Debido%20a%20revisi%C3%B3n%20del%20sistema,provisional%20de%20Chabacano%20a%20Pantitl%C3%A1n",,
ANOM-267,2025-02-15 0:00:00,linea 12,hospital 20 de noviembre,Baja (Caída atípica),-2421,5172,Terminado,Falsa Alarma (Se investigó y fue ruido normal),no se reportaron incidentes,,,
ANOM-101,2023-03-15 0:00:00,linea b,garibaldi/lagunilla,Baja (Caída atípica),-2430,3123,Terminado,"Falla Técnica / Eléctrica (Cortocircuito, energía)",Apagon masivo,https://www.tvazteca.com/aztecanoticias/que-pasa-metro-cdmx-hoy-miercoles-15-marzo-2023,,"Apagon que repercutio en retrasos en los trenes y lluvia que se registro en las lineas 3, 5, 8, 9 y B"
ANOM-279,2025-04-17 0:00:00,linea 4,canal del norte,Baja (Caída atípica),-2462,3908,Terminado,Feriado No Oficial / Cultural,periodo de semana santa y se reportaron fallas en otras lineas,"https://www.elfinanciero.com.mx/cdmx/2025/04/17/fallas-metro-cdmx-hoy-17-abril-2025-retrasos-linea-12-9-y-b/#:~:text=%C2%BFQu%C3%A9%20pas%C3%B3%20en%20la%20L%C3%ADnea,espera%20de%20hasta%2010%20minutos.",,"En particular, se sugiere tomar precauciones al utilizar las Líneas 12, 9 y B, donde usuarios han reportado tiempos de espera de más de 10 minutos para abordar un tren."
ANOM-238,2024-11-03 0:00:00,linea 3,tlatelolco,Baja (Caída atípica),-2533,7572,Terminado,"Falla Mecánica (Tren averiado, puertas, desalojo)",retraso por estación cerrada,https://www.reporteindigo.com/que-pasa-en-el-metro-cdmx-hoy-3-de-noviembre-retrasos-en-estaciones-y-afectaciones-lb202511030006.html,,"Usuarios en X reportan Línea 3 del Metro detenida en la estación Balderas, ambas direcciones"
ANOM-69,2022-11-05 0:00:00,linea 8,iztapalapa,Baja (Caída atípica),-2542,7356,Terminado,Falsa Alarma (Se investigó y fue ruido normal),"No hay información para explicar la baja afluencia, probablemente rezagos por la festivilidad de día de muertos",,,
ANOM-58,2022-09-10 0:00:00,linea 8,atlalilco,Baja (Caída atípica),-2543,11841,Terminado,Clima Extremo (Inundaciones severas),Lluvias por la mañana redujeron la afluencia además de retrasar la marcha del metro ,,,
ANOM-275,2025-03-16 0:00:00,linea 12,zapotitlán,Baja (Caída atípica),-2583,7714,Terminado,"Falla Técnica / Eléctrica (Cortocircuito, energía)",En esta estación no se reportó nada pero en la linea 3 hubo fallas tecnicas este día,https://www.tvazteca.com/aztecanoticias/en-vivo-que-pasa-en-el-metro-cdmx-hoy-16-marzo-2025-lineas-retrasos-ultimas-noticias,,Estación Coyoacán de la Línea 3 del Metro de la CDMX llena de humo y con dirección universidad parada.
ANOM-277,2025-03-16 0:00:00,linea 12,eje central,Baja (Caída atípica),-2623,4907,Terminado,Falsa Alarma (Se investigó y fue ruido normal),no se reportaron incidentes,,,
ANOM-215,2024-07-21 0:00:00,linea 12,olivos,Baja (Caída atípica),-2627,6815,Terminado,Falsa Alarma (Se investigó y fue ruido normal),no se reportaron incidentes ,,,
ANOM-239,2024-11-03 0:00:00,linea 9,patriotismo,Baja (Caída atípica),-2768,5839,Terminado,Falsa Alarma (Se investigó y fue ruido normal),no se reportaron incidentes ,,,
ANOM-203,2024-05-10 0:00:00,linea 7,san pedro de los pinos,Baja (Caída atípica),-2786,9494,Terminado,Feriado No Oficial / Cultural,se reportaron algunos retrasos en el servicio por el festejo del día de las madres,,,
ANOM-230,2024-10-27 0:00:00,linea 12,calle 11,Baja (Caída atípica),-2791,5497,Terminado,Falsa Alarma (Se investigó y fue ruido normal),no se reportaron incidentes ,,,
ANOM-262,2025-01-01 0:00:00,linea 8,apatlaco,Baja (Caída atípica),-2852,3205,Terminado,Contingencia Ambiental,"Por la primera contingencia ambiental de 2025, este jueves 1 de enero habrá doble Hoy No Circula",https://www.nmas.com.mx/ciudad-de-mexico/contingencia-ambiental-hoy-1-de-enero-2025-contaminacion-por-festejos-ano-nuevo/,,
ANOM-160,2024-01-01 0:00:00,linea 12,parque de los venados,Baja (Caída atípica),-2856,1880,Terminado,Falsa Alarma (Se investigó y fue ruido normal),,,,
ANOM-100,2023-03-12 0:00:00,linea b,villa de aragón,Baja (Caída atípica),-2858,6039,Terminado,Clima Extremo (Inundaciones severas),"Se reportaron lluvias que causaron retrasos en la linea B, 7 y 8", https://www.tvazteca.com/aztecanoticias/metro-cdmx-que-pasa-hoy-domingo12-marzo-2023,,Por el pronostico del clima y probabilidad de lluvias. Los trenes disminuyeron la velocidad.
ANOM-57,2022-09-10 0:00:00,linea 7,mixcoac,Baja (Caída atípica),-2878,17798,Terminado,Clima Extremo (Inundaciones severas),Lluvias por la mañana redujeron la afluencia además de retrasar la marcha del metro ,https://www.informador.mx/mexico/Clima-en-Ciudad-de-Mexico-hoy-el-pronostico-para-el-sabado-10-de-septiembre-de-2022-20220910-0003.html,,No se encontró información suficiente para relacionar las lluvias con la baja afluencia
ANOM-64,2022-10-15 0:00:00,linea 4,martín carrera,Baja (Caída atípica),-2914,13703,Terminado,Clima Extremo (Inundaciones severas),Las lluvias en la ciudad pueden explicar la afluencia baja en estas estaciones,https://www.excelsior.com.mx/nacional/clima-mexico-hoy-15-octubre-2022-lluvias-karl/1546009,https://lasillarota.com/metropoli/2022/10/10/asi-va-el-metro-este-lunes-10-de-octubre-de-2022-396404.html,"Las lluvias provocaron retrasos en diferentes puntos del sistema del metro, aunque estas estaciones fueron afectadas colateralmente"
ANOM-191,2024-03-29 0:00:00,linea b,garibaldi/lagunilla,Baja (Caída atípica),-2930,2688,Terminado,"Cierre Programado (Mantenimiento, remodelación)"," servicio tendrá modificaciones de horario este jueves 28 y viernes 29 de marzo de 2024, volviendo a la normalidad el sábado 30 de marzo.",https://www.nmas.com.mx/ciudad-de-mexico/que-paso-metro-cdmx-hoy-27-de-marzo-2024-ultimas-noticias-retrasos-incidentes-lineas/,,toda la linea b presentó fallas en esa fecha por reparaciones 
ANOM-33,2022-04-16 0:00:00,linea 7,camarones,Baja (Caída atípica),-2962,5741,Terminado,Feriado No Oficial / Cultural,Sabado de gloria,"https://www.milenio.com/cultura/sabado-de-gloria-2022-mexico-que-es-y-por-que-se-celebra#:~:text=S%C3%A1bado%20de%20Gloria%20en%20M%C3%A9xico.&text=La%20Semana%20Santa%20es%20unas,celebra%20este%2016%20de%20abril.","https://mexico.as.com/actualidad/semana-santa-2022-que-se-celebra-el-sabado-de-gloria-y-que-procesiones-habra-en-cdmx-n/#:~:text=Este%2016%20de%20abril%20se,realizar%C3%A1n%20este%20d%C3%ADa%20en%20CDMX.",Celebración de sabado de gloria
ANOM-243,2024-11-17 0:00:00,linea 1,gómez farias,Baja (Caída atípica),-2989,12994,Terminado,Feriado No Oficial / Cultural,no se reportaron incidentes ,,,"algunos no laboran o se opera con horario especial de día festivo por la revolución mexicana, iniciando a las 07:00 horas en lugar del horario habitual. A pesar del día de descanso"
ANOM-226,2024-09-16 0:00:00,linea 12,calle 11,Baja (Caída atípica),-3027,4219,Terminado,Falsa Alarma (Se investigó y fue ruido normal),no se reportaron incidentes ,,,
ANOM-197,2024-05-01 0:00:00,linea 6,lindavista,Baja (Caída atípica),-3056,6994,Terminado,Falsa Alarma (Se investigó y fue ruido normal),,,,caida por el dia del trabajo
ANOM-235,2024-11-02 0:00:00,linea 2,cuitláhuac,Baja (Caída atípica),-3075,10725,Terminado,Falsa Alarma (Se investigó y fue ruido normal),posible afluencia normal por el dia de muertos,,,
ANOM-109,2023-04-09 0:00:00,linea 8,uam-i,Baja (Caída atípica),-3087,11038,Terminado,Efecto Sustitución (Falla en Metrobús u otra línea o estación),Los estudiantes de la uam-iztapalapa estuvieron en paro indefinido ,,https://www.izt.uam.mx/uami/paro_estudiantil_2023/pliego_petitorio.pdf,Los estudiantes de la uam-iztapalapa estuvieron en paro indefinido esto causando la baja afluencia de ese dìa 
ANOM-224,2024-09-01 0:00:00,linea 12,mixcoac,Baja (Caída atípica),-3105,4937,Terminado,Falsa Alarma (Se investigó y fue ruido normal),no se reportaron incidentes ,,,
ANOM-237,2024-11-03 0:00:00,linea 12,calle 11,Baja (Caída atípica),-3139,5291,Terminado,Falsa Alarma (Se investigó y fue ruido normal),no se reportaron incidentes ,,,
ANOM-281,2025-04-18 0:00:00,linea b,guerrero,Baja (Caída atípica),-3188,3107,Terminado,Falsa Alarma (Se investigó y fue ruido normal),no se reportaton incidencias,,,
ANOM-291,2025-05-10 0:00:00,linea 12,tezonco,Baja (Caída atípica),-3268,15712,Terminado,Clima Extremo (Inundaciones severas),operó con retrasos y marcha lenta debido a las fuertes lluvias que afectaron a gran parte de la Ciudad de México ,https://heraldodemexico.com.mx/nacional/2025/5/10/metro-cdmx-estas-son-las-lineas-afectadas-por-lluvias-hoy-sabado-10-de-mayo-697994.html,,
ANOM-135,2023-09-17 0:00:00,linea 8,garibaldi/lagunilla,Baja (Caída atípica),-3271,11167,Terminado,Clima Extremo (Inundaciones severas),Retrasos en el servicio por la lluvia ,https://www.tvazteca.com/aztecanoticias/metro-cdmx-en-vivo-que-pasa-hoy-domingo-17-septiembre-2023,https://www.milenio.com/politica/comunidad/metro-metrobus-cdmx-hoy-17-septiembre-2024-ultimas-noticias-atm,Retrasos en el servicio por lento avance de los trenes debido a la lluvia 
ANOM-65,2022-10-15 0:00:00,linea 6,lindavista,Baja (Caída atípica),-3274,6718,Terminado,Clima Extremo (Inundaciones severas),Las lluvias en la ciudad pueden explicar la afluencia baja en estas estaciones,https://www.excelsior.com.mx/nacional/clima-mexico-hoy-15-octubre-2022-lluvias-karl/1546009,https://lasillarota.com/metropoli/2022/10/10/asi-va-el-metro-este-lunes-10-de-octubre-de-2022-396404.html,"Las lluvias provocaron retrasos en diferentes puntos del sistema del metro, aunque estas estaciones fueron afectadas colateralmente"
ANOM-170,2024-01-26 0:00:00,linea 7,tacuba,Baja (Caída atípica),-3276,3883,Terminado,"Falla Mecánica (Tren averiado, puertas, desalojo)",Saturación de la estacion despues de retrasos por retiro de un tren,https://www.adn40.mx/ciudad/metro-cdmx-hoy-26-febrero-2024-caos-en-cinco-lineas/,,Retrasos en el convoy afectado despues de retirar un tren para su revisión
ANOM-365,2026-02-22 0:00:00,linea b,impulsora,Baja (Caída atípica),-3289,10488,Terminado,"Falla Mecánica (Tren averiado, puertas, desalojo)","Usuarios reportan retraso de hasta 10 minutos en la Línea B ,en trenes provenientes de Ciudad Azteca hacia Buenavista.",https://www.tvazteca.com/aztecanoticias/metro-cdmx-hoy-22-febrero-2026-en-vivo-avance-trenes-e-incidencias/,,
ANOM-195,2024-04-14 0:00:00,linea 2,cuitláhuac,Baja (Caída atípica),-3290,2102,Terminado,Falsa Alarma (Se investigó y fue ruido normal),,,,
ANOM-31,2022-04-15 0:00:00,linea 8,aculco,Baja (Caída atípica),-3295,5493,Terminado,Feriado No Oficial / Cultural,Viernes santo,https://mexico.as.com/actualidad/semana-santa-2022-viernes-santo-en-vivo-viacrucis-en-iztapalapa-y-otros-sitios-n/,https://www.infobae.com/fotos/2022/04/16/dolor-pasion-y-calor-las-fotos-del-viacrucis-de-semana-santa-2022-en-iztapalapa/,Celebración de viernes santo
ANOM-361,2026-02-15 0:00:00,linea 12,calle 11,Baja (Caída atípica),-3325,5891,Terminado,"Cierre Programado (Mantenimiento, remodelación)",la linea 2 estaba ceerrado la estación chabacano ,"https://www.tvazteca.com/aztecanoticias/metro-cdmx-hoy-15-febrero-2026-retrasos-y-avance-trenes-domingo-chabacano-linea-2-linea-7-linea-9-problemas/#:~:text=Usuarios%20reportan%20que%20los%20trenes,el%20correcto%20funcionamiento%20del%20servicio.",,
ANOM-24,2022-04-09 0:00:00,linea 2,portales,Baja (Caída atípica),-3362,10075,Terminado,Feriado No Oficial / Cultural,Inicio de periodo vacacional de semana santa,https://www.unotv.com/estados/ciudad-de-mexico/ley-seca-en-cdmx-10-de-abril-2022-por-consulta-de-revocacion-de-mandato/,https://www.milenio.com/politica/comunidad/hoy-no-circula-cdmx-programa-sabatino-9-abril-2022,Hubo varios eventos mezclados pero lo que puede explicar la baja afluencia es el periodo vacacional de semana santa
ANOM-284,2025-04-27 0:00:00,linea 1,salto del agua,Baja (Caída atípica),-3392,4097,Terminado,Feriado No Oficial / Cultural,no se reportaron incidencias pero fue el día del trabajo lo que podría explciar la falta de afluencia por ser dia oblogatorio de descanso,,,
ANOM-189,2024-03-29 0:00:00,linea b,ricardo flores magón,Baja (Caída atípica),-3398,3697,Terminado,Falla Oculta (No hay reporte oficial del incidente),"fallas y retrasos en el servicio de HOY 29 de abril del 2024, principalmente en las Líneas A, 7 y B.a",https://www.milenio.com/politica/comunidad/metro-metrobus-cdmx-hoy-29-marzo-2024-ultimas-noticias-en-vivo-atm,,toda la linea b presentó fallas en esa fecha por reparaciones 
ANOM-325,2025-11-01 0:00:00,linea 12,olivos,Baja (Caída atípica),-3398,10881,Terminado,Feriado No Oficial / Cultural,no se reportaron incidencias pero la fecha esta cerca de dia de muertos,,,
ANOM-79,2022-12-26 0:00:00,linea a,canal de san juan,Baja (Caída atípica),-3428,8547,Terminado,Clima Extremo (Inundaciones severas),Bajas temperaturas en diferentes partes de la ciudad,https://www.excelsior.com.mx/comunidad/clima-cdmx-26-de-diciembre-de-2022-estas-alcaldias-esperan-entre-1-y-3-grados/1560668,,
ANOM-206,2024-05-11 0:00:00,linea 3,coyoacán,Baja (Caída atípica),-3429,15865,Terminado,Falsa Alarma (Se investigó y fue ruido normal),"no se registraron incidentes graves, accidentes o cierres extraordinarios",,,
ANOM-351,2026-01-01 0:00:00,linea 3,tlatelolco,Baja (Caída atípica),-3443,3982,Terminado,Feriado No Oficial / Cultural,no se reportaron incidenaicas mas que operacion con horario festivo,https://www.metro.cdmx.gob.mx/comunicacion/nota/tarjeta-informativa-horario-festivo-para-los-dias-31-de-diciembre-y-1-de-enero,,
ANOM-20,2022-04-03 0:00:00,linea 1,salto del agua,Baja (Caída atípica),-3453,5639,Terminado,"Evento Masivo (Concierto, partido, manifestación)",Efecto secundario del concierto de coldplay,https://www.jornada.com.mx/notas/2022/04/04/cultura/coldplay-eleva-a-65-mil-corazones-en-el-foro-sol/,,"Es una estación en la zona relacionada al foro sol, por lo que la anomalía es una consecuencia del evento"
ANOM-324,2025-11-01 0:00:00,linea 12,mexicaltzingo,Baja (Caída atípica),-3558,9387,Terminado,Feriado No Oficial / Cultural,no se reportaron incidencias pero la fecha esta cerca de dia de muertos,,,
ANOM-59,2022-09-16 0:00:00,linea 8,salto del agua,Baja (Caída atípica),-3590,8326,Terminado,"Cierre Programado (Mantenimiento, remodelación)","La afluencia bajo dado que es el desfile del 16 de septiembre y la gente asiste a verlo, pero como la linea 1 estaba cerrada y solo funcionaba la estación por la linea 8 la gente busco alternativas",https://www.elfinanciero.com.mx/cdmx/2022/09/13/16-de-septiembre-2022-estos-son-los-horarios-del-metro-metrobus-y-otros-transportes-en-cdmx/,,El cierre de la estación por lado de la línea 1 afecto en la afluencia de la estación dado que a pesar de ser día festivo  la gente se moviliza para asistir al desfile militar 
ANOM-102,2023-03-19 0:00:00,linea a,los reyes,Baja (Caída atípica),-3592,9046,Terminado,Feriado No Oficial / Cultural,Megapuente por el Natalicio de Benito Juarez ,https://mexico.as.com/actualidad/megapuente-2023-es-feriado-el-20-de-marzo-y-cuando-es-el-proximo-descanso-oficial-n/,,El lunes 20 de marzo se adelanto el dia feriado oficial del 21 de marzo Dia del Natalicio de Benito Juarez asi que sucedio un puente de fin de semana 
ANOM-371,2026-03-29 0:00:00,linea 2,xola,Baja (Caída atípica),-3638,5375,Terminado,"Falla Mecánica (Tren averiado, puertas, desalojo)",operacion de manera parcial en dos circuitos por cierre de chabacano de tasqueña a xola y cuatro caminos a pino suarez,"https://www.adn40.mx/ciudad/2026-03-29/metro-metrobus-cdmx-hoy-29-marzo-retrasos-cierres-rutas-afectadas/#:~:text=Este%20domingo%2029%20de%20marzo,y%20ajustes%20por%20actividades%20dominicales.",,
ANOM-268,2025-02-16 0:00:00,linea 12,mixcoac,Baja (Caída atípica),-3649,5604,Terminado,"Falla Técnica / Eléctrica (Cortocircuito, energía)","Usuarios reportaron demoras de más de 10 minutos entre estaciones de la Línea 7 del Metro de la CDMX, con dirección a Barranca del Muerto.",https://www.tvazteca.com/aztecanoticias/metro-cdmx-en-vivo-que-pasa-hoy-domingo-16-febrero-2025-minuto-a-minuto,,
ANOM-288,2025-05-01 0:00:00,linea b,nezahualcóyotl,Baja (Caída atípica),-3676,11233,Terminado,Feriado No Oficial / Cultural,no se reportaron incidencias pero fue el día del trabajo lo que podría explciar la falta de afluencia por ser dia oblogatorio de descanso,,,
ANOM-75,2022-12-24 0:00:00,linea 2,portales,Baja (Caída atípica),-3681,11294,Terminado,Falla Oculta (No hay reporte oficial del incidente),No hay reportes oficiales pero los usuarios reportaron retrasos en la línea 2 en general,Metro CDMX: Así el avance de las líneas este 24 de diciembre | Noticias con Francisco Zea,https://www.infobae.com/mexico/2025/12/24/metro-cdmx-y-metrobus-hoy-24-de-diciembre/,No hay reportes oficiales de la causa de los retrasos en la linea 2 en general pero los usuarios fueron quienes reportaron en redes sociales
ANOM-185,2024-03-29 0:00:00,linea 3,guerrero,Baja (Caída atípica),-3705,4400,Terminado,Feriado No Oficial / Cultural,Viernes santo,https://mexico.as.com/actualidad/semana-santa-2024-jueves-y-viernes-santo-son-dias-festivos-o-de-descanso-obligatorio-en-mexico-n/,,Viernes santo diversos eventos religiosos combinado con vacaciones explican la baja afluencia de personas en la estación
ANOM-233,2024-11-02 0:00:00,linea 12,nopalera,Baja (Caída atípica),-3747,15170,Terminado,Falsa Alarma (Se investigó y fue ruido normal),posible afluencia normal por el dia de muertos,,,
ANOM-254,2024-12-12 0:00:00,linea b,ecatepec,Baja (Caída atípica),-3793,20369,Terminado,Feriado No Oficial / Cultural,"operó con normalidad, pero con alta afluencia debido a las festividades del Día de la Virgen de Guadalupe. Se reportaron retrasos y saturación generalizada en la red, especialmente en Líneas 3, 12 , A y B.",,,
ANOM-98,2023-03-05 0:00:00,linea 6,martín carrera,Baja (Caída atípica),-3801,8657,Terminado,Falsa Alarma (Se investigó y fue ruido normal),no se reportaron incidencias,,,
ANOM-163,2024-01-01 0:00:00,linea 8,coyuya,Baja (Caída atípica),-3818,6680,Terminado,Falsa Alarma (Se investigó y fue ruido normal),,,,
ANOM-287,2025-05-01 0:00:00,linea 8,coyuya,Baja (Caída atípica),-3849,13754,Terminado,Feriado No Oficial / Cultural,no se reportaron incidencias pero fue el día del trabajo lo que podría explciar la falta de afluencia por ser dia oblogatorio de descanso,,,
ANOM-244,2024-11-17 0:00:00,linea 5,autobuses del norte,Baja (Caída atípica),-3875,15500,Terminado,Feriado No Oficial / Cultural,no se reportaron incidentes ,,,"algunos no laboran o se opera con horario especial de día festivo por la revolución mexicana, iniciando a las 07:00 horas en lugar del horario habitual. A pesar del día de descanso"
ANOM-134,2023-09-17 0:00:00,linea 3,etiopía/plaza de la transparencia,Baja (Caída atípica),-3937,8193,Terminado,"Falla Mecánica (Tren averiado, puertas, desalojo)",Reportan humo y marcha lenta de los trenes,https://www.tvazteca.com/aztecanoticias/metro-cdmx-en-vivo-que-pasa-hoy-domingo-17-septiembre-2023,https://www.milenio.com/politica/comunidad/metro-metrobus-cdmx-hoy-17-septiembre-2024-ultimas-noticias-atm,"Usuario reportan afectaciones en la Linea 3, se retiro un tren para revisión."
ANOM-274,2025-03-09 0:00:00,linea 12,olivos,Baja (Caída atípica),-3970,7848,Terminado,Falsa Alarma (Se investigó y fue ruido normal),no se reportaron incidentes,,,
ANOM-283,2025-04-19 0:00:00,linea 8,salto del agua,Baja (Caída atípica),-4013,6792,Terminado,Feriado No Oficial / Cultural,"operó bajo un horario especial de sábado, iniciando servicio a las 6:00 a.m. debido al periodo de Semana Santa.",,,
ANOM-356,2026-01-14 0:00:00,linea 2,viaducto,Baja (Caída atípica),-4015,11562,Terminado,"Falla Mecánica (Tren averiado, puertas, desalojo)",toda la red presentó una marcha lenta durante la mañana debido a diversos incidentes en otras líneas.,https://www.ambito.com/mexico/informacion-general/estado-del-metro-cdmx-y-metrobus-hoy-14-enero-2026-estas-son-las-lineas-afectadas-y-estaciones-cerradas-n6234000,,
ANOM-62,2022-10-07 0:00:00,linea 5,autobuses del norte,Baja (Caída atípica),-4055,14719,Terminado,Falsa Alarma (Se investigó y fue ruido normal),No se encontraron reportes que expliquen la abaja fluencia ,,,
ANOM-183,2024-03-29 0:00:00,linea 12,zapotitlán,Baja (Caída atípica),-4056,5697,Terminado,Feriado No Oficial / Cultural,Viernes santo,https://mexico.as.com/actualidad/semana-santa-2024-jueves-y-viernes-santo-son-dias-festivos-o-de-descanso-obligatorio-en-mexico-n/,,Viernes santo diversos eventos religiosos combinado con vacaciones explican la baja afluencia de personas en la estación
ANOM-52,2022-08-07 0:00:00,linea 3,zapata,Baja (Caída atípica),-4110,16869,Terminado,Clima Extremo (Inundaciones severas),Combinación de lluvias y perdida de afluencia por cierre de la linea 12,https://oem.com.mx/la-prensa/tags/temas/lluvias?page=101,,Hubo lluvias en la alcaldía lo que provocó la marcha lenta y la aglomeración de personas en el metro
ANOM-227,2024-09-29 0:00:00,linea 12,olivos,Baja (Caída atípica),-4197,6512,Terminado,"Cierre Programado (Mantenimiento, remodelación)",se reportó mantenimiento de la estación y se cerro por un momento,https://www.nmas.com.mx/ciudad-de-mexico/que-paso-linea-12-metro-cdmx-hoy-29-septiembre-2024-modifican-servicio-estaciones/,,
ANOM-232,2024-11-01 0:00:00,linea 9,patriotismo,Baja (Caída atípica),-4226,16480,Terminado,"Falla Mecánica (Tren averiado, puertas, desalojo)",humo negro en el vagon,https://www.infobae.com/mexico/2024/11/01/metro-cdmx-y-metrobus-hoy-1-de-noviembre/,,
ANOM-367,2026-03-14 0:00:00,linea 7,san joaquín,Baja (Caída atípica),-4280,17483,Terminado,"Evento Masivo (Concierto, partido, manifestación)",se reportaron marchas en distintos puntos de la ciudad ,https://www.tvazteca.com/aztecanoticias/marchas-cdmx-hoy-14-marzo-2026-calles-cerradas-y-afectaciones-viales-rutas-centro-historico-paseo-reforma-zocalo-capitalino-que-pasa/,,
ANOM-130,2023-09-09 0:00:00,linea 8,escuadrón 201,Baja (Caída atípica),-4341,14169,Terminado,Falla Oculta (No hay reporte oficial del incidente),,https://www.tvazteca.com/aztecanoticias/metro-cdmx-en-vivo-que-pasa-hoy-sabado-9-septiembre-2023,,Usuarios registraron retrasos significativos pero no se encontro ninguna causa oficial
ANOM-128,2023-09-01 0:00:00,linea 8,escuadrón 201,Baja (Caída atípica),-4396,18513,Terminado,Clima Extremo (Inundaciones severas),Retrasos en el servicio por lento avance de los trenes debido a la lluvia ,https://www.infobae.com/mexico/2023/09/01/metro-cdmx-hoy-noticias-retrasos-avances-y-fallas-en-lineas-este-1-de-septiembre/,https://www.tvazteca.com/aztecanoticias/metro-cdmx-en-vivo-que-pasa-hoy-viernes-1-septiembre-2023,"Retrasos en el servicio por lento avance de los trenes debido a la lluvia y esta linea tiende a tener mas complicaciones ya que es abierta, no es techada."
ANOM-12,2022-01-31 0:00:00,linea a,guelatao,Baja (Caída atípica),-4516,9189,Terminado,Falsa Alarma (Se investigó y fue ruido normal),Sin datos suficientes, ,,No se encontrarón causas para la baja de afluencia
ANOM-17,2022-03-06 0:00:00,linea 1,salto del agua,Baja (Caída atípica),-4566,6384,Terminado,Falsa Alarma (Se investigó y fue ruido normal),Sin datos suficientes,,,No se encontrarón causas para la baja de afluencia además de ser día domingo
ANOM-186,2024-03-29 0:00:00,linea 5,terminal aérea,Baja (Caída atípica),-4566,10424,Terminado,Feriado No Oficial / Cultural,Viernes santo,https://mexico.as.com/actualidad/semana-santa-2024-jueves-y-viernes-santo-son-dias-festivos-o-de-descanso-obligatorio-en-mexico-n/,https://www.nmas.com.mx/ciudad-de-mexico/marchas-hoy-29-de-marzo-de-2024-en-cdmx-concentraciones-y-marchas/,Viernes santo diversos eventos religiosos combinado con vacaciones explican la baja afluencia de personas en la estación
ANOM-362,2026-02-15 0:00:00,linea 12,mixcoac,Baja (Caída atípica),-4629,5552,Terminado,Falla Oculta (No hay reporte oficial del incidente),no se reporto incidencias mas que el cierre de la estación de la linea 2 chabacano,"https://www.tvazteca.com/aztecanoticias/metro-cdmx-hoy-15-febrero-2026-retrasos-y-avance-trenes-domingo-chabacano-linea-2-linea-7-linea-9-problemas/#:~:text=Usuarios%20reportan%20que%20los%20trenes,el%20correcto%20funcionamiento%20del%20servicio.",,
ANOM-321,2025-10-19 0:00:00,linea 12,tezonco,Baja (Caída atípica),-4658,12896,Terminado,"Falla Mecánica (Tren averiado, puertas, desalojo)","Usuarios reportan el desalojo de un tren en la Línea 3, lo que ha provocado retrasos en el avance de trenes.",https://www.tvazteca.com/aztecanoticias/metro-cdmx-hoy-19-octubre-2025-retrasos-y-avance-trenes-desalojo-tren-linea-3-linea-7-linea-9-linea-a-linea-1-linea-b,,
ANOM-95,2023-02-19 0:00:00,linea 1,tacubaya,Baja (Caída atípica),-4777,11656,Terminado,Falla Oculta (No hay reporte oficial del incidente),no se reportaron incidencias,,,
ANOM-149,2023-11-19 0:00:00,linea b,nezahualcóyotl,Baja (Caída atípica),-4818,7435,Terminado,"Falla Mecánica (Tren averiado, puertas, desalojo)",Usuarios reportan lento avance y paradas constantes de los trenes,https://www.elfinanciero.com.mx/cdmx/2025/11/19/fallas-metro-cdmx-hoy-19-noviembre-2025-retrasos-lineas-a-b-2-y-3/,,La administración reporto que se debia a la revisión de un tren 
ANOM-175,2024-03-02 0:00:00,linea 2,revolución,Baja (Caída atípica),-4835,19751,Terminado,"Incidente Externo (Persona en vías, riña, salud)",Pausa del servicio para rescatar a una persona,https://www.tvazteca.com/aztecanoticias/metro-cdmx-en-vivo-que-pasa-hoy-sabado-3-febrero-2024,,Rescataron a una persona ilesa que cayo a las vias junto a un patin del diablo
ANOM-147,2023-11-11 0:00:00,linea 1,sevilla,Baja (Caída atípica),-4870,0,Terminado,"Cierre Programado (Mantenimiento, remodelación)",Cierre programado de un tramo de la Linea 1 ,https://www.nmas.com.mx/ciudad-de-mexico/estaciones-abiertas-cerradas-linea-1-metro-cdmx-2023-2024/,,Cierre programado de la Linea desde la estacion Observatorio-Balderas
ANOM-358,2026-01-25 0:00:00,linea 7,constituyentes,Baja (Caída atípica),-4877,8731,Terminado,Falla Oculta (No hay reporte oficial del incidente),no se reportaron incidencias a pesar de la alta afluencia,,,
ANOM-352,2026-01-01 0:00:00,linea b,múzquiz,Baja (Caída atípica),-4881,8536,Terminado,Feriado No Oficial / Cultural,no se reportaron incidenaicas mas que operacion con horario festivo,https://www.metro.cdmx.gob.mx/comunicacion/nota/tarjeta-informativa-horario-festivo-para-los-dias-31-de-diciembre-y-1-de-enero,,
ANOM-201,2024-05-10 0:00:00,linea 6,el rosario,Baja (Caída atípica),-4892,11875,Terminado,"Falla Mecánica (Tren averiado, puertas, desalojo)","han reportado algunos retrasos en el servicio este 10 de mayo, Día de las madres, en cuatro líneas, principalmente en las que corre del El Rosario a Barranca del Muerto (L7).",https://www.milenio.com/politica/comunidad/metro-metrobus-cdmx-hoy-10-mayo-2024-ultimas-noticias-en-vivo-atm,,retrasos en vagones
ANOM-360,2026-02-01 0:00:00,linea 12,tezonco,Baja (Caída atípica),-4921,12595,Terminado,Falla Oculta (No hay reporte oficial del incidente),no se reportaron incidencias a pesar de la alta afluencia,,,
ANOM-45,2022-06-25 0:00:00,linea 3,zapata,Baja (Caída atípica),-5073,21253,Terminado,"Evento Masivo (Concierto, partido, manifestación)","Fue el día del regreso de la marcha LGBT por lo que hubieron retrasos en el servicio y por consecuencia de los reportes, menor afluencia",https://www.excelsior.com.mx/comunidad/marcha-del-orgullo-cdmx-2022-conoce-la-ruta-y-alternativas-viales-este-25-de-junio/1522561,https://www.adn40.mx/ciudad/metro-cdmx-retrasos-25-de-junio-deps-especial/,"El evento de la manifestación LGBT en la ciudad complico diferentes áreas de la ciudad, viendose reflejado en retrasos del servicio y por consecuencia menor afluencia"
ANOM-15,2022-02-27 0:00:00,linea 1,gómez farías,Baja (Caída atípica),-5145,16488,Terminado,Falla Oculta (No hay reporte oficial del incidente),Sin datos suficientes,,,No se encontrarón causas para la baja de afluencia además de ser día domingo
ANOM-242,2024-11-17 0:00:00,linea 1,san lázaro,Baja (Caída atípica),-5242,12269,Terminado,Feriado No Oficial / Cultural,se reporto un incidente pero en la estacion del metrobús de san lázaro,https://www.infobae.com/mexico/2024/11/17/servicio-del-metrobus-cuales-son-las-estaciones-cerradas-en-la-ultima-hora-de-este-17-de-noviembre/,,"algunos no laboran o se opera con horario especial de día festivo por la revolución mexicana, iniciando a las 07:00 horas en lugar del horario habitual. A pesar del día de descanso"
ANOM-335,2025-11-23 0:00:00,linea 7,san joaquín,Baja (Caída atípica),-5276,10394,Terminado,Falla Oculta (No hay reporte oficial del incidente),no se reportaron incidencias a pesar de caida en la afluencia,,,
ANOM-265,2025-02-02 0:00:00,linea 12,nopalera,Baja (Caída atípica),-5372,11134,Terminado,Clima Extremo (Inundaciones severas),"Debido a lluvia, se implementa marcha de seguridad en algunas Líneas de la red, por lo que el avance de los trenes es lento en Línea: 2, 3, 4, 5, 8, 12 y B. Toma previsiones.",https://www.tvazteca.com/aztecanoticias/en-vivo-que-pasa-en-el-metro-cdmx-hoy-2-febrero-2025-lineas-retrasos-noticias,,
ANOM-240,2024-11-13 0:00:00,linea b,río de los remedios,Baja (Caída atípica),-5383,12297,Terminado,Falsa Alarma (Se investigó y fue ruido normal),no se reportaron incidentes ,,,
ANOM-292,2025-05-10 0:00:00,linea 7,san joaquín,Baja (Caída atípica),-5484,13173,Terminado,"Falla Técnica / Eléctrica (Cortocircuito, energía)","El servicio se vio ralentizado, duplicando el tiempo de espera entre trenes (de 4 a 9 minutos aproximadamente)",https://heraldodemexico.com.mx/nacional/2025/5/10/metro-cdmx-estas-son-las-lineas-afectadas-por-lluvias-hoy-sabado-10-de-mayo-697994.html,,
ANOM-11,2022-01-30 0:00:00,linea 1,salto del agua,Baja (Caída atípica),-5540,7550,Terminado,Falla Oculta (No hay reporte oficial del incidente),Sin datos suficientes,,,No se encontrarón causas para la baja de afluencia además de ser día domingo
ANOM-114,2023-05-01 0:00:00,linea 3,la raza,Baja (Caída atípica),-5570,13032,Terminado,Falla Oculta (No hay reporte oficial del incidente),Se registro retrasos prologados en la Linea 3 ,https://www.tvazteca.com/aztecanoticias/que-pasa-metro-cdmx-hoy-lunes-1-mayo-2023-en-vivo,https://www.infobae.com/mexico/2023/05/01/metro-cdmx-hoy-noticias-retrasos-avances-y-fallas-en-las-lineas-este-1-de-mayo/,Este dia fue un dia feriado por eso la baja de afluencia ademas de que oficialmente si se registraron retrasos prolongados 
ANOM-145,2023-11-06 0:00:00,linea b,múzquiz,Baja (Caída atípica),-5623,19657,Terminado,Falla Oculta (No hay reporte oficial del incidente),Usarios registraron retrasos en el servicio de varias estaciones de la Linea B ,https://www.tvazteca.com/aztecanoticias/metro-cdmx-en-vivo-que-pasa-hoy-lunes-6-noviembre-2023,,
ANOM-231,2024-11-01 0:00:00,linea 2,colegio militar,Baja (Caída atípica),-5650,11826,Terminado,Falsa Alarma (Se investigó y fue ruido normal),no se reportaron incidentes ,,,
ANOM-9,2022-01-21 0:00:00,linea 2,san cosme,Baja (Caída atípica),-5696,10590,Terminado,Falsa Alarma (Se investigó y fue ruido normal),Sin datos suficientes,,,No se encontrarón causas para la baja de afluencia además de ser día domingo
ANOM-8,2022-01-16 0:00:00,linea 1,sevilla,Baja (Caída atípica),-5772,6756,Terminado,Falla Oculta (No hay reporte oficial del incidente),"Afluencia a la baja dado la noticia de ""cuarta ola de covid"" ",https://politica.expansion.mx/cdmx/2022/01/16/voces-la-cuarta-ola-de-covid-19-vacia-las-calles-de-la-cdmx,,"Un día antes el gobierno de la cdmx anunció ""la cuarta ola de covid"" por lo que como reacción de la sociedad, una vez pasado las fechas festivas, la afluencia bajó"
ANOM-299,2025-06-22 0:00:00,linea 1,isabel la católica,Baja (Caída atípica),-5873,5593,Terminado,"Incidente Externo (Persona en vías, riña, salud)",caida de paraguas a las vias y retiro del mismo para evitar fallas electricas,https://www.infobae.com/mexico/2025/06/22/metro-cdmx-anuncia-cierre-de-estacion-por-fuertes-lluvias-hoy-domingo-22-de-junio/,,"La afectación ocurre debido a que un paraguas cayó a la zona de vías de este medio de transporte, por lo que se realizaron las maniobras de rescate correspondientes para llevar a cabo el retiro del objeto y evitar un cortocircuito."
ANOM-60,2022-09-17 0:00:00,linea 1,tacubaya,Baja (Caída atípica),-5967,12091,Terminado,Clima Extremo (Inundaciones severas),La afluencia bajo dado la tormenta tropical y lluvias ,https://www.eluniversal.com.mx/metropoli/lester-afectara-asi-la-cdmx-este-sabado-17-de-septiembre-2022/,,La afluencia bajo dado la tormenta tropical mezclado con el cierre parcial de la linea 1
ANOM-176,2024-03-08 0:00:00,linea 8,san juan de letrán,Baja (Caída atípica),-5976,19404,Terminado,"Evento Masivo (Concierto, partido, manifestación)",Marcha del Día Internacional de la Mujer 8M,https://www.tvazteca.com/aztecanoticias/metro-cdmx-en-vivo-que-pasa-hoy-viernes-8-marzo-2024,,Cierre de estacion Zocalo y esta estacion cercana fue alternativa pero como fue bajada probablemente la gente prefirio otra estación aledaña 
ANOM-182,2024-03-28 0:00:00,linea 7,aquiles serdán,Baja (Caída atípica),-6012,7003,Terminado,Feriado No Oficial / Cultural,Jueves santo la estación tuvo horario festivo empezando a operar 2 horas mas tarde,https://www.publimetro.com.mx/noticias/2024/03/28/metro-cdmx-molesta-a-usuarios-horario-especial-en-jueves-santo/,,Com la estación por ser jueves santo empezó a operar 2 horas mas tarde perdió afluencia
ANOM-263,2025-01-15 0:00:00,linea b,ciudad azteca,Baja (Caída atípica),-6140,35789,Terminado,"Falla Mecánica (Tren averiado, puertas, desalojo)","se realizó el retiro de un tren para revisión, pero continuará ofreciendo servicio de manera normal.",https://www.adn40.mx/ciudad/2025-01-15/metro-cdmx-reportan-caos-en-la-linea-a-y-humo-en-esta-linea-del-stc/,,
ANOM-272,2025-03-08 0:00:00,linea 1,salto del agua,Baja (Caída atípica),-6142,2358,Terminado,Falla Oculta (No hay reporte oficial del incidente),no se reportaron incidentes a pesar de la falta de afluencia de personas,,,
ANOM-129,2023-09-01 0:00:00,linea a,la paz,Baja (Caída atípica),-6161,35389,Terminado,Falla Oculta (No hay reporte oficial del incidente),,https://www.infobae.com/mexico/2023/09/01/metro-cdmx-hoy-noticias-retrasos-avances-y-fallas-en-lineas-este-1-de-septiembre/,https://www.tvazteca.com/aztecanoticias/metro-cdmx-en-vivo-que-pasa-hoy-viernes-1-septiembre-2023,Usuarios registraron retrasos significativos y falta de trenes pero no se encontro ningun reporte oficial
ANOM-247,2024-11-30 0:00:00,linea 2,nativitas,Baja (Caída atípica),-6174,11075,Terminado,Falla Oculta (No hay reporte oficial del incidente),,,,
ANOM-270,2025-02-23 0:00:00,linea 12,tezonco,Baja (Caída atípica),-6214,10855,Terminado,Falla Oculta (No hay reporte oficial del incidente),se reportaba contigencia ambiental y fue domingo lo que podria explciar la falta de afluencia,https://www.infobae.com/mexico/2025/02/25/contingencia-ambiental-en-cdmx-esta-es-la-calidad-del-aire-del-25-de-febrero/,,
ANOM-348,2025-12-25 0:00:00,linea 1,san lázaro,Baja (Caída atípica),-6291,10312,Terminado,Feriado No Oficial / Cultural,"fue afectada por la lentitud generalizada que impactó a gran parte de la red del Metro durante el día de Navidad.
",https://www.nmas.com.mx/ciudad-de-mexico/que-paso-linea-b-metro-cdmx-hoy-25-de-diciembre-2025-causa-retrasos-servicio/,,
ANOM-363,2026-02-22 0:00:00,linea 1,isabel la católica,Baja (Caída atípica),-6384,7736,Terminado,Clima Extremo (Inundaciones severas),"Debido a la presencia de lluvia implementan marcha lenta en las Líneas 1,3,4 y 8; piden tener paciencia.",https://www.tvazteca.com/aztecanoticias/metro-cdmx-hoy-22-febrero-2026-en-vivo-avance-trenes-e-incidencias/,,
ANOM-309,2025-09-06 0:00:00,linea 7,barranca del muerto,Baja (Caída atípica),-6567,18286,Terminado,"Falla Mecánica (Tren averiado, puertas, desalojo)","La Línea 7 del metro que corre de Rosario a Barranca del Muerto, usuarios solicitan que se muevan los trenes en ambas direcciones, por ello, reportan algunos retrasos",https://www.reporteindigo.com/Que-pasa-en-el-Metro-CDMX-HOY-6-de-septiembre-Retrasos-en-estaciones-y-afectaciones-lb202509060001.html,,
ANOM-314,2025-09-16 0:00:00,linea 12,nopalera,Baja (Caída atípica),-6704,10524,Terminado,Feriado No Oficial / Cultural,no se reportaron incidencias pero fue dentro de las fechas patrias,,,
ANOM-106,2023-04-03 0:00:00,linea b,ecatepec,Baja (Caída atípica),-6795,16072,Terminado,Efecto Sustitución (Falla en Metrobús u otra línea o estación),Incio operaciones el mexicable de Ecatepec ,https://www.dondeir.com/ciudad/linea-2-del-mexicable-de-ecatepec-a-indios-verdes-en-29-minutos/2023/03/#google_vignette,,Por inicio de operaciones del mexicable de Ecatepec puede explicar la baja de afluencia de esa estaciòn de metro 
ANOM-211,2024-07-08 0:00:00,linea a,los reyes,Baja (Caída atípica),-6898,10985,Terminado,"Incidente Externo (Persona en vías, riña, salud)",no se reportaron incidentes ,https://www.youtube.com/watch?v=2-7PvvhM73M&t=41s,,en la linea 2 se suspendio el servicio por corto circuito
ANOM-158,2023-12-24 0:00:00,linea 2,bellas artes,Baja (Caída atípica),-6931,17214,Terminado,"Evento Masivo (Concierto, partido, manifestación)",Experiencia inmersiva Van Gogh Dreams,https://www.tusbuenasnoticias.com/noticias/mexico/2023/12/19/27052-que-hacer-en-la-cdmx-en-este-diciembre-2023,,Experiencia cerca de ballas artes por las fechas navideñas
ANOM-290,2025-05-10 0:00:00,linea 1,zaragoza,Baja (Caída atípica),-6997,17787,Terminado,Clima Extremo (Inundaciones severas),operó con retrasos y marcha lenta debido a las fuertes lluvias que afectaron a gran parte de la Ciudad de México durante el Día de las Madres.,https://heraldodemexico.com.mx/nacional/2025/5/10/metro-cdmx-estas-son-las-lineas-afectadas-por-lluvias-hoy-sabado-10-de-mayo-697994.html,,
ANOM-347,2025-12-24 0:00:00,linea 1,isabel la católica,Baja (Caída atípica),-7026,9421,Terminado,Feriado No Oficial / Cultural,"operó bajo un horario especial de Nochebuena, cerrando sus puertas a las 23:00 horas, con la última salida de trenes desde las terminales a las 22:30 horas.",https://www.infobae.com/mexico/2025/12/24/metro-cdmx-y-metrobus-hoy-24-de-diciembre/,,
ANOM-278,2025-04-13 0:00:00,linea 1,pantitlán,Baja (Caída atípica),-7030,15101,Terminado,Falla Oculta (No hay reporte oficial del incidente),falta de trenes en varias estaciones este día,https://www.nmas.com.mx/ciudad-de-mexico/que-lineas-metro-cdmx-tienen-retrasos-tarde-hoy-13-de-abril-2026-lista-estaciones/,,"Por la mañana solo había 10 trenes en las siguientes estaciones, lo que provocó aglomeraciones y caos en las estaciones. 
Líneas 1,2,3,7,8,9, B y 12 mientras que en estas tan solo habia 3 trenes 4,5,6 y A."
ANOM-180,2024-03-28 0:00:00,linea 2,chabacano,Baja (Caída atípica),-7086,14975,Terminado,Falla Oculta (No hay reporte oficial del incidente),Usuarios registraron retraso en pasar el tren,https://www.adn40.mx/ciudad/metro-cdmx-hoy-28-marzo-2024-lineas-2-8-a-b-retrasos-mas-20-minutos/,,Retrasos en el servicio sin registro de la causa oficial
ANOM-349,2025-12-25 0:00:00,linea 5,pantitlán,Baja (Caída atípica),-7256,19703,Terminado,Feriado No Oficial / Cultural,operó con el horario especial de día festivo (07:00 a 24:00 horas) y registró retrasos significativos,https://www.google.com/amp/s/www.tvazteca.com/aztecanoticias/que-pasa-metro-cdmx-hoy-jueves-25-diciembre-2025/%3f_amp=true,,
ANOM-205,2024-05-10 0:00:00,linea a,tepalcates,Baja (Caída atípica),-7432,23338,Terminado,Feriado No Oficial / Cultural,se reportaron algunos retrasos en el servicio por el festejo del día de las madres,,,
ANOM-266,2025-02-03 0:00:00,linea 12,insurgentes sur,Baja (Caída atípica),-7611,12584,Terminado,"Falla Mecánica (Tren averiado, puertas, desalojo)",Se realiza un corte de corriente y maniobras en la Línea 12 para rescatar a un perrito de zona de vista,https://x.com/MetroCDMX/status/1886584732328108369?ref_src=twsrc%5Etfw%7Ctwcamp%5Etweetembed%7Ctwterm%5E1886584732328108369%7Ctwgr%5Ee9200205aed1976aa47522b18bbcc531dbf44767%7Ctwcon%5Es1_&ref_url=https%3A%2F%2Fwww.tvazteca.com%2Faztecanoticias%2Fmetro-cdmx-en-vivo-que-pasa-hoy-lunes-3-febrero-2025-minuto-a-minuto,,
ANOM-273,2025-03-09 0:00:00,linea 12,insurgentes sur,Baja (Caída atípica),-7627,13383,Terminado,"Evento Masivo (Concierto, partido, manifestación)",Bloqueo en Insurgentes Sur afectó la circulación y el servicio del Metrobús,https://www.adn40.mx/ciudad/2025-03-19/bloqueo-ambos-sentidos-insurgentes-sur-cierre-estaciones-metrobus/,,
ANOM-259,2024-12-24 0:00:00,linea 7,san joaquín,Baja (Caída atípica),-7736,14428,Terminado,"Incidente Externo (Persona en vías, riña, salud)", se realizan maniobras para retirar persona ajena que bajó a vías de la Línea 7,https://heraldodemexico.com.mx/nacional/2024/12/24/que-pasa-en-las-lineas-del-metro-hoy-24-de-diciembre-de-2024-663840.html,,
ANOM-141,2023-10-30 0:00:00,linea b,ecatepec,Baja (Caída atípica),-7832,16181,Terminado,Falla Oculta (No hay reporte oficial del incidente),Usuarios registraron largas esperas,https://www.infobae.com/mexico/2023/10/30/metro-y-metrobus-cdmx-hoy-noticias-retrasos-avances-y-fallas-en-las-lineas-este-30-de-octubre/,,Se registraron esperadas de hasta 30 minutos y falta de unidades pero ninguna causa registrada oficialmente
ANOM-223,2024-08-31 0:00:00,linea 7,barranca del muerto,Baja (Caída atípica),-7938,15079,Terminado,"Cierre Programado (Mantenimiento, remodelación)",cerró temprano por mantenimiento,https://www.infobae.com/mexico/2024/08/29/suspenden-servicio-en-la-linea-7-del-metro-cdmx-que-estaciones-cerraran-temprano-fecha-y-horario/,,
ANOM-313,2025-09-15 0:00:00,linea b,nezahualcóyotl,Baja (Caída atípica),-8025,13800,Terminado,Clima Extremo (Inundaciones severas),experimentó una jornada marcada principalmente por retrasos en el servicio y afectaciones derivadas de condiciones climáticas extremas en la zona.,https://www.jornada.com.mx/noticia/2025/09/15/estados/tromba-deja-severas-inundaciones-en-nezahualcoyotl-y-la-paz,,
ANOM-94,2023-02-19 0:00:00,linea 1,balderas,Baja (Caída atípica),-8094,13428,Terminado,"Cierre Programado (Mantenimiento, remodelación)",remodelación linea 1,https://www.tvazteca.com/aztecanoticias/que-pasa-metro-cdmx-hoy-domingo-19-febrero-anl-capg,,
ANOM-63,2022-10-09 0:00:00,linea a,pantitlán,Baja (Caída atípica),-8195,20161,Terminado,"Evento Masivo (Concierto, partido, manifestación)",Diferentes manifestaciones tuvieron lugar en la ciudad,https://www.telediario.mx/comunidad/marchas-manifestaciones-cdmx-9-octubre-2022,,Diferentes manifestaciones en distintos puntos de la ciudad ocurrieron este dia lo que puede explicar la diferencia de afluencia
ANOM-81,2022-12-31 0:00:00,linea 9,chilpancingo,Baja (Caída atípica),-8317,15076,Terminado,Falla Oculta (No hay reporte oficial del incidente),No hay informacion ni reportes oficiales para explicar con certeza la baja de la afluencia,https://heraldodemexico.com.mx/nacional/2022/12/29/concierto-de-los-angeles-azules-afectaciones-alternativas-viales-por-el-evento-del-31-de-diciembre-469637.html,https://cultura.cdmx.gob.mx/comunicacion/nota/458-22,Aunque no hay información ni reportes oficiales puede que la baja afluencia sea dado a el evento masivo del concierto de los angeles azules en el centro de la ciudad
ANOM-370,2026-03-29 0:00:00,linea 12,insurgentes sur,Baja (Caída atípica),-8431,12986,Terminado,"Falla Mecánica (Tren averiado, puertas, desalojo)","cierre de estaciones de la linea 2, además retrasos en la linea 7 que conectan con esta estación","https://www.adn40.mx/ciudad/2026-03-29/metro-metrobus-cdmx-hoy-29-marzo-retrasos-cierres-rutas-afectadas/#:~:text=Este%20domingo%2029%20de%20marzo,y%20ajustes%20por%20actividades%20dominicales.",,
ANOM-219,2024-08-18 0:00:00,linea 9,velódromo,Baja (Caída atípica),-8597,23276,Terminado,Falla Oculta (No hay reporte oficial del incidente),no se reportaron incidentes ,,,
ANOM-282,2025-04-19 0:00:00,linea 2,chabacano,Baja (Caída atípica),-8711,12019,Terminado,Feriado No Oficial / Cultural,"operó bajo un horario especial de día festivo (Viernes Santo), iniciando servicio a las 7:00 de la mañana",,,
ANOM-169,2024-01-24 0:00:00,linea 3,miguel ángel de quevedo,Baja (Caída atípica),-8881,23639,Terminado,"Falla Mecánica (Tren averiado, puertas, desalojo)",Revision de un tren ,https://www.tvazteca.com/aztecanoticias/metro-cdmx-en-vivo-que-esta-hoy-miercoles-24-enero,,Retrasos en el servicio  por revisión de un tren de la ruta
ANOM-261,2024-12-25 0:00:00,linea 5,pantitlán,Baja (Caída atípica),-8911,20206,Terminado,Contingencia Ambiental,La CAMe informó que la contaminación derivada de la quema de pirotecnia y las fogatas que se realizan durante Nochebuena o Navidad puede activar una contingencia ambiental,https://www.nmas.com.mx/ciudad-de-mexico/reporte-de-calidad-del-aire-hoy-25-de-diciembre-2024-en-cdmx-y-zona-metropolitana-del-valle-de-mexico-posible-contingencia/,,
ANOM-99,2023-03-12 0:00:00,linea 1,balderas,Baja (Caída atípica),-8991,13511,Terminado,"Cierre Programado (Mantenimiento, remodelación)",por remodelación cerraron estaciones de esta linea a partir del 1 de marzo,https://www.infobae.com/mexico/2023/03/01/cuando-cerrara-el-tramo-balderas-observatorio-de-la-linea-1-del-metro/,,
ANOM-97,2023-03-05 0:00:00,linea 1,balderas,Baja (Caída atípica),-8998,13130,Terminado,"Cierre Programado (Mantenimiento, remodelación)",por remodelación cerraron estaciones de esta linea a partir del 1 de marzo,https://www.infobae.com/mexico/2023/03/01/cuando-cerrara-el-tramo-balderas-observatorio-de-la-linea-1-del-metro/,,
ANOM-188,2024-03-29 0:00:00,linea b,deportivo oceanía,Baja (Caída atípica),-9012,5134,Terminado,Falla Oculta (No hay reporte oficial del incidente),"fallas y retrasos en el servicio de HOY 29 de abril del 2024, principalmente en las Líneas A, 7 y B.a",https://www.milenio.com/politica/comunidad/metro-metrobus-cdmx-hoy-29-marzo-2024-ultimas-noticias-en-vivo-atm,,toda la linea b presentó fallas en esa fecha por reparaciones 
ANOM-264,2025-01-26 0:00:00,linea 12,insurgentes sur,Baja (Caída atípica),-9024,11721,Terminado,"Incidente Externo (Persona en vías, riña, salud)",en la estación no pasó nada pero en su conexión con la linea 3  a una persona se le cayó su celular,https://www.infobae.com/mexico/2026/01/26/metro-cdmx-y-metrobus-hoy-26-de-enero/,,"Un celular cayó a la zona de vías de la Línea 3 del Metro de la Ciudad de México, informó el transporte público capitalino."
ANOM-258,2024-12-24 0:00:00,linea 3,deportivo 18 de marzo,Baja (Caída atípica),-9166,15062,Terminado,Falsa Alarma (Se investigó y fue ruido normal),El metro opero con normalidad unicamente el servicio se cerró temprano,,,
ANOM-144,2023-11-02 0:00:00,linea 7,san joaquín,Baja (Caída atípica),-9175,16214,Terminado,"Evento Masivo (Concierto, partido, manifestación)",Evento Rodada del Terror ,https://www.infobae.com/mexico/2023/11/02/metro-y-metrobus-cdmx-hoy-noticias-retrasos-avances-y-fallas-en-las-lineas-este-2-de-noviembre/,,
ANOM-257,2024-12-24 0:00:00,linea 3,copilco,Baja (Caída atípica),-9281,12849,Terminado,Falsa Alarma (Se investigó y fue ruido normal),El metro opero con normalidad unicamente el servicio se cerró temprano,,,
ANOM-108,2023-04-07 0:00:00,linea 3,eugenia,Baja (Caída atípica),-9317,3514,Terminado,"Falla Técnica / Eléctrica (Cortocircuito, energía)",Falla electrica en uno de los trenes ,https://www.record.com.mx/historia/que-paso-hoy-7-de-abril-en-la-linea-3-del-metro-cdmx-usuarios-se-quejan-por-demora-de-trenes-2026040717080215906,,"Se presento una baja en estacion por falla electrica de un tren, haciendo una suposiciòn que esta estacion es cercana a una estaciòn del metrobus "
ANOM-271,2025-02-23 0:00:00,linea 2,cuatro caminos,Baja (Caída atípica),-9707,56725,Terminado,Falla Oculta (No hay reporte oficial del incidente),"no se reportaron incidentes, sin embargo la estacion presenta una cantidad muy baka de afluencia, casi 10 mil personas",,,
ANOM-80,2022-12-31 0:00:00,linea 2,chabacano,Baja (Caída atípica),-9773,9852,Terminado,Falla Oculta (No hay reporte oficial del incidente),No hay informacion ni reportes oficiales para explicar con certeza la baja de la afluencia,https://heraldodemexico.com.mx/nacional/2022/12/29/concierto-de-los-angeles-azules-afectaciones-alternativas-viales-por-el-evento-del-31-de-diciembre-469637.html,https://cultura.cdmx.gob.mx/comunicacion/nota/458-22,Aunque no hay información ni reportes oficiales puede que la baja afluencia sea dado a el evento masivo del concierto de los angeles azules en el centro de la ciudad
ANOM-103,2023-03-20 0:00:00,linea 1,balderas,Baja (Caída atípica),-9777,10830,Terminado,Feriado No Oficial / Cultural,Megapuente por el Natalicio de Benito Juarez ,https://www.tvazteca.com/aztecanoticias/metro-cdmx-que-pasa-hoy-domingo-19-marzo-2023,,Dia feriado por ser el 3er lunes del mes de marzo por el Natalicio de Benito Juarez aunque la fecha oficial es el 21 de marzo
ANOM-181,2024-03-28 0:00:00,linea 2,revolución,Baja (Caída atípica),-9840,18003,Terminado,Feriado No Oficial / Cultural,Jueves santo la estación tuvo horario festivo empezando a operar 2 horas mas tarde,https://www.publimetro.com.mx/noticias/2024/03/28/metro-cdmx-molesta-a-usuarios-horario-especial-en-jueves-santo/,,Com la estación por ser jueves santo empezó a operar 2 horas mas tarde perdió afluencia
ANOM-192,2024-03-30 0:00:00,linea 2,chabacano,Baja (Caída atípica),-10021,10706,Terminado,Feriado No Oficial / Cultural,Sabado de gloria,,,
ANOM-120,2023-06-11 0:00:00,linea 1,insurgentes,Baja (Caída atípica),-10031,12961,Terminado,"Cierre Programado (Mantenimiento, remodelación)",Cierre programado por mantenimiento ,https://www.tvazteca.com/aztecanoticias/metro-cdmx-en-vivo-que-pasa-hoy-domingo-11-junio-2023,,Cierre de estacion por mantenimiento 
ANOM-107,2023-04-06 0:00:00,linea 1,observatorio,Baja (Caída atípica),-10037,25411,Terminado,Feriado No Oficial / Cultural,Jueves Santo ,https://www.tvazteca.com/aztecanoticias/que-pasa-metro-cdmx-hoy-jueves-6-abril-2023,,Inicio de festividades jueves santo 
ANOM-173,2024-02-27 0:00:00,linea 3,coyoacán,Baja (Caída atípica),-10836,16391,Terminado,"Falla Técnica / Eléctrica (Cortocircuito, energía)",Corte de energia en la estacion Zapata,https://www.tvazteca.com/aztecanoticias/metro-cdmx-en-vivo-que-pasa-hoy-martes-27-febrero-2024,,Corte de energia ademas de maniobras efectuadas para recuperar un celular en las vias 
ANOM-339,2025-12-07 0:00:00,linea 9,pantitlán,Baja (Caída atípica),-11630,25665,Terminado,"Falla Mecánica (Tren averiado, puertas, desalojo)",retrasos en la linea A que no pasaban trenes hacia pantitlan,https://www.tvazteca.com/aztecanoticias/metro-cdmx-hoy-7-diciembre-2025-retrasos-y-avance-trenes-linea-a-linea-1-linea-7-linea-9-linea-1-que-paso,,
ANOM-187,2024-03-29 0:00:00,linea a,santa marta,Baja (Caída atípica),-12809,17198,Terminado,Feriado No Oficial / Cultural,Viernes santo,,,
ANOM-337,2025-11-25 0:00:00,linea 2,hidalgo,Baja (Caída atípica),-13696,13231,Terminado,"Evento Masivo (Concierto, partido, manifestación)","cierres en la estación Zócalo- Tenochtitlán de la Línea 2, esto sería debido a la Marcha del 25N que tiene el objetivo de hacer consciencia respecto a la eliminación de la violencia contra la mjer.","https://www.tvazteca.com/aztecanoticias/metro-cdmx-que-pasa-lineas-y-estaciones-hoy-25-noviembre-2025#:~:text=%F0%9F%9F%A2%20Inicio%20de%20operaciones%20HOY,Observatorio%20y%20Salto%20del%20Agua.",,
ANOM-157,2023-12-24 0:00:00,linea 12,periférico oriente,Baja (Caída atípica),-13995,19559,Terminado,"Cierre Programado (Mantenimiento, remodelación)",Linea 12 parcialmente cerrada ,https://www.tvazteca.com/aztecanoticias/metro-cdmx-en-vivo-que-pasa-hoy-domingo-24-diciembre-2023,,La linea 12 llegaba hasta la estacion periferico oriente 
ANOM-293,2025-05-15 0:00:00,linea 3,copilco,Baja (Caída atípica),-13997,25147,Terminado,"Falla Mecánica (Tren averiado, puertas, desalojo)","experimentó una jornada de servicio lento y retrasos generalizados, usuarios reportan trenes casi parados.",https://www.nmas.com.mx/ciudad-de-mexico/que-paso-linea-3-metro-cdmx-hoy-15-de-mayo-2025-reportan-avance-tiempo-real/,,
ANOM-137,2023-10-04 0:00:00,linea 2,pino suárez,Baja (Caída atípica),-14152,17360,Terminado,"Incidente Externo (Persona en vías, riña, salud)","Se registraron varios incidentes, una mujer da a luz a su bebe en las escaleras del Metro Hidalgo",https://www.infobae.com/mexico/2023/10/04/metro-y-metrobus-cdmx-hoy-noticias-retrasos-avances-y-fallas-en-las-lineas-este-4-de-octubre/,https://www.tvazteca.com/aztecanoticias/metro-cdmx-en-vivo-que-pasa-hoy-miercoles-4-octubre-2023,"Se registraron varios incidentes ese día uno de ellos una mujer dio a luz a su bebe en una estacion, otra fue el desalojo en la estación Bellas Artes"
ANOM-234,2024-11-02 0:00:00,linea 12,tláhuac,Baja (Caída atípica),-14528,31727,Terminado,Falla Oculta (No hay reporte oficial del incidente),posible afluencia normal por el dia de muertos,,,
ANOM-368,2026-03-17 0:00:00,linea 2,san antonio abad,Baja (Caída atípica),-14916,0,Terminado,"Cierre Programado (Mantenimiento, remodelación)",se anunció el cierre de esta estación,https://www.jornada.com.mx/noticia/2026/03/14/capital/metro-cdmx-anuncia-cierre-de-la-estacion-san-antonio-abad-de-la-l2,https://www.reporteindigo.com/ultimas-noticias-metro-cdmx-hoy-martes-17-de-marzo-2026-retrasos-afluencia-y-lineas-sin-servicio-lb202603170001.html,
ANOM-154,2023-12-18 0:00:00,linea 3,coyoacán,Baja (Caída atípica),-15205,7494,Terminado,"Evento Masivo (Concierto, partido, manifestación)",Manifestaciones en la alcaldia Coyoacán,https://www.telediario.mx/comunidad/marchas-manifestaciones-cdmx-18-diciembre-2023,https://www.tvazteca.com/aztecanoticias/metro-cdmx-en-vivo-que-pasa-este-lunes-18-diciembre-2023,
ANOM-146,2023-11-10 0:00:00,linea 1,observatorio,Baja (Caída atípica),-15508,0,Terminado,"Cierre Programado (Mantenimiento, remodelación)",Cierre programado de un tramo de la Linea 1 ,https://www.nmas.com.mx/ciudad-de-mexico/estaciones-abiertas-cerradas-linea-1-metro-cdmx-2023-2024/,,Cierre programado de la Linea desde la estacion Observatorio-Balderas
ANOM-124,2023-07-29 0:00:00,linea 9,puebla,Baja (Caída atípica),-15568,21443,Terminado,"Evento Masivo (Concierto, partido, manifestación)",Evento en el Pabellon Oeste Palacio de los Deportes ,https://www.tvazteca.com/aztecanoticias/marchas-hoy-manifestaciones-en-cdmx-este-29-julio-2023,https://www.indierocks.mx/agenda/human-tetris-se-presentara-en-el-pabellon-oeste/,Concierto en el Pabellon Oeste del Palacio de los Deportes evento cerca de la estación
ANOM-168,2024-01-22 0:00:00,linea 7,barranca del muerto,Baja (Caída atípica),-15993,16184,Terminado,"Falla Técnica / Eléctrica (Cortocircuito, energía)",Explosión en vagon del metro,https://lasillarota.com/metropoli/2023/1/23/metro-cdmx-asi-fue-la-explosion-en-barranca-del-muerto-linea-411104.html,,Usuario escucharon una explosión posteriormente comenzo a salir humo
ANOM-294,2025-05-17 0:00:00,linea 12,tláhuac,Baja (Caída atípica),-16006,32708,Terminado,"Evento Masivo (Concierto, partido, manifestación)","Las autoridades capitalinas esperan 2 marcha, 8 concentraciones, 1 rodada motociclista, 6 rodadas ciclistas y 33 eventos de esparcimiento durante la jornada de este sábado en la capital del país.",https://www.nmas.com.mx/ciudad-de-mexico/marchas-hoy-sabado-17-de-mayo-de-2025-en-cdmx-manifestaciones-y-concentraciones/,,
ANOM-246,2024-11-24 0:00:00,linea 12,tláhuac,Baja (Caída atípica),-16210,23891,Terminado,"Incidente Externo (Persona en vías, riña, salud)",una persona se lanzó a las vías del tren por lo que fue necesario activar los protocolos de rescate,https://heraldodemexico.com.mx/nacional/2024/11/24/metro-cdmx-que-pasa-en-la-linea-12-hoy-domingo-24-de-noviembre-2024-656473.html,,
ANOM-184,2024-03-29 0:00:00,linea 2,hidalgo,Baja (Caída atípica),-17270,15271,Terminado,Feriado No Oficial / Cultural,Viernes santo,https://mexico.as.com/actualidad/semana-santa-2024-jueves-y-viernes-santo-son-dias-festivos-o-de-descanso-obligatorio-en-mexico-n/,,Viernes santo diversos eventos religiosos combinado con vacaciones explican la baja afluencia de personas en la estación
ANOM-204,2024-05-10 0:00:00,linea 8,constitución de 1917,Baja (Caída atípica),-18813,91577,Terminado,Feriado No Oficial / Cultural,se reportaron algunos retrasos en el servicio por el festejo del día de las madres,,,
ANOM-30,2022-04-15 0:00:00,linea 3,copilco,Baja (Caída atípica),-19303,9803,Terminado,Feriado No Oficial / Cultural,Viernes santo,https://mexico.as.com/actualidad/semana-santa-2022-viernes-santo-en-vivo-viacrucis-en-iztapalapa-y-otros-sitios-n/,https://www.infobae.com/fotos/2022/04/16/dolor-pasion-y-calor-las-fotos-del-viacrucis-de-semana-santa-2022-en-iztapalapa/,Celebración de viernes santo
ANOM-142,2023-11-01 0:00:00,linea 3,copilco,Baja (Caída atípica),-20371,20688,Terminado,"Falla Mecánica (Tren averiado, puertas, desalojo)",Retiro de tren debido a fallas mecanicas,https://www.adn40.mx/ciudad/metro-cdmx-hoy-1-noviembre-2023-saturadas-las-lineas-b-3-8/,https://www.tvazteca.com/aztecanoticias/metro-cdmx-en-vivo-que-pasa-hoy-miercoles-1-noviembre-2023,"Se registraron largas esperas y los convoys tienen un avance lento en plena hora pico, debido a fallas en un tren "
ANOM-86,2023-01-14 0:00:00,linea 2,bellas artes,Baja (Caída atípica),-20407,4000,Terminado,"Evento Masivo (Concierto, partido, manifestación)","Manifestación de mujeres en la estación quienes dejaron entrar libremente a la estación, por lo que los registros de ingreso fue tan bajo",https://www.elfinanciero.com.mx/cdmx/2023/01/14/colectiva-de-mujeres-protesta-por-presencia-de-guardia-nacional-en-metro-de-cdmx/,,
ANOM-241,2024-11-15 0:00:00,linea 2,zócalo/tenochtitlan,Baja (Caída atípica),-23989,12562,Terminado,"Evento Masivo (Concierto, partido, manifestación)",cierre de estación por marchas ,https://x.com/MetroCDMX/status/1857507859787035009?ref_src=twsrc%5Etfw%7Ctwcamp%5Etweetembed%7Ctwterm%5E1857507859787035009%7Ctwgr%5Ea40bd18b510f01784e2eae50928c17f6816761dd%7Ctwcon%5Es1_&ref_url=https%3A%2F%2Fwww.adn40.mx%2Fciudad%2F2024-11-15%2Fcierran-estacion-zocalo-metro-cdmx-hoy-15-noviembre-alternativas%2F,,"permaneció cerrada, junto con Allende, debido a diversas movilizaciones y marchas programadas en el Centro Histórico"
ANOM-156,2023-12-19 0:00:00,linea 9,pantitlán,Baja (Caída atípica),-24688,0,Terminado,"Cierre Programado (Mantenimiento, remodelación)",Cierre de algunas estaciones Linea 9,https://www.tvazteca.com/aztecanoticias/metro-cdmx-en-vivo-que-pasa-hoy-martes-19-diciembre-2023,,"Cierre de estaciones: Pantitlan, Puebla y Ciudad Deportiva"
ANOM-68,2022-11-02 0:00:00,linea 3,copilco,Baja (Caída atípica),-24986,14096,Terminado,Feriado No Oficial / Cultural,Suspensión de clases en la unam y cambio de evento cercano a otra sede,https://mexico.as.com/actualidad/unam-calendario-escolar-2022-2023-cuando-inician-clases-y-dias-festivos-n/,https://www.dgcs.unam.mx/boletin/bdboletin/2022_902bis.html,La unam suspendió clases este día por lo que estudiantes que usan la estación no asistieron además del cambio de sede de un evento de día de muertos lo que movio la afluencia a otro lado de la ciudad
ANOM-245,2024-11-18 0:00:00,linea 2,zócalo/tenochtitlan,Baja (Caída atípica),-25170,2244,Terminado,Feriado No Oficial / Cultural,El cierre se debió al puente vacacional por la conmemoración del 20 de noviembre (Día de la Revolución Mexicana).,,,
ANOM-336,2025-11-25 0:00:00,linea 2,pino suárez,Baja (Caída atípica),-26188,6035,Terminado,"Evento Masivo (Concierto, partido, manifestación)","cierres en la estación Zócalo- Tenochtitlán de la Línea 2, esto sería debido a la Marcha del 25N que tiene el objetivo de hacer consciencia respecto a la eliminación de la violencia contra la mjer.","https://www.tvazteca.com/aztecanoticias/metro-cdmx-que-pasa-lineas-y-estaciones-hoy-25-noviembre-2025#:~:text=%F0%9F%9F%A2%20Inicio%20de%20operaciones%20HOY,Observatorio%20y%20Salto%20del%20Agua.",,
ANOM-190,2024-03-29 0:00:00,linea b,buenavista,Baja (Caída atípica),-28037,25391,Terminado,Efecto Sustitución (Falla en Metrobús u otra línea o estación),"Buenavista, los usuarios reportan tiempos de espera de 10 minutos en la estación San Lázaro (que conecta con el Metrobús).",https://www.milenio.com/politica/comunidad/metro-metrobus-cdmx-hoy-29-marzo-2024-ultimas-noticias-en-vivo-atm,,toda la linea b presentó fallas en esa fecha por reparaciones 