fecha,dia_semana,linea,estacion,afluencia_esperada_prophet,yhat_lower,yhat_upper,prob_critica,riesgo_relativo,riesgo_vs_mismo_dia,ranking_en_el_dia
2026-08-14,Friday,linea 4,santa anita,2284.752703444482,1701.777934571305,2780.6418797964834,0.29462668,10.382106,23.78392,1
2026-08-16,Sunday,linea 4,santa anita,1862.7556747299986,1331.5800399617863,2412.5820595110563,0.33892593,11.94313,20.749987,1
2026-08-15,Saturday,linea 4,santa anita,2263.166461492661,1757.8793372933296,2812.9100069013834,0.28549787,10.060423,20.740335,1
2026-08-25,Tuesday,linea 9,ciudad deportiva,8967.803197084488,2933.2509328170036,15585.49562444965,0.32813874,11.563009,20.091478,1
2026-08-10,Monday,linea 4,santa anita,2101.1692565764843,1562.5403820553151,2675.4494709432583,0.29534936,10.407572,19.011261,1
2026-08-16,Sunday,linea 4,consulado,2756.3112502540644,1999.9049347197254,3445.2123704858273,0.2969891,10.465353,18.182499,2
2026-08-17,Monday,linea 4,santa anita,2230.534810154775,1698.065629771706,2794.51315208476,0.27858654,9.81688,17.93226,1
2026-08-26,Wednesday,linea 9,ciudad deportiva,9489.097346913075,3388.587707355187,16172.991635611697,0.2687649,9.470784,17.718115,1
2026-08-15,Saturday,linea 4,consulado,3561.1876218438983,2881.563123777228,4246.1212475188195,0.23541936,8.295748,17.102322,2
2026-08-17,Monday,linea 4,consulado,3933.5143988126833,3198.9168134505176,4654.998697821018,0.26113158,9.201799,16.808706,2
2026-08-27,Thursday,linea 9,ciudad deportiva,9540.034786472392,2948.55237864576,15948.87885654168,0.2100693,7.4024577,16.004248,1
2026-08-19,Wednesday,linea 4,santa anita,2343.462233996488,1823.8589927277874,2920.0584696742435,0.23339553,8.224432,15.386417,1
2026-08-11,Tuesday,linea 4,santa anita,2223.9038554044523,1664.6514249354657,2736.7988292919736,0.244307,8.608932,14.958577,1
2026-08-20,Thursday,linea 4,santa anita,2364.3794442043345,1813.0500093154837,2926.7789165805525,0.19581501,6.9001627,14.918276,1
2026-08-13,Thursday,linea 4,santa anita,2278.8018705784466,1746.6801856678755,2862.1738329164145,0.18657851,6.5746856,14.214588,1
2026-08-23,Sunday,linea 9,ciudad deportiva,8417.345780010377,2595.5700180658964,14816.848466402978,0.2317073,8.164942,14.185764,1
2026-08-19,Wednesday,linea 4,consulado,4103.937477922014,3370.6058892507563,4806.449903360922,0.2114852,7.452352,13.941996,2
2026-08-18,Tuesday,linea 4,santa anita,2340.0138594271116,1753.634870233501,2925.6913544324657,0.22712831,8.003587,13.90675,1
2026-08-18,Tuesday,linea 4,consulado,4058.946287751821,3316.3575905799607,4752.879679709936,0.22610684,7.9675913,13.844207,2
2026-08-20,Thursday,linea 4,consulado,4088.292549260126,3406.0838828503656,4798.551747219874,0.17950046,6.325268,13.675343,2
2026-08-14,Friday,linea 4,consulado,4083.178784619348,3377.0607032265657,4809.029130275747,0.16919084,5.9619756,13.658034,2
2026-08-24,Monday,linea 9,ciudad deportiva,8639.909805870748,2454.935553922676,14871.570018559578,0.2075095,7.3122554,13.357121,1
2026-08-17,Monday,linea 9,ciudad deportiva,8145.142403145279,2037.9489958567783,14593.845495009864,0.20282781,7.147281,13.055767,3
2026-08-30,Sunday,linea 9,ciudad deportiva,7977.852023256306,1955.8754558629223,14184.333017715966,0.20512365,7.2281823,12.558239,1
2026-08-28,Friday,linea 9,ciudad deportiva,10219.045833235281,4013.6764982581535,16179.389554222442,0.1554525,5.477862,12.548999,1
2026-08-20,Thursday,linea 9,ciudad deportiva,9547.517903981257,2930.6739350726757,16007.498075918022,0.15856275,5.5874615,12.080192,3
2026-08-21,Friday,linea 4,santa anita,2353.50965494967,1817.6005360282466,2879.754679677363,0.1453499,5.121865,11.73346,1
2026-08-26,Wednesday,linea 9,chabacano,13673.541066768195,10317.171143185324,17084.243957167535,0.17735228,6.24957,11.69181,2
2026-08-16,Sunday,linea 8,chabacano,3365.819049274267,2205.046614777826,4582.98157104071,0.1856558,6.542171,11.366364,3
2026-08-25,Tuesday,linea 9,chabacano,13515.456691002668,9968.972068029927,17017.135755810606,0.18181026,6.406661,11.131989,2
2026-08-19,Wednesday,linea 9,chabacano,13597.574841076263,10157.868865999573,17260.589247366723,0.16585407,5.844394,10.933799,3
2026-08-09,Sunday,linea 4,santa anita,1721.7362419669496,1177.9099211847533,2251.0398167694575,0.17838904,6.2861037,10.921473,1
2026-08-23,Sunday,linea 4,santa anita,1896.0482475900546,1349.1479769485475,2436.2188777653882,0.17431107,6.1424036,10.671807,2
2026-08-19,Wednesday,linea 9,ciudad deportiva,9331.674560702995,2913.673581516583,16154.261814146032,0.16133001,5.6849747,10.635554,4
2026-08-23,Sunday,linea 4,consulado,2779.5563076955195,2021.755168684774,3542.938049322205,0.1733713,6.1092877,10.614272,3
2026-08-21,Friday,linea 9,chabacano,13567.57778399319,9903.650254349377,16922.931546746575,0.131283,4.626173,10.597901,2
2026-08-23,Sunday,linea 8,chabacano,3523.1025392918586,2377.4692575175955,4628.9222791526,0.17231789,6.0721674,10.54978,4
2026-08-18,Tuesday,linea 9,ciudad deportiva,8641.55055512046,2242.969134439896,15001.90270371027,0.1722257,6.0689187,10.545139,3
2026-08-13,Thursday,linea 4,consulado,3998.55280677811,3253.846570795329,4702.64322485975,0.13828859,4.873037,10.535593,2
2026-08-16,Sunday,linea 9,ciudad deportiva,7758.671747500842,1086.881429936146,14313.778224435826,0.17187876,6.056693,10.522895,4
2026-08-20,Thursday,linea 9,chabacano,13682.450318943092,10134.047426319772,17164.01282983707,0.13772799,4.8532825,10.492884,4
2026-08-12,Wednesday,linea 4,consulado,3992.255424315822,3235.229632908446,4659.615790432403,0.15687186,5.5278773,10.341654,1
2026-08-12,Wednesday,linea 4,santa anita,2242.020395139024,1663.8499313899392,2777.755047637352,0.15672882,5.522837,10.332224,2
2026-08-22,Saturday,linea 4,santa anita,2314.4046164936144,1778.7774542602701,2868.5593586619616,0.1406044,4.9546423,10.2143755,1
2026-08-27,Thursday,linea 9,chabacano,13665.298068997734,10296.319615086319,17263.91344130111,0.12874474,4.536729,9.80849,2
2026-08-29,Saturday,linea 9,ciudad deportiva,10661.498957224112,4247.754770849452,16783.032166357316,0.13279963,4.679616,9.6473875,1
2026-08-09,Sunday,linea 4,consulado,2584.6198610147176,1901.2579534954436,3230.623059442037,0.15440726,5.4410295,9.453241,2
2026-08-15,Saturday,linea 9,chabacano,12612.286165857644,9246.207616511136,16129.775732233908,0.1289965,4.545601,9.371106,3
2026-08-10,Monday,linea 4,consulado,3780.495916136585,3092.029862720811,4543.101638973214,0.14513744,5.114378,9.342312,2
2026-08-28,Friday,linea 9,chabacano,13463.393328934024,9963.462721831487,17087.323672625276,0.11566701,4.075894,9.337291,2
2026-08-22,Saturday,linea 9,chabacano,13080.590616682151,9678.641282568706,16425.949791225903,0.1256957,4.429287,9.131315,2
2026-08-17,Monday,linea 9,chabacano,12787.88051461901,9461.750542827143,16205.205617289519,0.1414151,4.9832096,9.10271,4
2026-08-22,Saturday,linea 4,consulado,3606.346527455401,2871.97607417283,4314.715935081713,0.125271,4.4143214,9.100462,3
2026-08-17,Monday,linea 8,chabacano,5069.9313792663725,3876.56452670885,6240.89899990304,0.14046337,4.949672,9.041448,5
2026-08-24,Monday,linea 8,chabacano,5205.350898976144,4103.4631686956145,6274.468213116052,0.14012273,4.937669,9.019521,2
2026-08-30,Sunday,linea 8,chabacano,3522.148650752777,2365.794701523911,4611.674728399072,0.14732051,5.191305,9.01937,2
2026-08-21,Friday,linea 9,ciudad deportiva,10383.443035879583,3725.73440361123,16600.49560123991,0.11107835,3.914198,8.966868,3
2026-08-24,Monday,linea 4,santa anita,2245.734054752667,1666.1492164612737,2749.971169398214,0.13843434,4.878173,8.910842,3
2026-08-11,Tuesday,linea 4,consulado,3926.0488871538573,3216.6696686397026,4684.007228952581,0.14067027,4.956963,8.613045,2
2026-08-18,Tuesday,linea 9,chabacano,13342.257906421404,9817.647406282218,16708.305859862023,0.14050137,4.951011,8.602703,4
2026-08-21,Friday,linea 4,consulado,4150.621357970089,3498.5866366397463,4860.175427348934,0.10499365,3.6997843,8.475677,4
2026-08-28,Friday,linea 4,santa anita,2300.384451952146,1783.6120752020975,2826.771499842461,0.10447871,3.6816387,8.434108,3
2026-08-24,Monday,linea 9,chabacano,13060.328351742975,9852.587179071512,16513.712194967487,0.13092749,4.613645,8.427635,4
2026-08-27,Thursday,linea 4,santa anita,2327.1964585389965,1812.136040661436,2841.5374868982485,0.10959754,3.862017,8.34975,3
2026-08-22,Saturday,linea 9,ciudad deportiva,10971.033139701645,4669.586394632356,17610.010926910043,0.114032656,4.0183024,8.284039,4
2026-08-28,Friday,linea 8,chabacano,5433.024809118315,4327.118544926387,6566.5516744779525,0.10049269,3.5411787,8.112334,4
2026-08-14,Friday,linea 8,chabacano,5195.040137261124,4104.7175821005985,6354.671441297334,0.09931372,3.499634,8.017161,3
2026-08-26,Wednesday,linea 8,chabacano,5552.621259884578,4427.108712369308,6625.310334523992,0.12149194,4.2811537,8.00926,3
2026-08-15,Saturday,linea 8,chabacano,5463.6499731389695,4330.471795473331,6603.067152779609,0.10831389,3.8167834,7.8685923,4
2026-08-29,Saturday,linea 4,santa anita,2246.4992553103093,1728.0932949645248,2802.702199022742,0.10649057,3.752533,7.736135,2
2026-08-14,Friday,linea 9,chabacano,13006.991451454878,9406.416470882312,16429.749108377324,0.09569373,3.372072,7.724935,4
2026-08-30,Sunday,linea 4,consulado,2683.9148424709538,1943.9377381081138,3394.150571730708,0.12548253,4.421775,7.682389,3
2026-08-09,Sunday,linea 8,chabacano,3120.598926577769,2011.9426567657943,4296.341736443005,0.12499738,4.404679,7.6526866,3
2026-08-29,Saturday,linea 9,chabacano,12897.256931428008,9144.158294482288,16715.98058611591,0.103765674,3.6565125,7.538182,3
2026-08-27,Thursday,linea 8,chabacano,5450.560128241668,4373.585094600332,6615.842772523854,0.09876312,3.4802318,7.524324,4
2026-08-29,Saturday,linea 4,consulado,3522.502532381586,2790.7598693299556,4233.2562675733725,0.10342988,3.64468,7.5137877,4
2026-08-25,Tuesday,linea 4,santa anita,2337.25297318797,1801.651880720268,2888.0217587564357,0.122066595,4.3014035,7.4739676,3
2026-08-25,Tuesday,linea 8,chabacano,5402.617751004175,4356.056361028077,6595.513693418472,0.121416755,4.2785044,7.434179,4
2026-08-13,Thursday,linea 9,chabacano,13036.103180325226,9500.720810286115,16458.3704765423,0.09709054,3.4212933,7.3968973,3
2026-08-08,Saturday,linea 4,santa anita,2112.252831715693,1553.5649804952275,2648.9486685588176,0.101716965,3.5843198,7.389351,1
2026-08-02,Sunday,linea 8,chabacano,2938.130179366058,1814.5215743116125,4068.1533114034623,0.1201803,4.234934,7.357772,1
2026-08-19,Wednesday,linea 8,chabacano,5463.697651652927,4393.802770209586,6566.966053083375,0.10743427,3.7857873,7.08252,5
2026-08-26,Wednesday,linea 4,santa anita,2323.1514605460475,1802.3473587288374,2846.427946694229,0.107270576,3.780019,7.071728,4
2026-08-18,Tuesday,linea 8,chabacano,5290.152751822973,4210.588535823358,6374.284948997588,0.113391295,3.9957018,6.942791,5
2026-08-08,Saturday,linea 4,consulado,3372.6036321437105,2632.5022137490414,4089.7369904097254,0.09227805,3.2517097,6.7036495,2
2026-08-21,Friday,linea 8,chabacano,5390.892356893201,4221.053261349525,6544.712024997095,0.083003856,2.924904,6.700537,5
2026-08-12,Wednesday,linea 9,chabacano,12873.877901777341,9471.70975557221,16295.487280242854,0.101496175,3.5765395,6.691056,3
2026-08-20,Thursday,linea 8,chabacano,5385.25100491538,4277.973749213107,6514.57837850975,0.0869469,3.0638497,6.624098,5
2026-08-30,Sunday,linea 4,santa anita,1814.7319275059,1289.8700296875998,2356.011491246077,0.10464714,3.6875737,6.4067883,4
2026-08-15,Saturday,linea 9,ciudad deportiva,10157.288028705301,3986.597285719491,16477.55595474697,0.0871761,3.0719264,6.333012,5
2026-08-22,Saturday,linea 8,chabacano,5641.226156972223,4486.129464206665,6744.503895884917,0.08603617,3.031757,6.2502003,5
2026-08-16,Sunday,linea 9,chabacano,8926.572808458319,5400.1752099052665,12509.745347635899,0.09948194,3.5055616,6.0905604,5
2026-08-10,Monday,linea 9,chabacano,11941.215671298896,8417.995227861551,15710.25439522627,0.09430109,3.322998,6.0700407,3
2026-08-29,Saturday,linea 8,chabacano,5661.115071607037,4599.248220801848,6879.961409174799,0.083529286,2.9434192,6.068085,5
2026-08-30,Sunday,linea 9,chabacano,9045.093677273806,5525.262469086056,12648.8141788528,0.09846564,3.469749,6.0283394,5
2026-08-24,Monday,linea 4,consulado,3935.5518836428446,3234.257683476193,4588.079235864709,0.09333399,3.2889192,6.0077896,5
2026-08-13,Thursday,linea 8,chabacano,5173.537867717407,4000.849500964358,6304.37939136926,0.076476276,2.694884,5.826388,4
2026-08-14,Friday,linea 9,ciudad deportiva,9427.505643293662,3293.1874499883875,15339.286379893658,0.07053641,2.4855742,5.694095,5
2026-08-10,Monday,linea 8,chabacano,4828.198347043748,3654.7076533553363,5994.2126081050355,0.08730303,3.076399,5.6195846,4
2026-08-27,Thursday,linea 4,consulado,4033.8676573986368,3302.3140909997996,4705.157613165644,0.07373222,2.5981886,5.6173306,5
2026-08-03,Monday,linea 4,santa anita,1930.2454261169114,1389.5961983679872,2444.8416118078485,0.085933894,3.0281532,5.531455,1
2026-08-23,Sunday,linea 9,chabacano,9298.11719531477,5698.519260166422,12528.247933375775,0.090079375,3.1742325,5.5149093,5
2026-08-13,Thursday,linea 9,ciudad deportiva,8466.012020274591,2044.038320443339,14470.540864050114,0.07176747,2.5289545,5.467645,5
2026-08-28,Friday,linea 4,consulado,4080.5501877122447,3318.765185414923,4755.696150172984,0.0671444,2.366046,5.4202733,5
2026-08-02,Sunday,linea 9,chabacano,7227.988171373045,3603.8643886792734,10787.120780795321,0.08839363,3.1148298,5.411703,2
2026-08-11,Tuesday,linea 8,chabacano,5055.261233454163,3854.8413641083566,6157.177810157536,0.0876552,3.088809,5.367006,3
2026-08-05,Wednesday,linea 4,consulado,3766.5073245900376,3052.5806034755515,4449.967455774772,0.08106004,2.8564074,5.343819,1
2026-08-12,Wednesday,linea 8,chabacano,5238.879823351875,4051.584744113234,6438.1548744930815,0.08093911,2.8521461,5.335847,4
2026-08-11,Tuesday,linea 9,ciudad deportiva,7371.640967125781,1174.557774898215,13230.193138131664,0.08465028,2.982921,5.1830187,4
2026-08-03,Monday,linea 4,consulado,3543.309347387116,2843.8659281180567,4232.865839609696,0.08012986,2.8236299,5.157857,2
2026-08-04,Tuesday,linea 4,santa anita,2052.9466563578817,1545.8229580607006,2578.9326332947135,0.08398911,2.9596229,5.142536,1
2026-08-05,Wednesday,linea 4,santa anita,2073.042405499143,1544.174963834287,2631.2534320879886,0.07735398,2.7258127,5.0995,2
2026-08-27,Thursday,linea 2,allende,27326.402472369944,15660.916474923177,38735.84642164958,0.06663848,2.348218,5.0768895,6
2026-08-28,Friday,linea 2,allende,28937.641910090628,17640.369716377103,40712.560090765895,0.06252308,2.2031991,5.047214,6
2026-08-25,Tuesday,linea 4,consulado,4040.79192277671,3318.918129644278,4750.738868519428,0.0800282,2.8200474,4.900015,5
2026-08-26,Wednesday,linea 4,consulado,4066.8831326715836,3346.0072105652093,4802.511316848538,0.07331911,2.5836313,4.8335047,5
2026-08-04,Tuesday,linea 4,consulado,3693.1508159269592,3053.16526352732,4362.107206967882,0.078477405,2.7654002,4.8050623,2
2026-08-07,Friday,linea 4,santa anita,2125.8286751905143,1577.9153004549414,2661.743436715062,0.056389842,1.987075,4.552105,1
2026-08-07,Friday,linea 4,consulado,3879.7848804654714,3180.17396736034,4640.5655971844235,0.055338353,1.9500223,4.4672227,2
2026-08-12,Wednesday,linea 9,ciudad deportiva,8144.564435466083,1595.158796351988,14502.426696402166,0.06767383,2.3847022,4.4613442,5
2026-08-01,Saturday,linea 4,consulado,3135.617151673734,2448.310484174226,3879.282611956539,0.060835443,2.1437297,4.4194636,1
2026-08-10,Monday,linea 9,ciudad deportiva,6817.49700292953,566.6827613765314,13464.300586901125,0.06850111,2.4138536,4.409329,5
2026-08-03,Monday,linea 8,chabacano,4629.056958196428,3515.446539918442,5763.144268681134,0.06591112,2.3225875,4.2426147,3
2026-08-11,Tuesday,linea 9,chabacano,12551.308877379464,9154.922244903453,16343.014799441924,0.06909124,2.434649,4.23036,5
2026-08-02,Sunday,linea 4,santa anita,1552.7987858410872,1027.1781306837995,2087.6787558641204,0.069014914,2.4319594,4.2252846,3
2026-08-30,Sunday,linea 2,zócalo/tenochtitlan,24448.182476929203,2687.8633376717085,44627.82093792156,0.06881106,2.4247758,4.212804,6
2026-08-01,Saturday,linea 8,chabacano,5054.111138626291,3858.760619831099,6151.668981699075,0.056587666,1.9940459,4.110879,2
2026-08-09,Sunday,linea 9,chabacano,8036.880576547732,4348.778184579858,11518.430702243888,0.06579064,2.3183417,4.0278854,4
2026-08-01,Saturday,linea 2,zócalo/tenochtitlan,41813.85567614182,18985.4438222119,60508.4795675298,0.05492224,1.9353594,3.989892,3
2026-08-29,Saturday,linea 2,allende,33361.46753013999,21660.51949727401,44962.456099465075,0.052355383,1.844908,3.8034196,6
2026-08-26,Wednesday,linea 1,pino suárez,34514.62233464596,25060.777200060675,43427.15508387634,0.056737177,1.9993143,3.7403538,6
2026-08-02,Sunday,linea 4,consulado,2346.0689758621775,1627.1149142551017,3002.6519359890126,0.06080753,2.1427462,3.7228057,4
2026-08-06,Thursday,linea 8,chabacano,4937.969499373423,3854.225705238871,6131.970653979126,0.047832932,1.6855451,3.6441786,1
2026-08-25,Tuesday,linea 1,pino suárez,33193.240716422275,23496.31539727116,42586.73831259169,0.059381373,2.092491,3.6358387,6
2026-08-01,Saturday,linea 2,chabacano,23328.29256563148,17578.967843947925,29171.379135825882,0.04935985,1.7393509,3.5858054,4
2026-08-04,Tuesday,linea 8,chabacano,4841.457468358005,3722.2581754576104,6033.483688829372,0.057115547,2.0126474,3.4971054,3
2026-08-27,Thursday,linea 1,pino suárez,34482.34885728423,25148.682900356707,43911.41765313177,0.045553457,1.6052206,3.4705155,7
2026-08-06,Thursday,linea 4,consulado,3782.6969662355873,3036.0567755755233,4530.839285129058,0.04533943,1.5976787,3.45421,2
2026-08-30,Sunday,linea a,santa marta,33004.6168066872,25575.510359095693,39806.602448319274,0.05623278,1.9815403,3.4427269,7
2026-08-02,Sunday,linea 2,zócalo/tenochtitlan,25381.907787730812,4186.954664540859,44958.81523355575,0.055937026,1.9711185,3.42462,5
2026-08-30,Sunday,linea 2,allende,19918.67214648756,7597.245443377597,32390.706735668347,0.05586915,1.9687268,3.4204645,8
2026-08-16,Sunday,linea a,santa marta,31579.518362906252,24278.249053772324,39011.74250586178,0.055747706,1.9644473,3.4130294,6
2026-08-26,Wednesday,linea 2,allende,27056.824196212765,15043.404785884224,38823.759383412966,0.051063072,1.7993692,3.366293,7
2026-08-03,Monday,linea 9,chabacano,11082.44685805345,7461.776987843023,14664.828239394617,0.05173929,1.823198,3.3303921,4
2026-08-01,Saturday,linea 9,chabacano,10943.93768443345,7391.18715837348,14684.063357647801,0.045224134,1.5936158,3.2853613,5
2026-08-06,Thursday,linea 4,santa anita,2113.8394004056436,1529.6107962887531,2675.1808384517662,0.043085292,1.5182469,3.2824771,3
2026-08-03,Monday,linea 2,allende,25715.6386990368,13564.473295113834,38705.79377903607,0.05087913,1.7928874,3.2750247,5
2026-08-05,Wednesday,linea 8,chabacano,5012.820114260123,3911.483689497666,6079.6078733785225,0.048656415,1.7145631,3.2076359,3
2026-08-01,Saturday,linea 6,deportivo 18 de marzo,976.1691895064216,593.1956875558942,1357.467800685533,0.04412646,1.5549357,3.2056193,6
2026-08-25,Tuesday,linea 2,zócalo/tenochtitlan,37074.713442251144,16894.48033239664,57253.49905280276,0.052300427,1.8429714,3.2022822,7
2026-08-29,Saturday,linea 1,pantitlán,35086.0727469815,28689.470431406695,41875.45753297136,0.04396322,1.5491835,3.1937609,7
2026-08-30,Sunday,linea 1,pino suárez,30785.80040540175,21055.765315835615,40500.541503226676,0.052123982,1.8367538,3.191175,9
2026-08-10,Monday,linea 1,balbuena,8850.103884609662,7479.175538139649,10438.177530871299,0.048707347,1.7163578,3.1352298,6
2026-08-30,Sunday,linea 1,cuauhtémoc,9672.919933597786,5725.7205142097455,13178.118869998443,0.05105406,1.7990518,3.1256714,10
2026-08-28,Friday,linea 2,zócalo/tenochtitlan,38683.396707126005,17190.689072243837,57344.47427751177,0.038649578,1.3619404,3.1200109,7
2026-08-07,Friday,linea 8,chabacano,4952.986342516303,3869.0322775923146,6078.833699337451,0.03827331,1.3486814,3.0896363,3
2026-08-08,Saturday,linea 9,chabacano,11693.090196321858,8240.781630466105,15111.535566757004,0.042302728,1.4906708,3.0731323,3
2026-08-27,Thursday,linea 1,pantitlán,40032.96323359757,33739.51832687319,45431.91597326333,0.040097058,1.4129469,3.0548167,8
2026-08-05,Wednesday,linea 2,allende,27370.91854975332,15564.251774314125,39450.52300149917,0.046015363,1.6214973,3.0335267,4
2026-08-10,Monday,linea 2,allende,25155.108275863455,13301.453616367739,35988.56812183989,0.046850983,1.6509429,3.015738,7
2026-08-27,Thursday,linea 1,merced,35206.10683703061,28329.981510098038,42364.41732356051,0.03928474,1.3843224,2.99293,9
2026-08-27,Thursday,linea 2,zócalo/tenochtitlan,37186.16790689007,18356.466815525404,56770.512185002284,0.03903195,1.3754145,2.973671,10
2026-08-08,Saturday,linea 8,chabacano,5218.33728098115,4132.62560580787,6404.699102715105,0.040862065,1.4399045,2.9684737,4
2026-08-05,Wednesday,linea 9,chabacano,11950.517960636416,8656.329585602905,15503.366401850075,0.04481161,1.5790792,2.9541702,5
2026-08-27,Thursday,linea 1,cuauhtémoc,16894.718102448518,13164.379140505504,20746.50913513167,0.038555454,1.3586237,2.9373689,11
2026-08-04,Tuesday,linea 2,allende,26531.18585107444,15194.8407309727,37913.2797038098,0.04763666,1.6786288,2.9167264,4
2026-08-28,Friday,linea 1,pino suárez,37145.8531003664,27833.331749595312,46778.2771133211,0.03598256,1.2679596,2.9047143,8
2026-08-29,Saturday,linea 2,zócalo/tenochtitlan,41744.84208846326,21972.399374964138,61375.831597053424,0.039971516,1.4085231,2.9037786,8
2026-08-26,Wednesday,linea 1,merced,34949.012936974985,28040.805925748722,42324.37965448467,0.0440464,1.5521145,2.9037242,8
2026-08-01,Saturday,linea 2,nativitas,13520.183497033635,9585.345631878237,16846.49646124197,0.039845034,1.4040662,2.8945901,7
2026-08-28,Friday,linea 1,merced,37010.49399165007,29904.796871025086,43909.76023767278,0.035783947,1.2609608,2.8886812,9
2026-08-01,Saturday,linea 5,terminal aérea,14338.411791803772,11505.679506174645,16983.871838224288,0.03959344,1.3952004,2.8763127,8
2026-08-02,Sunday,linea 2,allende,19685.89835781908,7618.212675075967,32614.002254202627,0.046719607,1.6463135,2.860304,6
2026-08-06,Thursday,linea 9,chabacano,12100.10522567193,8709.565726108902,15667.648661407045,0.03748622,1.3209459,2.8559089,4
2026-08-26,Wednesday,linea 1,cuauhtémoc,16955.79746892528,13072.709897724042,20936.150487080773,0.042897288,1.511622,2.82797,9
2026-08-26,Wednesday,linea a,santa marta,47872.25774218101,40397.16117929675,55363.24091346986,0.042799685,1.5081826,2.8215356,10
2026-08-28,Friday,linea b,plaza aragón,18373.979014163426,15787.781745721208,20933.528725227046,0.03483003,1.2273465,2.8116755,10
2026-08-30,Sunday,linea b,ricardo flores magón,2742.8418591570926,1798.263732439092,3765.5039067624275,0.04590805,1.6177157,2.8106182,11
2026-08-28,Friday,linea 1,pantitlán,40916.62970370556,35363.85184281229,46844.562809837626,0.03475176,1.2245885,2.8053575,11
2026-08-28,Friday,linea 1,san lázaro,22672.13258590773,18624.574846081054,26886.62106816047,0.03474419,1.2243216,2.804746,12
2026-08-27,Thursday,linea b,plaza aragón,18038.504003611353,15451.02473046418,20657.641379736935,0.036788933,1.2963747,2.8027854,12
2026-08-27,Thursday,linea 1,san lázaro,21444.45683936733,17447.820189386774,25800.707003580115,0.03664814,1.2914134,2.792059,13
2026-08-28,Friday,linea a,peñón viejo,13904.508089318047,11695.703456722022,16199.485028996476,0.03458246,1.2186226,2.7916903,13
2026-08-26,Wednesday,linea 1,pantitlán,40219.11771362269,34405.80123250245,46331.765106022554,0.042071268,1.4825145,2.7735152,11
2026-08-02,Sunday,linea 6,deportivo 18 de marzo,610.6194438668571,213.22740749367358,987.7210700461175,0.044987805,1.5852879,2.7542784,7
2026-08-11,Tuesday,linea 1,san lázaro,23254.994233849065,18853.604906268258,27332.205142595016,0.04477459,1.5777746,2.7414856,6
2026-08-29,Saturday,linea 1,san lázaro,20852.643520229667,16630.86978767597,24892.214280200285,0.0377278,1.3294586,2.740781,9
2026-08-02,Sunday,linea 5,terminal aérea,11364.09615667827,8517.965623181424,14059.155565625333,0.044610467,1.5719913,2.7311766,8
2026-08-15,Saturday,linea 6,deportivo 18 de marzo,1077.6698704129951,671.2187245190536,1457.3114081479341,0.037571944,1.3239666,2.7294588,6
2026-08-01,Saturday,linea 4,santa anita,1947.1613996113201,1359.6091663569464,2510.391449124989,0.037527103,1.3223865,2.7262013,9
2026-08-25,Tuesday,linea 1,pantitlán,39790.86371409548,33732.35115586103,45969.48375767249,0.04405469,1.5524068,2.6974072,8
2026-08-27,Thursday,linea a,santa marta,46640.22556341123,39407.466225423814,53751.52751855517,0.035395015,1.2472556,2.696589,14
2026-08-01,Saturday,linea 2,san antonio abad,9884.395011054754,5789.327164711775,13891.084494940822,0.036992747,1.3035568,2.6873825,10
2026-08-04,Tuesday,linea 9,chabacano,11653.98738671708,8200.524050059636,15332.532444011382,0.043779455,1.5427079,2.680555,5
2026-08-01,Saturday,linea 1,san lázaro,21418.339139242948,17522.220008275617,25426.56666469697,0.036897227,1.3001908,2.6804433,11
2026-08-25,Tuesday,linea 1,merced,32838.3670188849,25567.705142645995,39694.781135069046,0.043775562,1.5425707,2.6803167,9
2026-08-02,Sunday,linea b,ricardo flores magón,2746.4494244538223,1639.3319099776847,3834.3654770228513,0.04336228,1.5280074,2.6547592,9
2026-08-25,Tuesday,linea 1,cuauhtémoc,16822.084305005013,12819.984192709035,20574.113300205976,0.043321025,1.5265536,2.6524858,10
2026-08-13,Thursday,linea 2,allende,26773.05630097888,15322.331669919651,38365.547190619945,0.034751896,1.2245933,2.6475925,6
2026-08-26,Wednesday,linea 2,zócalo/tenochtitlan,37505.13239915858,16207.53763069783,56307.330347581716,0.0401315,1.4141607,2.6456378,12
2026-08-27,Thursday,linea 1,moctezuma,18874.111091139857,15909.164251623864,21855.167981706203,0.03463167,1.2203567,2.6384332,15
2026-08-17,Monday,linea 1,balbuena,8928.010180195204,7333.793157696547,10454.70156193496,0.040954906,1.443176,2.636215,6
2026-08-04,Tuesday,linea 2,zócalo/tenochtitlan,34868.949790316605,14374.686203551273,55579.0856980596,0.043032303,1.5163797,2.634808,6
2026-08-28,Friday,linea a,santa marta,47660.311751404945,40137.86147338484,54854.19652023701,0.032556012,1.1472143,2.6281042,14
2026-08-26,Wednesday,linea 1,boulevard puerto aéreo,18496.479600635426,16045.154860067365,21015.123503960716,0.039695192,1.398786,2.6168745,13
2026-08-29,Saturday,linea 1,cuauhtémoc,13357.161446613743,9470.45783396166,17306.66111664035,0.03585753,1.2635537,2.604913,10
2026-08-28,Friday,linea 1,cuauhtémoc,16983.018058341208,13473.241750112835,20893.633383493016,0.032222893,1.1354759,2.601213,15
2026-08-01,Saturday,linea 2,allende,33343.51195353229,21124.43377489328,45178.29651762029,0.03578331,1.2609384,2.5995214,12
2026-08-10,Monday,linea 1,isabel la católica,17746.72161390752,13378.017614718596,21900.821125199796,0.040371876,1.4226311,2.5986862,8
2026-08-30,Sunday,linea 1,merced,33398.808566449225,26289.96536275263,40091.5763039504,0.04240552,1.494293,2.5961835,12
2026-08-28,Friday,linea 1,balbuena,9031.355935020247,7532.732650254236,10447.836726766054,0.032098603,1.131096,2.5911794,16
2026-08-30,Sunday,linea b,guerrero,4379.414632913463,3030.513066722004,5778.971667856633,0.04226102,1.4892011,2.587337,13
2026-08-24,Monday,linea 2,allende,25015.457733694522,13865.74172153647,37017.244788547396,0.040061504,1.4116942,2.578708,6
2026-08-26,Wednesday,linea 1,san lázaro,22057.608055263798,17910.030872048967,26033.744595634947,0.03905044,1.3760661,2.5743697,14
2026-08-07,Friday,linea 9,chabacano,12072.311851165829,8631.591750630043,15388.688241174752,0.031746358,1.1186836,2.5627444,4
2026-08-26,Wednesday,linea 2,pino suárez,37146.42021146747,27074.077288622608,47565.09740949483,0.038865477,1.3695483,2.562176,15
2026-08-14,Friday,linea 2,allende,28140.463483138414,16012.634795960443,38873.086555090646,0.03172019,1.1177615,2.560632,6
2026-08-15,Saturday,linea 1,pantitlán,33200.69394155465,27172.360851123125,39634.25125359657,0.03509206,1.23658,2.5493047,7
2026-08-30,Sunday,linea b,plaza aragón,11759.76776982951,8947.363744560114,14383.744921838668,0.041544672,1.4639583,2.5434802,14
2026-08-25,Tuesday,linea 1,san lázaro,22848.728551524935,18813.737997885426,27235.614302049,0.041483674,1.4618088,2.5399876,11
2026-08-01,Saturday,linea 1,boulevard puerto aéreo,16783.507933572124,14281.704254125845,19099.500714127957,0.034923635,1.2306451,2.5370693,13
2026-08-25,Tuesday,linea a,santa marta,46567.27157481622,38983.993094275094,53785.30933753398,0.04135635,1.4573222,2.5321918,12
2026-08-10,Monday,linea 1,san lázaro,26990.584001879284,22545.36257104428,31471.57203499927,0.039294746,1.384675,2.5293527,9
2026-08-14,Friday,linea 2,chabacano,26518.70197975402,21560.689606997264,31655.71584538684,0.031207746,1.0997039,2.5192645,7
2026-08-02,Sunday,linea 2,san antonio abad,4367.248801872496,482.7265784843481,8353.197859011465,0.0409967,1.4446487,2.5099318,10
2026-08-27,Thursday,linea 1,insurgentes,43393.88544752242,33053.66302738902,53257.358815514475,0.032436304,1.1429961,2.471178,16
2026-08-22,Saturday,linea 6,deportivo 18 de marzo,1123.3702392811945,734.2534186188611,1533.002785906284,0.033923082,1.1953874,2.464383,6
2026-08-01,Saturday,linea 1,balbuena,7562.105011849152,6009.614940436906,9113.922948765194,0.03388787,1.1941466,2.461825,14
2026-08-29,Saturday,linea 1,pino suárez,43266.58838642256,33317.751358751135,52803.043128222555,0.03374782,1.1892114,2.4516506,11
2026-08-14,Friday,linea 1,boulevard puerto aéreo,18717.632933487952,16308.19108551784,21204.305857494954,0.030304937,1.0678905,2.4463847,8
2026-08-11,Tuesday,linea 1,boulevard puerto aéreo,18193.603065511976,15969.597356873757,20583.72082866102,0.03922294,1.3821447,2.401566,7
2026-08-25,Tuesday,linea 1,candelaria,17658.123582447428,14464.08279980062,20741.45691087141,0.039187826,1.3809073,2.399416,13
2026-08-29,Saturday,linea a,santa marta,41580.251244155486,33933.38959926755,48678.68921050123,0.032935023,1.16057,2.392604,12
2026-08-10,Monday,linea 1,moctezuma,18511.53434284908,15181.768242364558,21692.832721628773,0.037145533,1.3089406,2.3910105,10
2026-08-29,Saturday,linea 9,puebla,22592.428093708004,15227.688331868063,30001.09908133774,0.0329072,1.1595895,2.3905828,13
2026-08-27,Thursday,linea 2,pino suárez,37263.5121449849,26574.993607738597,48424.24500333568,0.031232337,1.1005704,2.379453,17
2026-08-11,Tuesday,linea 2,allende,25928.8128294869,13841.402191014822,37598.85557327857,0.038732883,1.3648759,2.3715603,8
2026-08-01,Saturday,linea 3,hidalgo,19048.34563373219,14291.626015704995,23022.79322477853,0.032431662,1.1428325,2.356037,15
2026-08-01,Saturday,linea 1,pantitlán,32063.432312687568,25754.480708474945,38129.973835039214,0.03241849,1.1423683,2.35508,16
2026-08-28,Friday,linea 1,candelaria,19387.360504241722,16317.625118322812,22575.300119247302,0.029162284,1.0276256,2.3541434,17
2026-08-01,Saturday,linea 1,salto del agua,12292.288833262844,9504.482977064921,15190.987531808398,0.032364808,1.1404767,2.3511803,17
2026-08-25,Tuesday,linea 1,insurgentes,42468.22449133404,32852.2218105985,52960.99286456943,0.038388312,1.3527339,2.350463,14
2026-08-30,Sunday,linea 1,san lázaro,19772.601556521753,15576.988100585573,24024.537556057472,0.03830738,1.349882,2.3452842,15
2026-08-28,Friday,linea 5,terminal aérea,17934.34544222278,15286.155006553643,20770.840620918578,0.02890378,1.0185164,2.3332756,18
2026-08-11,Tuesday,linea 1,isabel la católica,18339.097277884783,14047.440243715519,22577.885734195752,0.038088854,1.3421816,2.3321276,9
2026-08-02,Sunday,linea 2,nativitas,7783.645517007384,4111.832471583555,11336.862731512772,0.037957408,1.3375497,2.3238578,11
2026-08-17,Monday,linea 2,allende,24680.01340196768,12672.257056367596,36855.2357059522,0.035987895,1.2681476,2.316495,7
2026-08-30,Sunday,linea 5,terminal aérea,12026.66638730526,9152.216379927348,14888.495287249305,0.037809845,1.3323498,2.3148236,16
2026-08-12,Wednesday,linea 1,boulevard puerto aéreo,18165.25148093735,15588.324668498039,20677.738555356646,0.035058953,1.2354134,2.311234,6
2026-08-18,Tuesday,linea a,santa marta,45621.49639688585,38978.33340496464,52132.20794535519,0.03771326,1.3289464,2.3091304,6
2026-08-26,Wednesday,linea 1,balbuena,9099.996974438161,7501.4938661179285,10605.800044111838,0.03487262,1.2288474,2.2989502,16
2026-08-25,Tuesday,linea 1,boulevard puerto aéreo,18474.775917980434,15945.786887776369,20839.567360625555,0.03753979,1.3228335,2.2985091,15
2026-08-20,Thursday,linea 2,allende,26588.103326709457,15120.251896113656,37830.10812249349,0.030135278,1.0619121,2.295873,6
2026-08-28,Friday,linea 2,pino suárez,39025.49539059,28123.784785750173,49214.22775536352,0.028403439,1.0008852,2.292885,19
2026-08-12,Wednesday,linea 2,allende,26743.873939458823,14749.392995685614,38082.29302840796,0.03477837,1.2255262,2.2927368,7
2026-08-01,Saturday,linea 8,garibaldi/lagunilla,12423.750674286875,8756.61711730293,15993.948718012163,0.031521704,1.1107672,2.289932,18
2026-08-02,Sunday,linea 1,san lázaro,20398.001576877756,15909.66467133804,24371.239916968676,0.037293036,1.3141384,2.283183,12
2026-08-15,Saturday,linea 1,balbuena,7616.1373909424265,5975.4678917904575,9123.777334844615,0.031411495,1.1068836,2.2819257,8
2026-08-02,Sunday,linea 1,salto del agua,7762.492180826271,4707.9589556843175,10582.583611928703,0.037222885,1.3116664,2.2788882,13
2026-08-03,Monday,linea 2,zócalo/tenochtitlan,33652.54194839794,13371.795859994876,53518.9914259412,0.035357744,1.2459422,2.2759328,6
2026-08-28,Friday,linea 1,insurgentes,43901.03784811269,33470.53713455939,53756.735767595186,0.028056918,0.98867446,2.264912,20
2026-08-17,Monday,linea 2,zócalo/tenochtitlan,36986.11489180457,16659.176772383827,56454.08201965405,0.03511929,1.2375396,2.2605839,8
2026-08-17,Monday,linea a,santa marta,45290.42001244366,37982.98825832339,52975.134952737295,0.035099972,1.2368588,2.2593403,9
2026-08-27,Thursday,linea 1,balbuena,8939.721754294613,7477.927944154422,10485.944246544377,0.029616859,1.043644,2.256377,18
2026-08-30,Sunday,linea a,peñón viejo,8888.517883357132,6609.303918586001,11220.151008342422,0.036764316,1.2955073,2.2508135,17
2026-08-15,Saturday,linea a,santa marta,39873.102009053284,32601.533731115458,46818.38328115651,0.030941883,1.0903354,2.2478101,9
2026-08-02,Sunday,linea 2,ermita,4241.998333533508,941.5278533759538,8161.862068560603,0.036688995,1.2928531,2.246202,14
2026-08-29,Saturday,linea 1,moctezuma,16251.810747475183,13016.814439309988,19251.42487365737,0.030731991,1.0829391,2.2325623,14
2026-08-19,Wednesday,linea 2,allende,26448.882935786216,14393.418938934436,37882.57438658906,0.033846125,1.1926756,2.2312791,6
2026-08-13,Thursday,linea 1,san lázaro,21879.161307832394,17789.386112118053,26030.911156507776,0.029148366,1.0271351,2.2206845,7
2026-08-05,Wednesday,linea 2,chabacano,24993.239764440106,19541.844585051753,30641.0647838181,0.033670586,1.1864898,2.219707,6
2026-08-14,Friday,linea 2,nativitas,17676.77197661283,14111.571331014553,21513.04129585901,0.02748618,0.9685627,2.218839,9
2026-08-25,Tuesday,linea 2,pino suárez,36015.45811945383,25462.18786021021,45776.25078969195,0.036169637,1.2745519,2.2146165,16
2026-08-10,Monday,linea 1,boulevard puerto aéreo,18629.21720690042,16097.387486653779,20872.919152644383,0.03413292,1.2027817,2.1970925,11
2026-08-01,Saturday,linea 3,eugenia,8200.501889428419,5447.236095362515,10820.95231132481,0.03023209,1.0653236,2.1962464,19
2026-08-08,Saturday,linea 6,deportivo 18 de marzo,1022.189499682434,626.8500900714625,1419.541398279183,0.030171407,1.0631852,2.191838,5
2026-08-29,Saturday,linea 1,merced,43989.773414649426,36833.434863785704,51030.782690451815,0.030165661,1.0629827,2.1914206,15
2026-08-19,Wednesday,linea 1,pantitlán,39198.312156383654,32863.94402184768,45171.58878453228,0.033211425,1.1703099,2.1894372,7
2026-08-13,Thursday,linea 1,pino suárez,31003.802015275687,21319.132546932302,40981.663517702,0.028703323,1.0114526,2.1867788,8
2026-08-23,Sunday,linea a,santa marta,32823.33314394346,25580.939111403783,39997.802395749255,0.03568859,1.2576007,2.1849546,6
2026-08-30,Sunday,linea 1,pantitlán,24261.175555033733,18264.81569845648,30076.50401733108,0.03547732,1.2501559,2.1720202,18
2026-08-23,Sunday,linea 1,pino suárez,29297.530155201446,19716.344157861582,39127.8399404151,0.035435904,1.2486964,2.1694844,7
2026-08-14,Friday,linea 1,san lázaro,23119.555663316074,19087.186399419716,27224.542143940187,0.026743535,0.94239324,2.1588883,10
2026-08-29,Saturday,linea b,ricardo flores magón,4600.540480307733,3608.402626382363,5727.115227698732,0.029714692,1.0470914,2.1586595,16
2026-08-02,Sunday,linea 2,chabacano,12640.152385337544,7220.772204747658,18187.493780086726,0.03525368,1.2422752,2.1583283,15
2026-08-14,Friday,linea 1,cuauhtémoc,16836.03767794872,13275.884520805083,20636.836506843636,0.026610881,0.9377188,2.1481798,11
2026-08-03,Monday,linea 1,balbuena,8837.849406688978,7329.455541934659,10374.37073705184,0.033263613,1.1721488,2.1411362,7
2026-08-29,Saturday,linea 5,terminal aérea,15013.77724452511,12115.985440022787,18012.589655600612,0.029449934,1.0377618,2.1394258,17
2026-08-03,Monday,linea 8,garibaldi/lagunilla,13217.12046656808,9733.262367721221,16825.620509198387,0.03321454,1.1704196,2.1379776,8
2026-08-11,Tuesday,linea 1,pino suárez,29884.540486866077,19254.28235461547,38937.06650826218,0.03488864,1.2294118,2.1361828,10
2026-08-29,Saturday,linea 6,deportivo 18 de marzo,1159.852785062554,777.2204341596643,1567.3412475899718,0.029388297,1.0355898,2.134948,18
2026-08-27,Thursday,linea 1,candelaria,18302.59050460706,15041.119251451519,21838.697566743664,0.02800466,0.986833,2.1335506,19
2026-08-16,Sunday,linea b,ricardo flores magón,2744.301661346074,1748.5664893021406,3763.9560352232797,0.034801554,1.2263432,2.1306477,7
2026-08-13,Thursday,linea 1,balbuena,8784.85742342834,7411.866201718791,10268.63708759511,0.027957924,0.9851861,2.12999,9
2026-08-02,Sunday,linea 8,iztacalco,4837.518439198811,455.77944755598054,9019.770786546458,0.03456122,1.2178742,2.115934,16
2026-08-13,Thursday,linea 1,cuauhtémoc,16709.45452019882,12988.394174284189,20709.528015942626,0.027722007,0.9768728,2.1120167,10
2026-08-26,Wednesday,linea 1,insurgentes,43637.684713454204,33896.36398416085,53498.87014230046,0.032019366,1.1283039,2.1108515,17
2026-08-01,Saturday,linea 9,puebla,22441.398481118915,14477.266177656367,29913.00937916592,0.029012242,1.0223384,2.107629,20
2026-08-02,Sunday,linea 4,talismán,1229.5621804043253,497.8021353537034,1967.6831954399047,0.03439295,1.2119446,2.1056318,17
2026-08-28,Friday,linea 1,boulevard puerto aéreo,19128.822990863075,16639.02273070328,21342.314631904985,0.026072936,0.91876256,2.1047537,21
2026-08-10,Monday,linea 1,pantitlán,36745.35465258964,31141.375549244283,42578.608229342644,0.03255202,1.1470736,2.095332,12
2026-08-19,Wednesday,linea a,santa marta,47082.31544217387,39443.324468808605,54550.41044974901,0.031734616,1.1182698,2.0920796,8
2026-08-11,Tuesday,linea 1,merced,31986.489871052116,25316.81761187187,39090.17896312619,0.034061935,1.2002803,2.0855649,11
2026-08-13,Thursday,linea 2,nativitas,17332.60170718643,13421.898215908543,21069.786970292014,0.027295029,0.9618269,2.079487,11
2026-08-29,Saturday,linea a,peñón viejo,12248.126746276022,9867.467273832755,14697.28546343568,0.028586712,1.0073434,2.076716,19
2026-08-26,Wednesday,linea 1,candelaria,18383.553489708454,15078.154863518212,21727.336277854673,0.031335283,1.1041981,2.065754,18
2026-08-18,Tuesday,linea 1,pantitlán,38682.621175706554,32979.6513072447,44866.84158576104,0.03369084,1.1872036,2.062843,7
2026-08-10,Monday,linea 1,cuauhtémoc,15555.881607037469,11729.4142571431,19432.025555394783,0.031936727,1.1253918,2.0557263,13
2026-08-03,Monday,linea 2,chabacano,23594.783311908013,18132.274747013074,29024.837200014448,0.031886663,1.1236277,2.0525038,9
2026-08-11,Tuesday,linea 1,insurgentes,42378.130691489954,32950.05919691329,52929.625884823334,0.033517342,1.1810899,2.05222,12
2026-08-14,Friday,linea a,santa marta,45676.38542481777,38180.16092140208,53368.351316647946,0.025391724,0.8947579,2.0497625,12
2026-08-15,Saturday,linea 1,san lázaro,21312.04097933405,17023.79747781053,25405.278844049422,0.028139142,0.9915719,2.0442016,10
2026-08-14,Friday,linea 1,pantitlán,38882.82597821633,33284.44802744458,44813.64004863394,0.025319664,0.89221865,2.0439456,13
2026-08-14,Friday,linea 3,hidalgo,18541.01436079802,14420.88583079699,22830.004259106587,0.02522043,0.8887218,2.0359347,14
2026-08-28,Friday,linea 2,portales,17479.46611399095,14416.322230896143,20671.25192512019,0.025215607,0.8885519,2.0355453,22
2026-08-27,Thursday,linea 1,boulevard puerto aéreo,18390.649240041665,15934.553405692845,20663.538741332864,0.026684254,0.94030434,2.032955,20
2026-08-28,Friday,linea 8,san juan de letrán,24189.407646241685,18465.925513050264,30160.929052969423,0.025181405,0.8873467,2.0327845,23
2026-08-29,Saturday,linea a,los reyes,20413.22898955308,16699.41769317508,24059.470230538667,0.02794995,0.9849051,2.0304575,20
2026-08-11,Tuesday,linea 2,nativitas,17641.32436022721,14012.52109323809,21239.78055208213,0.033160187,1.1685044,2.030352,13
2026-08-15,Saturday,linea 1,pino suárez,39808.59858013346,30312.491372698565,50638.57248442168,0.027925046,0.98402756,2.0286484,11
2026-08-15,Saturday,linea 1,cuauhtémoc,13234.29122377911,9527.482535716012,16970.89019326793,0.027921598,0.9839061,2.028398,12
2026-08-29,Saturday,linea 8,apatlaco,10835.16885939772,8653.986514908327,13106.50182215331,0.027855132,0.9815639,2.0235693,21
2026-08-11,Tuesday,linea 2,zócalo/tenochtitlan,36553.30571776299,16289.881014135393,56657.244821422915,0.032985132,1.1623358,2.0196338,14
2026-08-12,Wednesday,linea 1,san lázaro,22478.6782350595,18411.76752580516,26730.35528263638,0.030574251,1.0773807,2.0155835,8
2026-08-11,Tuesday,linea 1,cuauhtémoc,16520.519943975145,12655.245370294679,20308.527178434124,0.032917615,1.1599566,2.0154996,15
2026-08-18,Tuesday,linea 2,zócalo/tenochtitlan,38211.99011449243,17429.469991655795,59421.56207717736,0.032802112,1.1558864,2.0084276,8
2026-08-26,Wednesday,linea 1,moctezuma,19074.084711461168,15922.97867780648,22435.81599860803,0.030413434,1.0717138,2.0049818,19
2026-08-01,Saturday,linea 6,martín carrera,12627.601061691577,7498.343499254015,17892.00585830812,0.027553648,0.9709402,2.0016677,21
2026-08-30,Sunday,linea 1,moctezuma,11081.687158900702,8128.968469950144,14205.129858936825,0.03268703,1.1518312,2.0011907,19
2026-08-11,Tuesday,linea 1,salto del agua,16997.058644856694,14055.892939224084,20043.73449469325,0.032671694,1.1512908,2.0004423,16
2026-08-17,Monday,linea 1,cuauhtémoc,15901.515267161196,12188.476627730919,19776.767702497928,0.03107574,1.0950522,2.0003057,10
2026-08-24,Monday,linea 1,pino suárez,32763.87440311955,22986.52493432714,42537.113981087154,0.031069968,1.0948489,1.9999342,7
2026-08-28,Friday,linea a,los reyes,22978.183174028167,19139.69556475741,26969.60336799013,0.024737583,0.8717072,1.9969567,24
2026-08-28,Friday,linea b,múzquiz,27259.38494943239,22665.721215746114,31752.336604681157,0.024623903,0.8677013,1.9877797,25
2026-08-30,Sunday,linea b,olímpica,9647.189782642174,7015.943871898622,12420.440060107163,0.03241342,1.1421896,1.9844395,20
2026-08-30,Sunday,linea 8,obrera,5476.560895773898,3393.570582401956,7542.344045120628,0.032396767,1.1416029,1.98342,21
2026-08-11,Tuesday,linea 1,pantitlán,37534.45750821013,31380.58594292314,43783.97187607102,0.032363724,1.1404384,1.9815857,17
2026-08-12,Wednesday,linea 1,cuauhtémoc,16718.66589636502,13048.769924655997,20730.483639405833,0.030030942,1.0582354,1.9797662,9
2026-08-16,Sunday,linea 1,cuauhtémoc,9559.83264940159,5815.441657167606,13361.991987637883,0.032332517,1.1393387,1.9794865,8
2026-08-30,Sunday,linea 1,insurgentes,24409.57276906025,14523.213884225397,34087.63823897117,0.032289285,1.1378154,1.9768397,22
2026-08-04,Tuesday,linea 2,chabacano,24513.89372905983,19034.4156167807,29917.387854010274,0.03223543,1.1359175,1.9737303,7
2026-08-20,Thursday,linea 1,pantitlán,39119.93175334971,32776.67418994601,45026.74660147633,0.025856247,0.91112685,1.9698726,7
2026-08-25,Tuesday,linea 2,allende,26009.29909674171,13815.874473693264,38231.52001877103,0.032096457,1.1310204,1.9652213,17
2026-08-27,Thursday,linea a,peñón viejo,13476.98657987655,11036.00554747598,15806.369058144408,0.025787571,0.90870684,1.9646405,21
2026-08-11,Tuesday,linea 2,chabacano,25106.427933437124,19514.9885711869,30356.88537089708,0.032060087,1.1297388,1.9629945,18
2026-08-25,Tuesday,linea 1,moctezuma,18866.350649561307,15746.372048776957,21876.88882048739,0.032054745,1.1295506,1.9626673,18
2026-08-29,Saturday,linea 1,balbuena,7753.00490682433,6235.416458157368,9359.946504647127,0.02700577,0.95163393,1.9618665,22
2026-08-29,Saturday,linea 1,boulevard puerto aéreo,17019.09132154638,14741.646070529703,19272.156728716698,0.026931848,0.9490291,1.9564964,23
2026-08-15,Saturday,linea 1,moctezuma,16028.813862528668,12997.12234829383,19116.48905347756,0.026909607,0.94824535,1.9548806,13
2026-08-05,Wednesday,linea 2,zócalo/tenochtitlan,35954.950845925705,15483.633162876375,56182.76851262069,0.029644007,1.0446006,1.9542578,7
2026-08-23,Sunday,linea 1,cuauhtémoc,9616.508159902767,5592.528303432239,13310.725627900147,0.031897727,1.1240176,1.9528674,8
2026-08-13,Thursday,linea 1,pantitlán,37887.83676696082,32163.654483182214,43753.51782853315,0.025618788,0.90275925,1.9517816,12
2026-08-30,Sunday,linea 8,apatlaco,8820.033945574958,6572.5994831823555,11425.914224660306,0.031801194,1.120616,1.9469573,23
2026-08-02,Sunday,linea 5,valle gómez,2049.3934612519715,1306.733443529086,2778.4992783847283,0.03173117,1.1181484,1.9426703,18
2026-08-13,Thursday,linea a,santa marta,44389.452325566795,37201.71413510797,51613.848989278275,0.025408009,0.8953318,1.9357234,13
2026-08-28,Friday,linea b,ricardo flores magón,5445.035107053212,4377.640393098926,6458.508338826632,0.023971394,0.8447081,1.9351056,26
2026-08-14,Friday,linea 1,salto del agua,17398.652768740318,14745.963006483955,20326.142559871594,0.02395694,0.84419876,1.9339387,15
2026-08-21,Friday,linea 1,pino suárez,35379.48247799374,25174.21022314975,45210.76513584326,0.023931207,0.843292,1.9318614,6
2026-08-02,Sunday,linea 8,escuadrón 201,8380.722051015957,4453.418048620731,12305.353322811405,0.031550247,1.111773,1.9315938,19
2026-08-01,Saturday,linea 1,pino suárez,38453.60530774322,28200.487806359797,48247.28763580874,0.026580218,0.9366383,1.9309518,22
2026-08-14,Friday,linea 2,zócalo/tenochtitlan,40799.86145910166,20741.607690475576,60301.22381528593,0.023809675,0.8390094,1.9220507,16
2026-08-04,Tuesday,linea 1,boulevard puerto aéreo,18332.622527423424,15813.437407943638,20875.66159003503,0.03136938,1.1053996,1.9207034,8
2026-08-17,Monday,linea 1,pino suárez,30848.137009034555,20583.639733372198,40644.26224182908,0.029811246,1.0504938,1.9189119,11
2026-08-27,Thursday,linea 2,portales,17136.15687251988,13847.55292744559,20204.107342030453,0.025183365,0.8874157,1.9186087,22
2026-08-02,Sunday,linea a,santa marta,28172.765382771613,20745.88949968185,35518.03123849368,0.03130647,1.1031828,1.9166691,20
2026-08-02,Sunday,linea 8,doctores,2535.705254340207,0.0,5068.417569153481,0.031295642,1.1028012,1.9160061,21
2026-08-13,Thursday,linea 1,boulevard puerto aéreo,18015.601966182243,15721.381219547047,20428.656842237375,0.025119297,0.8851581,1.9137278,14
2026-08-30,Sunday,linea b,múzquiz,15687.673852024334,11243.384187085407,20341.216726874183,0.031185456,1.0989184,1.9092602,24
2026-08-11,Tuesday,linea 4,talismán,3399.6060422117894,2674.5423748310386,4092.3872688999018,0.031125521,1.0968064,1.9057723,19
2026-08-29,Saturday,linea 8,san juan de letrán,26609.364049384934,20784.710391191176,32308.799466859884,0.026178893,0.9224963,1.901797,24
2026-08-14,Friday,linea 1,pino suárez,33651.35452557466,23910.331570934588,42789.9553541047,0.023484364,0.82754606,1.8957897,17
2026-08-30,Sunday,linea 3,hidalgo,15705.116964621917,11520.143235480735,20012.576638877723,0.030912716,1.0893075,1.8925623,25
2026-08-03,Monday,linea 5,terminal aérea,17050.99317499402,13960.882987349953,19869.346143319453,0.029386386,1.0355225,1.8915641,10
2026-08-25,Tuesday,linea 1,balbuena,8967.54395900451,7351.557771118689,10478.147708044624,0.030893415,1.0886275,1.8915608,19
2026-08-17,Monday,linea 1,boulevard puerto aéreo,18629.274832719104,16150.571154876168,21097.12657319635,0.029366462,1.0348204,1.8902817,12
2026-08-26,Wednesday,linea 3,hidalgo,17956.23610917975,13770.57691877452,21718.383288283447,0.02865963,1.009913,1.8893636,20
2026-08-10,Monday,linea 1,pino suárez,29597.50365465684,19222.63302123546,38560.05424087169,0.029326364,1.0334074,1.8877007,14
2026-08-30,Sunday,linea 3,balderas,964.9225675176103,0.0,9053.319463320955,0.030815322,1.0858756,1.8865995,26
2026-08-27,Thursday,linea 8,iztapalapa,10255.117279627295,7698.070267236996,12711.289892202734,0.024742944,0.8718961,1.8850551,23
2026-08-27,Thursday,linea a,los reyes,22266.208989604216,18500.33800251735,26134.997889995164,0.024596324,0.8667295,1.8738847,24
2026-08-01,Saturday,linea b,plaza aragón,14238.910132795221,11440.16743613651,16848.067407319053,0.025762588,0.9078265,1.871554,23
2026-08-15,Saturday,linea 3,juárez,12011.503200413348,7871.265468027291,16371.58005481067,0.025711479,0.90602547,1.8678411,14
2026-08-01,Saturday,linea 2,portales,14333.672010571247,10989.739234938854,17641.27988762484,0.025705036,0.90579844,1.8673731,24
2026-08-05,Wednesday,linea 2,nativitas,17104.628885831513,13405.518079175024,20715.668304121733,0.028314093,0.9977369,1.8665843,8
2026-08-02,Sunday,linea 1,balbuena,5427.3182338993975,3972.4900362192107,6838.369047240902,0.030428039,1.0722284,1.862889,22
2026-08-19,Wednesday,linea 1,san lázaro,22290.364476174687,18014.898578378576,26636.071278960273,0.028205128,0.99389714,1.8594009,9
2026-08-29,Saturday,linea 2,chabacano,24870.03163397788,19423.979435282523,30701.42008158882,0.025567548,0.90095365,1.8573852,25
2026-08-26,Wednesday,linea 8,salto del agua,17784.892642272724,13248.580594437271,21697.016759886992,0.028102778,0.9902905,1.8526535,21
2026-08-01,Saturday,linea 1,moctezuma,15802.362567797743,12764.251356438775,18966.502485329653,0.025492284,0.8983015,1.8519175,25
2026-08-15,Saturday,linea 1,boulevard puerto aéreo,16580.686549228674,14195.041458682632,19036.638849346786,0.025445553,0.8966547,1.8485227,15
2026-08-11,Tuesday,linea 1,moctezuma,18546.648189866646,15664.809373865171,21405.784660039608,0.030093601,1.0604435,1.8425893,20
2026-08-12,Wednesday,linea 2,nativitas,17511.095968600453,13685.353958458894,21295.547592003368,0.027943013,0.9846607,1.8421212,10
2026-08-17,Monday,linea 1,pantitlán,37828.8158136148,32277.207573541727,43818.45212722345,0.028611412,1.0082139,1.84168,13
2026-08-26,Wednesday,linea 8,san juan de letrán,23238.548824223333,17179.784049201655,28569.340713015084,0.027901325,0.98319167,1.839373,22
2026-08-07,Friday,linea 2,nativitas,17236.05601262183,13397.274766402243,21014.378580247176,0.022778938,0.8026881,1.8388437,5
2026-08-12,Wednesday,linea 1,pino suárez,31099.829040556928,21257.024076712,40752.6861723285,0.027842125,0.98110557,1.8354702,11
2026-08-02,Sunday,linea 6,instituto del petróleo,646.4878617003947,0.0,1366.346399572367,0.029966692,1.0559714,1.8346441,23
2026-08-30,Sunday,linea 8,cerro de la estrella,6061.378586817093,4018.223854906738,7973.561012123156,0.029947003,1.0552776,1.8334386,27
2026-08-01,Saturday,linea b,ricardo flores magón,4605.624003879338,3597.4279506877697,5644.264045597176,0.02522251,0.88879514,1.8323195,26
2026-08-03,Monday,linea 1,san lázaro,27020.16900172105,22931.75530352354,31104.6463383791,0.028457126,1.0027771,1.8317488,11
2026-08-03,Monday,linea 1,salto del agua,16018.128884012756,13244.648218625758,18763.15257241713,0.028437698,1.0020925,1.8304983,12
2026-08-27,Thursday,linea a,acatitla,16028.266482755324,13312.134344985467,18916.511589424004,0.024018185,0.8463569,1.8298389,25
2026-08-30,Sunday,linea 2,pino suárez,34414.20234668551,24793.78604347394,45183.26699394324,0.029879712,1.0529064,1.8293189,28
2026-08-28,Friday,linea b,bosque de aragón,5872.959748244369,4446.004552852799,7158.399958761893,0.022641849,0.79785734,1.8277771,27
2026-08-29,Saturday,linea b,plaza aragón,15281.83852449117,12521.814466110547,18108.24530865904,0.025092764,0.8842231,1.8228939,26
2026-08-13,Thursday,linea 1,salto del agua,17055.91246836422,14262.443692388839,19866.39441237991,0.023841282,0.8401232,1.8163614,15
2026-08-15,Saturday,linea 5,terminal aérea,14790.673625189651,11712.64349893157,17561.219140258294,0.024995811,0.8808067,1.8158506,16
2026-08-02,Sunday,linea a,pantitlán,15191.760102460774,6754.056583379039,23255.418802567736,0.029617414,1.0436635,1.8132603,24
2026-08-26,Wednesday,linea b,ricardo flores magón,5442.702128039761,4448.181414045856,6528.791200000835,0.027493421,0.9688179,1.8124821,23
2026-08-10,Monday,linea a,santa marta,43442.290555643434,36160.605933407795,50870.823300808974,0.028098894,0.9901537,1.80869,15
2026-08-28,Friday,linea 3,hidalgo,18989.14645267831,14830.574954366559,23323.696250070687,0.022389567,0.7889674,1.8074116,28
2026-08-17,Monday,linea 1,san lázaro,26821.98862428765,22978.360804679207,30969.834590096638,0.028040225,0.9880862,1.8049135,14
2026-08-17,Monday,linea 7,tacuba,8252.647192388516,6863.494701075147,9728.13872474575,0.028038833,0.9880372,1.8048239,15
2026-08-29,Saturday,linea 7,tacuba,7306.577803359036,5954.235747454746,8713.490925866648,0.024829263,0.87493783,1.8037516,27
2026-08-30,Sunday,linea 3,potrero,9219.955517925318,6960.576309492865,11523.306053930957,0.029462053,1.0381888,1.8037486,29
2026-08-15,Saturday,linea 2,allende,32321.508953311848,19795.808095966087,44294.04907100734,0.02480715,0.87415856,1.8021451,17
2026-08-26,Wednesday,linea a,los reyes,22748.786494866563,19017.21220782182,26441.58197216007,0.027324742,0.96287394,1.8013622,24
2026-08-15,Saturday,linea 2,portales,14712.385153980305,11413.649104345295,17842.20644505985,0.02479575,0.8737569,1.801317,18
2026-08-27,Thursday,linea 3,hidalgo,18107.438946350983,14009.663167394343,22550.262395987513,0.023630084,0.83268094,1.8002712,26
2026-08-02,Sunday,linea 1,isabel la católica,9494.697215053202,5177.93178638415,14105.056194475485,0.029399887,1.0359982,1.7999427,25
2026-08-03,Monday,linea b,plaza aragón,17034.543981496387,14449.704216600037,19654.555983076323,0.027937736,0.9844747,1.7983165,13
2026-08-14,Friday,linea 1,moctezuma,19000.129975374115,16130.642474507125,21983.288497092,0.02224233,0.783779,1.7955258,18
2026-08-30,Sunday,linea a,los reyes,15902.634320168247,12184.628916213105,19632.829178533375,0.029314844,1.0330015,1.7947361,30
2026-08-13,Thursday,linea 2,chabacano,25661.498760737097,20021.803736283335,31143.395717339692,0.023552516,0.8299476,1.7943616,16
2026-08-27,Thursday,linea 2,chabacano,26273.036714949194,20253.11419295852,31622.28398247248,0.023517154,0.8287015,1.7916676,27
2026-08-09,Sunday,linea b,ricardo flores magón,2726.8918971891776,1634.077840980381,3749.6770956335654,0.029223975,1.0297995,1.7891729,5
2026-08-11,Tuesday,linea a,santa marta,43831.01261967483,36413.3815535189,51123.118367838004,0.02921377,1.0294398,1.7887183,21
2026-08-27,Thursday,linea 9,puebla,28974.0236624539,21378.43901153704,36289.2392491515,0.02347078,0.8270674,1.7881345,28
2026-08-02,Sunday,linea b,deportivo oceanía,3075.470458086089,0.0,6483.204271398752,0.029043045,1.0234238,1.7780958,26
2026-08-11,Tuesday,linea 8,garibaldi/lagunilla,13680.393842581294,10235.115203959976,17310.783465852997,0.02903023,1.0229722,1.7774805,22
2026-08-21,Friday,linea 1,pantitlán,40130.597586505384,34238.79753836152,45857.679698045664,0.022008907,0.77555364,1.7766826,7
2026-08-02,Sunday,linea 8,aculco,3454.4492954702628,1928.0753278346272,4960.911522091074,0.028947901,1.0200711,1.7722709,27
2026-08-10,Monday,linea 2,chabacano,24160.863687899833,18484.71254081025,29929.5169624599,0.027514447,0.9695588,1.7710698,16
2026-08-26,Wednesday,linea b,plaza aragón,18036.390633966177,15203.270465213585,20867.87921865667,0.026841361,0.9458405,1.7694956,25
2026-08-04,Tuesday,linea a,santa marta,42098.60487446601,34869.35461386885,49546.24069912535,0.028876917,1.0175698,1.7680935,9
2026-08-26,Wednesday,linea b,múzquiz,26421.858040108258,21585.587970739805,31163.037526393455,0.02681116,0.94477624,1.7675047,26
2026-08-27,Thursday,linea b,múzquiz,26663.0961872811,21956.153391412074,31934.23492341674,0.023193305,0.81728965,1.766995,29
2026-08-29,Saturday,linea a,acatitla,14191.636608157403,11412.914422088501,17074.330463513885,0.024285028,0.85576,1.7642149,28
2026-08-20,Thursday,linea a,santa marta,46007.136293100084,38665.52627743867,53430.73347009455,0.023139019,0.8153767,1.7628591,8
2026-08-03,Monday,linea 3,eugenia,11795.413776881553,9214.131796010923,14510.051447386022,0.02734845,0.96370935,1.7603848,14
2026-08-30,Sunday,linea 8,san juan de letrán,14101.168467999818,8396.275085482508,19765.385331412963,0.028741295,1.0127907,1.7596219,31
2026-08-01,Saturday,linea 6,lindavista,5595.9054872851675,568.4245955362828,10461.692793282009,0.024219863,0.8534637,1.759481,27
2026-08-15,Saturday,linea 2,chabacano,24452.407507244538,18490.23268819255,30091.333241336404,0.024214843,0.8532868,1.7591163,19
2026-08-02,Sunday,linea 3,eugenia,3978.0651239540866,1066.7765734906272,6794.824796691849,0.028728759,1.0123489,1.7588544,28
2026-08-01,Saturday,linea a,santa marta,36583.82437604401,29252.206238686944,43859.724849729195,0.024191463,0.85246295,1.7574178,28
2026-08-17,Monday,linea 1,moctezuma,18700.248983733243,15765.775620949138,21689.480320388557,0.027289378,0.9616278,1.7565824,16
2026-08-29,Saturday,linea 2,portales,15461.413826449989,12195.866964359311,18718.926154258483,0.024178172,0.8519946,1.7564522,29
2026-08-11,Tuesday,linea 1,candelaria,16754.73339892812,13854.383039254823,20056.970205487087,0.028665949,1.0101357,1.7551761,23
2026-08-11,Tuesday,linea 6,deportivo 18 de marzo,1376.7929399296665,965.4912188672674,1783.1443948926367,0.028643401,1.0093411,1.7537955,24
2026-08-01,Saturday,linea 6,instituto del petróleo,1388.9438345534904,638.0934269061505,2115.485311572734,0.024045115,0.8473059,1.7467862,29
2026-08-19,Wednesday,linea 1,pino suárez,32608.42797230168,22335.587456573412,42171.076438955286,0.026496463,0.9336869,1.7467585,10
2026-08-26,Wednesday,linea 5,terminal aérea,18082.60596702388,15116.935699139507,20913.937119526698,0.026454438,0.932206,1.743988,27
2026-08-25,Tuesday,linea a,peñón viejo,13404.7433937965,11155.555425738265,15730.452119869182,0.028480014,1.0035836,1.7437916,20
2026-08-05,Wednesday,linea 1,isabel la católica,17805.10973164325,13374.055472388756,22199.4900346112,0.026434705,0.9315106,1.7426871,9
2026-08-11,Tuesday,linea 5,terminal aérea,17597.211690877724,14582.032740084816,20462.752637562608,0.028424172,1.0016159,1.7403724,25
2026-08-14,Friday,linea 8,garibaldi/lagunilla,14257.558449401993,10783.866197749927,17681.847044803366,0.021546494,0.75925905,1.739354,19
2026-08-17,Monday,linea 2,portales,15860.4023211178,12728.833625758798,19031.07792030801,0.026994811,0.9512478,1.7376215,17
2026-08-17,Monday,linea 3,hidalgo,17274.570744249857,12963.570377416776,21423.97928636656,0.026921714,0.94867194,1.7329164,18
2026-08-11,Tuesday,linea 2,portales,16038.457177520804,12763.054819260407,19314.87590596893,0.028279014,0.99650073,1.7314847,26
2026-08-28,Friday,linea 3,potrero,14788.71514585269,12566.89609851776,17029.10652272744,0.02143671,0.75539047,1.7304916,29
2026-08-27,Thursday,linea a,pantitlán,36777.6289043705,28865.60965175591,45343.83553790353,0.022675196,0.79903245,1.7275225,30
2026-08-23,Sunday,linea 2,allende,18839.716188257302,5943.598321145098,31199.96611456978,0.028203279,0.993832,1.726683,9
2026-08-09,Sunday,linea 2,san antonio abad,4928.52775821061,1059.4485471888404,8994.718239940032,0.028174497,0.99281776,1.724921,6
2026-08-06,Thursday,linea 2,allende,27406.64242501272,14805.119246546074,39128.13829710452,0.022547264,0.7945243,1.717776,5
2026-08-27,Thursday,linea 8,san juan de letrán,23041.759887803957,16915.022408746165,28847.310032499216,0.022536756,0.7941541,1.7169755,31
2026-08-02,Sunday,linea 1,pino suárez,25891.718857768916,16448.2877391281,36340.166447329226,0.02800969,0.98701024,1.714831,29
2026-08-25,Tuesday,linea 1,salto del agua,17200.77936305693,14276.473501092078,20209.792001563663,0.028000759,0.9866955,1.7144475,21
2026-08-04,Tuesday,linea 2,nativitas,17260.965966734162,13354.951968263356,20655.204208343897,0.027994504,0.9864751,1.7140645,10
2026-08-19,Wednesday,linea 1,cuauhtémoc,16948.950402366667,13204.094091612607,20863.97403551327,0.025937147,0.9139776,1.7098861,11
2026-08-29,Saturday,linea b,olímpica,13667.48297865483,11105.155231375706,16436.49315500086,0.023535563,0.8293502,1.7097691,30
2026-08-11,Tuesday,linea b,ricardo flores magón,5229.707828054084,4212.60788350874,6349.511877738141,0.027917016,0.9837446,1.70932,27
2026-08-29,Saturday,linea 8,garibaldi/lagunilla,12554.614535438413,8817.677104883307,15911.18815079211,0.023521923,0.8288695,1.7087783,31
2026-08-05,Wednesday,linea 8,garibaldi/lagunilla,14366.633907231384,10865.73238794417,17870.086606911616,0.02590029,0.91267884,1.7074562,10
2026-08-26,Wednesday,linea a,peñón viejo,14721.61468958131,12317.46914984641,17020.65110914972,0.025851078,0.9109447,1.7042121,28
2026-08-03,Monday,linea 1,boulevard puerto aéreo,18774.287749018375,16295.11801607959,21276.115877345317,0.026450181,0.932056,1.7025644,15
2026-08-10,Monday,linea 5,terminal aérea,17297.208358966993,14344.632699240605,20264.317414886795,0.026437629,0.9316137,1.7017565,17
2026-08-14,Friday,linea 2,pino suárez,36525.046084699345,26474.698274375904,46206.128201150554,0.021049194,0.7417351,1.6992091,20
2026-08-26,Wednesday,linea 2,portales,17134.678440552183,13783.111483029254,20539.179549969067,0.025751734,0.907444,1.6976628,29
2026-08-02,Sunday,linea 2,popotla,1315.7862726724434,0.0,3886.226953614084,0.027727583,0.9770693,1.6975596,30
2026-08-03,Monday,linea 2,nativitas,15997.79811575363,12317.207926965717,19407.314780320965,0.0263475,0.9284377,1.6959549,16
2026-08-27,Thursday,linea 1,salto del agua,16879.365196144587,13888.372211442267,19863.117385331887,0.022209521,0.78262293,1.6920449,32
2026-08-27,Thursday,linea 8,garibaldi/lagunilla,14324.377783733275,10810.03908121308,17979.657159878676,0.02219966,0.78227544,1.6912936,33
2026-08-02,Sunday,linea 6,martín carrera,6230.166843225343,1131.659665963112,11250.492043564807,0.027605968,0.9727838,1.690114,31
2026-08-27,Thursday,linea b,guerrero,6490.270602350648,5139.072863562743,7816.872722788337,0.022151234,0.78056896,1.6876041,34
2026-08-11,Tuesday,linea 1,balbuena,8804.995875238777,7323.593881108453,10258.82201661125,0.027528208,0.9700437,1.6855139,28
2026-08-21,Friday,linea a,santa marta,47182.53941756837,40257.374289967964,54418.7181144204,0.020875877,0.7356277,1.685218,8
2026-08-13,Thursday,linea 2,pino suárez,34667.45201618513,24050.893725910228,45071.360666764376,0.022115918,0.77932453,1.6849135,17
2026-08-27,Thursday,linea b,ricardo flores magón,5374.498180862565,4358.134424475778,6392.344025835104,0.022074578,0.7778678,1.6817641,35
2026-08-18,Tuesday,linea 1,cuauhtémoc,16807.258666930946,12971.29545398153,20494.67704735374,0.027425496,0.96642435,1.6792248,9
2026-08-15,Saturday,linea 7,tacuba,7030.154001832191,5658.323965011785,8525.765026858477,0.02306347,0.8127145,1.6754733,20
2026-08-17,Monday,linea 2,chabacano,24756.53294637031,18692.679542003872,30358.57936952849,0.026008518,0.91649264,1.6741351,19
2026-08-15,Saturday,linea 2,nativitas,14240.810352530034,10443.025025472785,17782.945307982012,0.023040596,0.8119085,1.6738117,21
2026-08-26,Wednesday,linea 2,chabacano,26312.048601285365,21011.65890678562,32008.465500989816,0.02537982,0.8943384,1.6731447,30
2026-08-28,Friday,linea b,olímpica,16540.521081281728,13784.895056908637,19360.228418170715,0.020691242,0.7291215,1.6703132,30
2026-08-02,Sunday,linea 8,salto del agua,6821.919733585961,2031.6103137783998,11218.874276818291,0.027280247,0.96130604,1.6701725,32
2026-08-02,Sunday,linea 2,portales,8539.53545136281,5378.626177778118,11810.6892469024,0.027279703,0.96128684,1.6701392,33
2026-08-27,Thursday,linea 1,chapultepec,43322.975624559316,33903.736447951356,51887.51018299476,0.021837236,0.76950425,1.6636821,36
2026-08-24,Monday,linea 1,balbuena,9012.363401802802,7514.134921249464,10503.846858311823,0.025809195,0.9094688,1.661305,8
2026-08-02,Sunday,linea 6,lindavista,2093.005413212779,0.0,7205.457413625292,0.027129356,0.9559889,1.6609344,34
2026-08-20,Thursday,linea 2,zócalo/tenochtitlan,39478.11305109975,20269.403628159343,58663.10431781625,0.021791136,0.7678798,1.6601698,9
2026-08-02,Sunday,linea 3,hidalgo,14275.871053192734,10185.38922359235,18530.868593037856,0.027104644,0.9551181,1.6594216,35
2026-08-13,Thursday,linea 2,portales,16374.033274718422,12984.098983274122,19692.355991921402,0.02177725,0.7673905,1.659112,18
2026-08-13,Thursday,linea 2,zócalo/tenochtitlan,38351.17009057585,20105.85727945784,59389.24425192289,0.02177208,0.7672083,1.658718,19
2026-08-19,Wednesday,linea 2,zócalo/tenochtitlan,39209.99262219065,18553.63786296811,60027.697705802675,0.02515183,0.8863045,1.6581147,12
2026-08-29,Saturday,linea 1,insurgentes,34265.48650596929,24243.33731370581,43904.29613566649,0.022814492,0.80394095,1.6573861,32
2026-08-13,Thursday,linea 5,terminal aérea,17655.208356008763,14691.895292283816,20492.512487808155,0.02173883,0.76603657,1.6561848,20
2026-08-01,Saturday,linea 1,gómez farias,20564.254778684575,17643.03862361531,23873.627237150504,0.022783635,0.80285364,1.6551445,30
2026-08-01,Saturday,linea 3,juárez,10451.576515006103,6054.736820259548,14715.062748614033,0.022769116,0.802342,1.6540897,31
2026-08-27,Thursday,linea b,olímpica,16222.578399609056,13613.818827333029,18926.53075267147,0.02170934,0.7649974,1.6539382,37
2026-08-10,Monday,linea 2,villa de cortés,15941.585319112988,12342.894771350557,19479.95722488504,0.0256474,0.90376747,1.6508904,18
2026-08-14,Friday,linea 1,isabel la católica,19669.188316467167,15164.28583930114,24073.406709514795,0.020387834,0.71843,1.6458205,21
2026-08-02,Sunday,linea 1,gómez farias,15438.163922565815,12201.150799874831,18568.165907175648,0.026881304,0.947248,1.645748,36
2026-08-20,Thursday,linea 1,cuauhtémoc,16887.252347536873,13196.582168780353,20736.524630483476,0.02159873,0.76109976,1.6455114,10
2026-08-16,Sunday,linea 3,hidalgo,15196.465055626639,11084.039130754942,19060.309954945205,0.026855702,0.9463458,1.6441807,9
2026-08-30,Sunday,linea 1,candelaria,15608.29006086763,12563.67860962621,18741.96986944514,0.026837176,0.945693,1.6430464,32
2026-08-26,Wednesday,linea b,olímpica,16284.727344111232,13616.513399659563,19016.48429889016,0.024894828,0.8772482,1.6411719,31
2026-08-05,Wednesday,linea 1,san lázaro,22561.618586826513,18602.3301196287,26948.832903675368,0.024890747,0.8771044,1.6409029,11
2026-08-20,Thursday,linea 1,san lázaro,21682.93402445162,17312.717981434158,25804.984379301324,0.021537539,0.7589435,1.6408495,11
2026-08-27,Thursday,linea 5,terminal aérea,17895.174877539026,14936.802629402442,20816.59982013763,0.021530723,0.7587033,1.6403302,38
2026-08-28,Friday,linea 2,san antonio abad,17943.05558858084,14048.191649813978,21963.414218439884,0.020313177,0.7157992,1.6397938,31
2026-08-03,Monday,linea a,peñón viejo,11550.071571581471,9228.834422532595,13815.941828557861,0.02547252,0.897605,1.6396335,17
2026-08-17,Monday,linea 6,deportivo 18 de marzo,1370.7942206281596,950.3124247778371,1743.169153212571,0.025435202,0.89629,1.6372315,20
2026-08-05,Wednesday,linea 1,boulevard puerto aéreo,18292.66304462756,15884.074202379965,20708.18074135203,0.024820616,0.87463313,1.6362796,12
2026-08-16,Sunday,linea 2,allende,18641.363553369716,7025.088598944186,30761.661240276488,0.026688663,0.94045967,1.633954,10
2026-08-05,Wednesday,linea a,santa marta,43561.83791115159,36087.51331096627,50524.79472711674,0.024763536,0.8726217,1.6325166,13
2026-08-07,Friday,linea 2,allende,28761.95272035045,17513.710522610738,40669.45743567232,0.020219425,0.71249557,1.6322255,6
2026-08-16,Sunday,linea 1,san lázaro,20243.31120648686,16092.691543541509,24261.040461027435,0.02665471,0.9392632,1.6318753,11
2026-08-28,Friday,linea 2,chabacano,27033.254378099806,20960.227130606814,32745.363840046903,0.020200528,0.71182966,1.6307001,32
2026-08-02,Sunday,linea 6,tezozómoc,2228.2304382308225,1177.0994543454044,3188.6889270355896,0.02663119,0.9384344,1.6304353,37
2026-08-28,Friday,linea 8,iztapalapa,10642.628755042926,8222.867547830438,13455.203336411741,0.020173412,0.71087414,1.6285111,33
2026-08-23,Sunday,linea 6,deportivo 18 de marzo,758.3183683951208,368.6487686856365,1147.7616905639952,0.026527217,0.9347706,1.6240698,10
2026-08-14,Friday,linea 2,portales,16721.467864399827,13331.246431076472,20075.00048625826,0.02009676,0.7081731,1.6223234,22
2026-08-25,Tuesday,linea b,ricardo flores magón,5259.692974999622,4144.584682200455,6277.5554927261555,0.026491858,0.9335246,1.6220596,22
2026-08-15,Saturday,linea 3,hidalgo,20029.460573637854,15609.835244009353,24344.407260768072,0.022317367,0.7864232,1.6212718,22
2026-08-30,Sunday,linea a,acatitla,10751.977823452708,7888.06115845597,13651.929452351551,0.026456373,0.9322742,1.6197326,33
2026-08-14,Friday,linea 1,balbuena,8884.283223971144,7400.146390672191,10385.734470797199,0.020044439,0.70632935,1.6180997,23
2026-08-18,Tuesday,linea 2,allende,25536.46545911931,13503.429136521194,38625.899695720065,0.026406806,0.93052757,1.6168519,10
2026-08-02,Sunday,linea 1,merced,32277.239661640975,25645.455952237466,38660.14426540559,0.026408626,0.9305917,1.6168094,38
2026-08-26,Wednesday,linea 8,iztapalapa,10195.76473375949,7668.798888272152,12745.0554559558,0.02450925,0.8636611,1.615753,32
2026-08-19,Wednesday,linea 1,boulevard puerto aéreo,18235.523636600006,15840.06102732108,20709.27375344904,0.02450591,0.86354345,1.6155329,13
2026-08-21,Friday,linea 2,allende,28076.037058100403,16009.04518889955,40049.81633639483,0.019984778,0.70422703,1.6132835,9
2026-08-01,Saturday,linea 2,villa de cortés,12667.757280062322,8903.179587745992,16406.769865384136,0.022181042,0.78161937,1.6113683,32
2026-08-10,Monday,linea 1,salto del agua,16839.523304675535,13880.998248857404,19462.270690747584,0.025005342,0.88114256,1.6095619,19
2026-08-30,Sunday,linea 7,tacuba,5351.762099673508,3862.376486948841,6865.8368907498925,0.026269209,0.92567885,1.6082739,34
2026-08-29,Saturday,linea b,múzquiz,22936.837911243878,18062.71929969228,27696.346758052092,0.022134298,0.7799722,1.6079726,33
2026-08-29,Saturday,linea 3,potrero,12035.735777979726,9763.949644821196,14438.034898563712,0.022128737,0.7797762,1.6075686,34
2026-08-13,Thursday,linea 4,talismán,3487.533337825673,2827.0589459518483,4183.626877507518,0.021088103,0.7431062,1.6066089,21
2026-08-18,Tuesday,linea 1,san lázaro,23075.78868429945,18736.829335464638,27575.64523124141,0.026226955,0.9241899,1.6058398,11
2026-08-28,Friday,linea 8,apatlaco,12394.804592199986,9992.72391176099,14618.496689931882,0.01986543,0.70002145,1.6036491,34
2026-08-29,Saturday,linea 5,autobuses del norte,19078.25601587959,14386.419902091571,23712.39465425428,0.022071803,0.77777,1.6034325,35
2026-08-03,Monday,linea 1,isabel la católica,16913.63576815497,12570.991917796777,21192.47768830549,0.024897765,0.8773517,1.6026374,18
2026-08-15,Saturday,linea 2,zócalo/tenochtitlan,44867.29292398752,26240.526887297947,64845.71682735662,0.02204488,0.77682126,1.6014768,23
2026-08-25,Tuesday,linea 3,hidalgo,17614.712109623913,13365.512813502164,21884.249735558107,0.026151884,0.92154455,1.6012434,23
2026-08-19,Wednesday,linea 2,chabacano,26139.457293916574,20298.159925208827,31365.915860690293,0.024284549,0.8557431,1.6009399,14
2026-08-01,Saturday,linea b,bosque de aragón,5668.747332923147,4232.625769289071,7035.952027649187,0.022018867,0.7759046,1.599587,33
2026-08-01,Saturday,linea 3,centro médico,12612.436205533928,9770.537024079305,15631.929101448028,0.022014933,0.77576596,1.5993011,34
2026-08-07,Friday,linea 2,zócalo/tenochtitlan,38805.66556322256,18820.00681792681,59276.24932490693,0.01980296,0.69782007,1.5986061,7
2026-08-26,Wednesday,linea b,romero rubio,13916.711682680705,11859.446048533482,16016.569776689936,0.024213456,0.85323787,1.596253,33
2026-08-18,Tuesday,linea 1,pino suárez,31266.91881453931,21354.20516900788,41711.534682525205,0.02606207,0.91837966,1.5957443,12
2026-08-01,Saturday,linea a,peñón viejo,10556.765491479222,8287.565893283598,12920.875833913788,0.021957738,0.77375054,1.5951462,35
2026-08-02,Sunday,linea b,plaza aragón,10707.843560878213,7963.55529825165,13234.911032538623,0.026013648,0.91667336,1.5926278,39
2026-08-14,Friday,linea 5,terminal aérea,17704.476607788147,14705.891484739905,20606.726493696362,0.019724268,0.69504714,1.5922537,24
2026-08-12,Wednesday,linea 2,chabacano,25605.702772363944,19933.30770948087,31744.995373400183,0.024096424,0.8491139,1.5885378,12
2026-08-01,Saturday,linea 1,isabel la católica,16085.046418231477,11593.319562020262,20704.477630494704,0.021831907,0.7693165,1.5860051,36
2026-08-02,Sunday,linea 3,juárez,4745.175305459585,235.39563046178532,9274.488966871448,0.025896935,0.91256064,1.5854822,40
2026-08-30,Sunday,linea 2,revolución,14259.095582563412,7593.445637056966,21105.74450470241,0.025863882,0.9113959,1.5834587,35
2026-08-29,Saturday,linea 8,iztapalapa,9075.423182516133,6541.331431348397,11844.950738745238,0.021751864,0.7664959,1.5801902,36
2026-08-09,Sunday,linea 1,cuauhtémoc,9154.524098228092,5459.390057490989,12574.222660933472,0.02579337,0.90891117,1.5791417,7
2026-08-09,Sunday,linea a,santa marta,29694.797794982143,22270.038476938247,36877.52460070899,0.02578247,0.9085271,1.5784744,8
2026-08-02,Sunday,linea 5,politécnico,3693.06408116451,0.0,12419.333131274914,0.025781203,0.90848243,1.5783968,41
2026-08-02,Sunday,linea 2,san cosme,6474.956956149788,2421.2845300749914,10795.361406479706,0.025779845,0.9084346,1.5783137,42
2026-08-10,Monday,linea b,plaza aragón,17207.19150054582,14469.630017708078,19704.328497016417,0.024517704,0.8639591,1.5781733,20
2026-08-24,Monday,linea 2,zócalo/tenochtitlan,36387.98772998393,16364.267306562511,55738.968968754234,0.024500115,0.86333925,1.5770411,9
2026-08-01,Saturday,linea 8,apatlaco,9200.763293786722,6832.600860638338,11278.591166074808,0.021708379,0.76496357,1.5770311,37
2026-08-11,Tuesday,linea b,plaza aragón,17142.24843558669,14462.136204603454,19809.615760376782,0.025752107,0.9074572,1.5767657,29
2026-08-17,Monday,linea 1,isabel la católica,18720.199508257727,14272.01808966817,23049.814161566657,0.02445879,0.86188304,1.5743811,21
2026-08-29,Saturday,linea 3,hidalgo,20503.152149786605,16206.14780693512,24629.298416973987,0.021671306,0.7636572,1.574338,37
2026-08-16,Sunday,linea 5,terminal aérea,11806.987807108555,8637.288248541141,14480.524798102451,0.025710106,0.90597713,1.5740441,12
2026-08-11,Tuesday,linea 1,gómez farias,21002.691820157317,17828.20535345678,24159.763044294985,0.025701705,0.9056811,1.5736796,30
2026-08-18,Tuesday,linea 5,terminal aérea,17766.833165165306,14893.768551981706,20436.675221669888,0.025649993,0.90385884,1.5705134,13
2026-08-28,Friday,linea a,pantitlán,36999.65643470407,28685.37426272573,44802.884772677906,0.01945283,0.6854822,1.5703417,35
2026-08-03,Monday,linea 2,portales,15365.38874524013,12341.029367233868,18390.877726714585,0.024385914,0.85931504,1.5696902,19
2026-08-02,Sunday,linea 6,ferrería/arena ciudad de méxico,2107.3748034800956,0.0,8268.375096112823,0.025637232,0.9034092,1.5695825,43
2026-08-24,Monday,linea 6,deportivo 18 de marzo,1413.0073556398213,1019.4672745363364,1775.373719360323,0.024364773,0.85857004,1.5683293,10
2026-08-11,Tuesday,linea a,acatitla,14966.70820328188,12415.391074216443,17771.28682668391,0.025592139,0.9018202,1.5669711,31
2026-08-30,Sunday,linea a,pantitlán,17211.743617491935,9587.611041181739,25372.453867141438,0.025588822,0.9017033,1.5666187,36
2026-08-30,Sunday,linea 8,iztapalapa,7669.960559986037,4984.387860402374,10350.257257674288,0.02558204,0.9014643,1.5662035,37
2026-08-28,Friday,linea b,romero rubio,14905.679539499099,12727.449779021304,16804.468926749316,0.019391507,0.68332124,1.5653913,36
2026-08-06,Thursday,linea 2,nativitas,16905.895862619203,13254.003811410505,20376.90736610192,0.020531671,0.7234985,1.5642169,6
2026-08-14,Friday,linea 7,tacuba,8560.789008032438,7187.157346608481,10017.118984388642,0.01936147,0.6822628,1.5629666,25
2026-08-02,Sunday,linea 8,obrera,5144.814915899376,3023.3970989409695,7293.358215228964,0.02552806,0.8995622,1.5628988,44
2026-08-10,Monday,linea 2,nativitas,16346.670767040823,12923.401143455778,20154.092587250638,0.024245925,0.85438204,1.5606793,21
2026-08-10,Monday,linea 1,candelaria,17155.849534819492,13649.723895672922,20167.77049145567,0.024218408,0.85341245,1.558908,22
2026-08-08,Saturday,linea 2,nativitas,13792.530504875805,10191.029406466674,17346.086068052602,0.021454964,0.7560337,1.5586215,6
2026-08-18,Tuesday,linea 1,boulevard puerto aéreo,18228.29137036999,15824.086885027704,20613.796737826648,0.025454435,0.89696777,1.5585396,14
2026-08-28,Friday,linea 1,moctezuma,19252.706449524914,16072.820710494638,22512.395320401014,0.01929421,0.67989266,1.557537,37
2026-08-22,Saturday,linea 1,pino suárez,41621.93809499271,32159.62958056144,51426.27299425862,0.02143345,0.7552756,1.5570587,7
2026-08-13,Thursday,linea 3,hidalgo,17674.034082938746,13158.312861866587,21648.07102590391,0.020435043,0.72009355,1.5568552,22
2026-08-14,Friday,linea 6,deportivo 18 de marzo,1442.2760728394096,1059.8445886318273,1824.6801434141446,0.019282587,0.6794831,1.5565987,26
2026-08-28,Friday,linea a,acatitla,16363.855270960217,13480.380749914359,19364.016977179697,0.019273067,0.67914766,1.5558302,38
2026-08-16,Sunday,linea 2,ermita,5110.553756062605,1564.9632737185136,8547.63850419747,0.02540939,0.89538044,1.5556333,13
2026-08-13,Thursday,linea 8,garibaldi/lagunilla,14187.074004389839,10385.485762991517,17574.332470237114,0.020418713,0.7195181,1.555611,23
2026-08-29,Saturday,linea 9,centro médico,11888.43688444661,9535.749883157696,14219.857825551764,0.021402508,0.75418526,1.5548109,38
2026-08-03,Monday,linea 3,hidalgo,16419.865830240647,12282.73107653687,20573.828684384014,0.024152132,0.85107696,1.5546418,20
2026-08-28,Friday,linea 9,puebla,29767.636279645296,22123.981142760927,36913.86557353658,0.019250795,0.67836285,1.5540323,39
2026-08-25,Tuesday,linea 2,portales,16793.062957003778,13066.540909192052,20210.007174028382,0.02532456,0.8923912,1.5505875,24
2026-08-10,Monday,linea 2,zócalo/tenochtitlan,35153.47456684539,13846.345324807822,55400.88479111104,0.024050351,0.8474904,1.5480905,23
2026-08-27,Thursday,linea 12,insurgentes sur,39432.4724359373,33970.274943505,45003.92373817779,0.02029307,0.7150907,1.5460389,39
2026-08-12,Wednesday,linea 1,insurgentes,43563.72019500028,33003.413638917176,53411.55986607904,0.023437237,0.82588536,1.5450815,13
2026-08-29,Saturday,linea 1,chapultepec,35748.87682207055,26645.697299787847,44510.922158660505,0.021232875,0.7482077,1.5424876,39
2026-08-30,Sunday,linea b,romero rubio,11292.091582479765,9239.68311827644,13366.202411519642,0.025169434,0.8869248,1.5409427,38
2026-08-24,Monday,linea 1,cuauhtémoc,15933.006240357827,12287.638673879068,19403.437950265492,0.023925856,0.8431034,1.5400769,11
2026-08-29,Saturday,linea b,bosque de aragón,5979.294869889964,4542.772928803548,7354.6867617719445,0.021159682,0.74562854,1.5371705,40
2026-08-09,Sunday,linea 1,isabel la católica,10254.833089612672,5933.123687341106,14886.536314421408,0.0250858,0.8839777,1.5358223,9
2026-08-30,Sunday,linea a,canal de san juan,9156.143271680276,6839.9181673252715,11363.957210040133,0.02507529,0.8836074,1.5351789,39
2026-08-02,Sunday,linea 1,moctezuma,10633.154406023397,7592.1124054388465,13634.465865704766,0.025052933,0.88281953,1.5338101,45
2026-08-03,Monday,linea 6,instituto del petróleo,2757.836531297331,2035.3921500263843,3494.020752734648,0.023820443,0.83938885,1.5332915,21
2026-08-10,Monday,linea 3,hidalgo,16988.916452540238,13021.2826076968,21170.33345537774,0.023819618,0.83935976,1.5332384,24
2026-08-01,Saturday,linea 3,coyoacán,18362.487480885273,13158.622683789745,23445.68693581829,0.021044904,0.74158394,1.5288323,38
2026-08-16,Sunday,linea 1,balbuena,5499.844096109597,3905.6905783281645,7008.996066388808,0.024968354,0.8798391,1.5286319,14
2026-08-28,Friday,linea b,guerrero,6574.313323735393,5215.476518893544,7983.976215441367,0.01890626,0.66622204,1.5262195,40
2026-08-28,Friday,linea 1,salto del agua,17036.10558520439,13992.670616551193,19843.19365757764,0.018901184,0.66604316,1.5258098,41
2026-08-01,Saturday,linea 8,doctores,6033.169774254811,3471.059205390779,8860.92376206685,0.020986067,0.73951066,1.524558,39
2026-08-01,Saturday,linea b,san lázaro,14171.42184196639,10278.126348406526,17993.45260158931,0.020981496,0.73934954,1.524226,40
2026-08-11,Tuesday,linea 3,hidalgo,17174.912058497983,13085.86163917307,21367.033018209557,0.024871513,0.87642664,1.5228481,32
2026-08-08,Saturday,linea 1,balbuena,7553.069382093541,6047.655210925204,8983.131492183062,0.020944055,0.7380302,1.521506,7
2026-08-12,Wednesday,linea a,santa marta,45369.20185615375,37710.52158200062,52931.91397354129,0.023057116,0.8124906,1.5200223,14
2026-08-03,Monday,linea 3,coyoacán,25750.238767146122,20691.669497772622,31078.933901949946,0.02360692,0.8318647,1.5195473,22
2026-08-27,Thursday,linea b,romero rubio,14147.269396808226,11997.227743885202,16213.78031027127,0.01993617,0.7025142,1.5188483,40
2026-08-26,Wednesday,linea 1,salto del agua,17359.84616385409,14710.961844705547,20281.116321480567,0.02303478,0.8117035,1.5185497,34
2026-08-26,Wednesday,linea 8,garibaldi/lagunilla,14541.666041987253,11165.61651666559,18143.193468214144,0.023016056,0.81104374,1.5173154,35
2026-08-14,Friday,linea 4,talismán,3477.6127959890764,2829.540804286152,4200.542936311066,0.018793354,0.6622434,1.5171051,27
2026-08-17,Monday,linea 5,terminal aérea,17480.731431861983,14582.168225625008,20580.009080965778,0.023544967,0.8296816,1.5155594,22
2026-08-28,Friday,linea 8,bellas artes,17923.62265357566,12404.153852596131,23406.706512222678,0.018766101,0.6612831,1.5149051,42
2026-08-20,Thursday,linea 1,boulevard puerto aéreo,18121.379913657573,15633.833097516737,20544.49311049862,0.019876603,0.70041513,1.5143101,12
2026-08-25,Tuesday,linea 2,chabacano,25903.217272802885,20111.39050769283,31484.924097168,0.024706805,0.87062263,1.5127633,25
2026-08-28,Friday,linea 8,coyuya,29063.827580667377,23911.01181473864,34035.410418122345,0.018738525,0.66031134,1.512679,43
2026-08-01,Saturday,linea 4,talismán,2376.6023262362023,1694.544944858948,3092.71815600007,0.020817822,0.73358196,1.5123357,41
2026-08-19,Wednesday,linea 3,hidalgo,17744.95709922029,13866.122396345423,21736.258011601076,0.022940319,0.8083749,1.5123225,15
2026-08-09,Sunday,linea 9,ciudad deportiva,6399.965727757479,89.29552093546617,11978.502980080677,0.024687756,0.86995137,1.5114529,10
2026-08-15,Saturday,linea 9,puebla,23253.399974438908,15473.362878860504,31288.859282160884,0.020798104,0.73288715,1.5109031,24
2026-08-18,Tuesday,linea 2,chabacano,25674.7407371057,20265.733924989003,31275.28899865142,0.024664965,0.86914825,1.5102015,15
2026-08-27,Thursday,linea 2,tacuba,32655.041337134768,27313.30772144401,37740.06750516432,0.019810889,0.6980995,1.5093037,41
2026-08-14,Friday,linea 1,insurgentes,43757.27345111375,33913.68947435829,53518.67500038836,0.0186963,0.65882343,1.5092704,28
2026-08-02,Sunday,linea 9,tacubaya,14727.619894250387,2951.2015974853307,27080.032531760353,0.024643991,0.86840916,1.5087736,46
2026-08-01,Saturday,linea 8,salto del agua,14367.548057871016,9735.52794548022,19169.001081711394,0.020761104,0.73158336,1.5082153,42
2026-08-04,Tuesday,linea 8,garibaldi/lagunilla,13670.948734286274,10110.667834512258,17074.896747276776,0.024622696,0.86765873,1.5076133,11
2026-08-26,Wednesday,linea 12,insurgentes sur,39821.91527522485,34191.49171459062,45615.77595991635,0.022856228,0.8054117,1.5067788,36
2026-08-27,Thursday,linea 8,salto del agua,17306.86238652333,12914.981367575034,21837.78362706341,0.01975769,0.69622487,1.5052507,42
2026-08-23,Sunday,linea b,ricardo flores magón,2760.3692738001782,1728.4265909202486,3798.6706019126595,0.02455862,0.86540085,1.503547,11
2026-08-20,Thursday,linea 1,pino suárez,32629.01559427731,23247.924926166175,42637.821362955016,0.01972022,0.69490445,1.5023959,13
2026-08-27,Thursday,linea 8,bellas artes,16672.13331862249,11307.837684533053,21951.678841600118,0.019718824,0.6948553,1.5022897,43
2026-08-03,Monday,linea 1,moctezuma,18415.254016706134,15306.386493582302,21561.443329747348,0.02330406,0.82119244,1.5000526,23
2026-08-12,Wednesday,linea 1,balbuena,8939.933911381126,7406.341582229503,10436.339554445085,0.022750476,0.80168515,1.4998072,15
2026-08-02,Sunday,linea 8,apatlaco,7153.187366167085,5017.745922104898,9397.35689946757,0.024476558,0.86250913,1.4985229,47
2026-08-19,Wednesday,linea 6,deportivo 18 de marzo,1449.7171366214795,1078.6839808675231,1848.4215566005673,0.022701079,0.7999445,1.4965508,16
2026-08-04,Tuesday,linea 1,san lázaro,23312.732386482992,19326.845112730774,27524.404910786605,0.024404129,0.85995686,1.4942309,12
2026-08-30,Sunday,linea 2,villa de cortés,8551.578778007752,4766.746454431272,12409.579583150922,0.024383193,0.85921913,1.4928068,40
2026-08-13,Thursday,linea 8,bellas artes,16917.777875623968,12238.897176752049,22133.33835238572,0.019588638,0.6902678,1.4923713,24
2026-08-16,Sunday,linea 1,candelaria,15132.694575771413,11996.895772984168,18476.713649392736,0.02433776,0.85761815,1.4900252,15
2026-08-22,Saturday,linea 2,chabacano,24847.729670698245,19476.188582588533,30287.19625777532,0.020444266,0.7204186,1.4851983,8
2026-08-03,Monday,linea 4,talismán,3041.415106432106,2317.38996246912,3801.344791619808,0.02306131,0.8126384,1.4844271,24
2026-08-04,Tuesday,linea 1,isabel la católica,17443.372020388982,13026.355677953132,21856.970917931834,0.024227701,0.85373986,1.4834284,13
2026-08-02,Sunday,linea b,oceanía,3136.910532597625,1411.4693711574898,5032.316118748499,0.024209553,0.85310036,1.4821761,48
2026-08-17,Monday,linea 2,san antonio abad,15698.303889946506,11966.233535594021,19443.54176279557,0.023000048,0.81047964,1.4804838,23
2026-08-07,Friday,linea 1,isabel la católica,18664.05150276042,14479.632059744543,22820.87870010141,0.0183142,0.6453589,1.478425,8
2026-08-07,Friday,linea 1,boulevard puerto aéreo,18806.294956249454,16101.991455036097,21159.617538732167,0.01829922,0.64483106,1.4772158,9
2026-08-26,Wednesday,linea 1,zaragoza,27449.22428285565,22749.037848610744,32088.80257775643,0.022386175,0.78884786,1.475791,37
2026-08-02,Sunday,linea 1,candelaria,14471.393613089755,11503.809332166653,17567.472784046702,0.024094103,0.8490321,1.4751079,49
2026-08-08,Saturday,linea 1,isabel la católica,16763.888666656396,12398.24678870256,21298.69277722106,0.020294338,0.7151354,1.4743066,8
2026-08-13,Thursday,linea 1,isabel la católica,18954.286984665676,14503.540178657457,23291.256687974284,0.019325402,0.6809918,1.4723165,25
2026-08-16,Sunday,linea 8,apatlaco,7893.091031679616,5723.777688469023,10066.346332508072,0.024047872,0.84740305,1.4722775,16
2026-08-09,Sunday,linea 2,nativitas,8096.272052850031,4489.963538623798,11762.402277870837,0.024024097,0.84656525,1.470822,11
2026-08-24,Monday,linea 1,moctezuma,18844.94364476999,15646.425901132261,21898.574694262395,0.02283938,0.804818,1.4701418,12
2026-08-26,Wednesday,linea a,acatitla,20046.584321693408,17392.71217367009,22822.132285461317,0.022283293,0.78522253,1.4690086,38
2026-08-11,Tuesday,linea b,san lázaro,16160.018803880885,12232.383641697359,20485.993957962528,0.023955261,0.8441396,1.4667473,33
2026-08-13,Thursday,linea 1,insurgentes,43302.175326398195,33260.40660430442,53203.65551230349,0.01924109,0.67802083,1.4658933,26
2026-08-15,Saturday,linea b,ricardo flores magón,4593.757284290723,3514.980576586906,5626.388842949798,0.02015828,0.7103409,1.4644223,25
2026-08-29,Saturday,linea b,guerrero,6284.729019983814,5006.506140275641,7766.020776605213,0.020139817,0.70969033,1.4630811,41
2026-08-22,Saturday,linea 1,san lázaro,21102.42115230145,16665.972769843902,25588.126602623754,0.020128557,0.70929354,1.4622632,9
2026-08-05,Wednesday,linea 5,terminal aérea,17590.77846230253,14630.614884496643,20516.245714318407,0.022174103,0.7813749,1.4618104,14
2026-08-21,Friday,linea 2,zócalo/tenochtitlan,41572.34470358606,21851.351687804254,63127.42490300306,0.018104803,0.63798016,1.4615214,10
2026-08-26,Wednesday,linea b,guerrero,6432.586043868826,5152.520837397796,7821.379645689999,0.022152016,0.78059655,1.4603542,39
2026-08-30,Sunday,linea 5,autobuses del norte,18122.0255975856,13213.480919289192,22852.75140472839,0.023820765,0.83940023,1.4583734,41
2026-08-18,Tuesday,linea 2,portales,16401.477940389515,13158.11534846051,19918.46797586412,0.023803823,0.8388032,1.457475,16
2026-08-10,Monday,linea 8,garibaldi/lagunilla,13210.654445997065,10066.647865537892,16741.12832284406,0.022617992,0.7970167,1.4558913,25
2026-08-02,Sunday,linea b,guerrero,3815.4174931933576,2535.666551524149,5181.1360263610695,0.02376571,0.83746016,1.4550027,50
2026-08-10,Monday,linea 4,talismán,3180.2842948136913,2490.344682494335,3866.380072328658,0.022595786,0.7962342,1.4544619,26
2026-08-03,Monday,linea a,santa marta,41805.49384201343,35028.57230836615,49177.198368051846,0.022586484,0.79590636,1.4538631,25
2026-08-16,Sunday,linea 2,pino suárez,32179.23851407591,21414.239450334735,43519.51675581482,0.023717279,0.8357535,1.4520377,17
2026-08-15,Saturday,linea 2,san antonio abad,11295.366973964543,7468.020072081799,15286.58218995852,0.019979745,0.7040497,1.4514525,26
2026-08-06,Thursday,linea 2,zócalo/tenochtitlan,36414.03969815177,15991.559594678953,55713.859064188255,0.019045442,0.67112654,1.4509877,7
2026-08-17,Monday,linea 2,pino suárez,35174.16947387927,24515.23468011554,44763.54131714118,0.022539908,0.79426515,1.4508651,24
2026-08-07,Friday,linea 1,san lázaro,23244.30239987129,18783.225113333323,27134.11677051399,0.017945196,0.6323559,1.448637,10
2026-08-02,Sunday,linea a,agrícola oriental,6069.7598938287865,3651.096071093268,8434.63575332251,0.023647781,0.8333046,1.4477829,51
2026-08-10,Monday,linea 2,portales,15514.079251067255,12224.378958413332,18692.56573870689,0.022483485,0.7922769,1.4472332,27
2026-08-11,Tuesday,linea 9,mixiuhca,22288.203775945694,17928.07430896452,26629.698764080316,0.023601025,0.831657,1.4450579,34
2026-08-19,Wednesday,linea 1,merced,34024.20577747827,26957.64971338796,41008.79907580189,0.02190369,0.771846,1.4439836,17
2026-08-28,Friday,linea 8,garibaldi/lagunilla,14378.606233504801,10567.956406895993,17860.448864333626,0.017884903,0.63023126,1.4437698,44
2026-08-22,Saturday,linea 1,cuauhtémoc,13324.242735498665,9722.470436715388,17060.333343150753,0.019843657,0.69925416,1.4415662,10
2026-08-12,Wednesday,linea 5,terminal aérea,17829.373676720064,15095.793243464217,20921.237036859337,0.021849932,0.76995164,1.4404396,16
2026-08-29,Saturday,linea 8,coyuya,22762.612297957905,17474.411584856687,27737.66662841855,0.019827122,0.6986715,1.4403651,42
2026-08-01,Saturday,linea 1,cuauhtémoc,12068.477879152095,8413.659039390079,15753.82262956806,0.01982506,0.69859886,1.4402152,43
2026-08-26,Wednesday,linea 1,chapultepec,43603.46452839097,34152.94534434105,53283.71814997261,0.021836521,0.7694791,1.4395555,40
2026-08-19,Wednesday,linea 2,portales,16750.016525723066,13581.477480421943,20024.348387716414,0.02182229,0.7689776,1.4386173,18
2026-08-14,Friday,linea 2,san antonio abad,16660.145235037184,12715.956240614078,20546.31433216241,0.01781892,0.62790614,1.4384433,29
2026-08-27,Thursday,linea 8,apatlaco,12118.772733520678,9642.795340743804,14481.728615985994,0.018861683,0.6646512,1.4369879,44
2026-08-30,Sunday,linea 1,isabel la católica,11335.567231053148,7279.052019770474,15493.587523224023,0.023471124,0.8270795,1.4369674,42
2026-08-02,Sunday,linea 8,garibaldi/lagunilla,8938.202319924683,5312.268280873263,12279.379224416169,0.023460899,0.82671916,1.4363413,52
2026-08-14,Friday,linea a,acatitla,15600.651493525373,12686.958087695597,18456.924094484297,0.01779166,0.62694556,1.4362427,30
2026-08-21,Friday,linea 1,boulevard puerto aéreo,18857.78984038779,16456.71651824574,21385.47603078035,0.017780682,0.6265587,1.4353565,11
2026-08-27,Thursday,linea b,bosque de aragón,5724.48704069663,4259.299249453006,7081.865039491203,0.01882725,0.66343784,1.4343646,45
2026-08-20,Thursday,linea 2,portales,16760.58011486161,13528.36056075182,19733.57464109459,0.018826518,0.6634121,1.4343088,14
2026-08-06,Thursday,linea 1,boulevard puerto aéreo,18126.093069827897,15746.393721018376,20679.16691367323,0.018814793,0.6629989,1.4334155,8
2026-08-16,Sunday,linea 1,moctezuma,10891.01585819315,7962.1881461295425,13810.048640151892,0.023404883,0.8247453,1.4329119,18
2026-08-05,Wednesday,linea 1,balbuena,8906.042040986791,7418.381727523874,10295.765745344104,0.021721693,0.7654327,1.4319855,15
2026-08-04,Tuesday,linea a,peñón viejo,11914.396681381158,9609.032758284027,14029.393749694826,0.023369579,0.8235012,1.4308867,14
2026-08-03,Monday,linea b,bosque de aragón,4532.967650812188,3180.787595351769,5923.644950621786,0.02222279,0.78309053,1.4304527,26
2026-08-15,Saturday,linea b,plaza aragón,14658.620137089092,11925.043436529779,17293.490022052873,0.01968658,0.6937191,1.4301552,27
2026-08-16,Sunday,linea 1,isabel la católica,11255.577820828452,6795.140459306952,15324.479693079096,0.023347225,0.8227135,1.429382,19
2026-08-03,Monday,linea 6,deportivo 18 de marzo,1265.586478437147,863.86809413344,1662.6658461884,0.022197647,0.7822045,1.4288342,27
2026-08-05,Wednesday,linea b,plaza aragón,17116.143294509475,14721.041351141743,19846.405444846867,0.021651974,0.762976,1.4273894,16
2026-08-12,Wednesday,linea 1,salto del agua,17346.504420777757,14567.828510805368,20179.72969145996,0.021636514,0.7624312,1.4263701,17
2026-08-02,Sunday,linea 4,canal del norte,2966.724546757047,1533.9098171660269,4575.787054587256,0.02328879,0.8206544,1.4258044,53
2026-08-13,Thursday,linea 6,deportivo 18 de marzo,1418.4343214333,1043.3033057030495,1807.2902042468063,0.018689457,0.65858227,1.4238667,27
2026-08-06,Thursday,linea 1,isabel la católica,17971.1193776964,13977.953819719809,22247.636735161785,0.018688513,0.658549,1.4237949,9
2026-08-17,Monday,linea 6,instituto del petróleo,2959.3197674977177,2225.5547923880094,3638.99107647103,0.022092754,0.77850825,1.4220824,25
2026-08-30,Sunday,linea 4,candelaria,7500.0027956847325,4383.976565581898,10615.113930216836,0.02320289,0.81762743,1.4205453,43
2026-08-12,Wednesday,linea 1,pantitlán,37999.96929844313,31500.89400396991,44363.68282406287,0.02153464,0.75884134,1.4196543,18
2026-08-29,Saturday,linea 2,nativitas,14632.46669423512,10966.272367134938,18237.61125213716,0.01951929,0.6878241,1.4180022,43
2026-08-01,Saturday,linea 9,mixiuhca,14394.411500568303,10123.829630249904,18731.44590322424,0.019514978,0.68767214,1.417689,44
2026-08-21,Friday,linea 1,cuauhtémoc,16966.67282945037,13362.629858121683,20635.638314705328,0.01755604,0.61864275,1.4172221,12
2026-08-15,Saturday,linea 6,instituto del petróleo,1559.7393222509393,778.787814689524,2273.9916615770394,0.019500434,0.68715966,1.4166324,28
2026-08-03,Monday,linea a,los reyes,19064.274566749864,15435.168418278483,22811.272252004226,0.021996042,0.7751003,1.4158571,28
2026-08-11,Tuesday,linea b,tepito,12508.159898520516,7882.606416355086,17857.26410041393,0.023117933,0.8146337,1.4154788,35
2026-08-16,Sunday,linea 1,pino suárez,27420.48669203371,17170.279272565258,37305.82982263722,0.023093555,0.81377465,1.4138515,20
2026-08-19,Wednesday,linea 5,terminal aérea,17985.243191637855,15000.239848019379,20652.06837454066,0.021413792,0.7545829,1.4116874,19
2026-08-11,Tuesday,linea 8,bellas artes,16080.363308129718,10727.136415533967,21685.212324921915,0.023049314,0.8122157,1.4112773,36
2026-08-02,Sunday,linea 9,jamaica,7754.012364116063,5272.284226478,10293.801135885842,0.023049178,0.81221086,1.4111346,54
2026-08-02,Sunday,linea 2,revolución,13400.449855799896,6994.358645163736,19475.544913371785,0.023039255,0.8118612,1.4105272,55
2026-08-25,Tuesday,linea 8,san juan de letrán,22578.971342482542,16424.74916021541,28367.66743219726,0.023024717,0.8113489,1.4097713,26
2026-08-13,Thursday,linea a,acatitla,15176.513025732287,12410.075451036893,18077.071724887763,0.018481385,0.6512502,1.4080147,28
2026-08-27,Thursday,linea b,lagunilla,18100.170760582983,13137.184469890664,23287.10277719761,0.018477436,0.65111107,1.4077138,46
2026-08-11,Tuesday,linea a,pantitlán,35272.760248367675,26701.47439457705,42891.172054768576,0.022970494,0.80943817,1.4064513,37
2026-08-29,Saturday,linea b,romero rubio,14062.106479895643,11912.157291503403,16197.982669301351,0.019355211,0.68204224,1.4060825,44
2026-08-02,Sunday,linea 2,pino suárez,29831.164134497896,18842.257025390893,39506.78608035433,0.022964811,0.80923796,1.4059695,56
2026-08-01,Saturday,linea 2,popotla,4179.504730578426,1456.6295451427004,6599.974405938232,0.019348703,0.68181294,1.4056097,45
2026-08-03,Monday,linea 1,pino suárez,29126.310436376152,19030.876052327945,39436.10810601886,0.021820331,0.76890856,1.4045469,29
2026-08-23,Sunday,linea 1,candelaria,15607.662429635868,12269.550923318233,19017.814507832056,0.022941098,0.8084023,1.4045177,12
2026-08-05,Wednesday,linea 3,eugenia,12910.893228385581,10456.830242038535,15751.989952169608,0.021298707,0.75052744,1.4041005,17
2026-08-27,Thursday,linea a,canal de san juan,12638.439244214556,10426.244923711278,14820.226495540242,0.018418869,0.64904726,1.4032519,47
2026-08-11,Tuesday,linea 1,chapultepec,44237.07730827163,35308.33511323418,53154.14179158306,0.022916619,0.80753976,1.4031526,38
2026-08-26,Wednesday,linea 3,copilco,46275.81477542254,33758.24180737212,59693.811292818544,0.021283682,0.74999803,1.40311,41
2026-08-27,Thursday,linea 2,san antonio abad,17676.460575387533,13592.204665941228,21842.116342563735,0.01841539,0.64892465,1.4029868,48
2026-08-22,Saturday,linea 1,balbuena,7706.50094513277,6247.325810847385,9126.47170853207,0.01929405,0.679887,1.4016393,11
2026-08-25,Tuesday,linea b,múzquiz,25843.473992496693,21057.992873730564,30589.51225720991,0.022872362,0.8059802,1.4004428,27
2026-08-30,Sunday,linea 2,ermita,5496.559413152548,1996.8732293569271,9086.056227820483,0.022863038,0.80565166,1.3997387,44
2026-08-21,Friday,linea 1,san lázaro,22916.315822857265,18449.433682374718,27096.470747980686,0.017327208,0.61057913,1.3987496,13
2026-08-10,Monday,linea a,pantitlán,34760.19592220387,26752.092952699364,43338.014062257666,0.021723963,0.76551276,1.3983438,28
2026-08-10,Monday,linea 8,apatlaco,10130.06126694431,8037.078917875805,12352.287706621226,0.021683956,0.76410294,1.3957685,29
2026-08-12,Wednesday,linea 2,pino suárez,34478.70543657561,24049.193098007047,44462.097459737226,0.021156285,0.7455088,1.3947115,19
2026-08-12,Wednesday,linea 4,talismán,3500.5345914336995,2757.083223045569,4160.816668161693,0.021116734,0.74411505,1.392104,20
2026-08-18,Tuesday,linea 3,hidalgo,17424.593998509506,13167.604256811406,21277.740479068187,0.02272874,0.80091923,1.391649,17
2026-08-29,Saturday,linea 3,juárez,11448.364225738238,7244.2470458741245,15443.241473703614,0.019152278,0.67489123,1.3913401,45
2026-08-08,Saturday,linea 2,zócalo/tenochtitlan,42869.0767615577,23624.047417926406,63665.706673692126,0.019140484,0.67447567,1.3904834,9
2026-08-23,Sunday,linea 1,san lázaro,20027.711358260178,15922.503374054482,24091.459885211927,0.022711014,0.80029464,1.3904314,13
2026-08-22,Saturday,linea a,santa marta,41253.832061222376,33584.518281971556,48298.9528743804,0.019130308,0.6741171,1.3897442,12
2026-08-04,Tuesday,linea 5,terminal aérea,17353.45759536681,14439.500681511034,20476.210470428927,0.022694895,0.7997266,1.3895768,15
2026-08-22,Saturday,linea b,plaza aragón,15034.50241789452,12357.00636366477,17572.647536990058,0.019111833,0.673466,1.388402,13
2026-08-17,Monday,linea 8,garibaldi/lagunilla,13296.588680320494,9875.300256574388,16804.33373000815,0.021548681,0.7593361,1.3870611,26
2026-08-18,Tuesday,linea 1,merced,32005.548908004665,25494.530312406663,39442.25468291518,0.022639574,0.7977772,1.3861896,18
2026-08-16,Sunday,linea 6,deportivo 18 de marzo,714.4107902900372,326.8823505823034,1109.0297474486067,0.02264009,0.79779536,1.3860892,21
2026-08-14,Friday,linea b,ricardo flores magón,5430.796035253318,4351.4698332048365,6495.118646537713,0.01716858,0.60498935,1.3859441,31
2026-08-16,Sunday,linea 8,salto del agua,8271.853112119752,3929.9780892263234,12192.898777881901,0.022635275,0.7976257,1.3857944,22
2026-08-11,Tuesday,linea 6,instituto del petróleo,3003.830337427649,2237.4271118179017,3689.651832799715,0.022619355,0.7970647,1.3849516,39
2026-08-20,Thursday,linea 6,deportivo 18 de marzo,1467.7745167629248,1070.1939268124938,1844.843712656681,0.018176872,0.64051974,1.3848152,15
2026-08-26,Wednesday,linea 8,apatlaco,12140.516879644218,9805.237058110903,14468.547897778451,0.02098831,0.73958963,1.3836378,42
2026-08-05,Wednesday,linea 1,merced,34297.10677135508,27170.927365860356,41036.568373757524,0.02096845,0.7388898,1.3823286,18
2026-08-27,Thursday,linea 8,coyuya,28767.009718203437,23814.894683066705,33919.92809720108,0.018106794,0.6380503,1.3794762,49
2026-08-30,Sunday,linea 6,deportivo 18 de marzo,794.2697890959189,396.6668348635616,1201.3926527180834,0.022502089,0.79293245,1.3776404,45
2026-08-30,Sunday,linea 8,salto del agua,8617.223032069705,4116.73845132727,13271.801598816943,0.022475442,0.7919935,1.376009,46
2026-08-06,Thursday,linea 4,talismán,3329.1995056931805,2627.8393035183994,4029.5635295715033,0.018060323,0.63641274,1.3759358,10
2026-08-16,Sunday,linea 2,san antonio abad,5895.679014067815,1802.806009085527,9725.97497248266,0.022466663,0.79168415,1.3754715,23
2026-08-23,Sunday,linea 1,pantitlán,23780.234184821045,18038.93502375267,30148.250580988344,0.022466576,0.79168105,1.3754661,14
2026-08-12,Wednesday,linea 2,portales,16373.592147211033,13133.596661441998,19668.65203011783,0.02085443,0.734872,1.3748119,21
2026-08-13,Thursday,linea 8,san juan de letrán,23122.247159147282,17183.427756147823,28448.573694387735,0.018043607,0.6358237,1.3746623,29
2026-08-11,Tuesday,linea b,bosque de aragón,5489.241714630475,4237.386255750202,6877.216568251749,0.022435881,0.7905994,1.3737178,40
2026-08-21,Friday,linea 2,portales,17114.919963473807,13961.064138254505,20242.947377401233,0.017013686,0.5995312,1.3734403,14
2026-08-29,Saturday,linea 1,isabel la católica,18089.556466973117,13717.801704544194,22080.38801321259,0.018897843,0.66592544,1.3728564,46
2026-08-30,Sunday,linea 2,chabacano,14112.396529579926,8463.708833435056,20041.109512152183,0.022412153,0.7897633,1.3721342,47
2026-08-27,Thursday,linea 3,copilco,45655.76469486249,33164.3605180455,57994.97991146339,0.018009631,0.63462645,1.3720738,50
2026-08-14,Friday,linea 12,zapata,14227.383654117713,12511.619095582579,15957.030577621239,0.016991282,0.5987417,1.3716317,32
2026-08-30,Sunday,linea 1,balbuena,5624.3268064470885,4042.7895392666896,7106.337491249289,0.02236403,0.7880675,1.369188,48
2026-08-03,Monday,linea a,pantitlán,34097.288566985175,25292.80576061063,42856.516719193976,0.021270063,0.7495181,1.3691268,30
2026-08-10,Monday,linea 2,revolución,24766.13835458855,18581.43266893127,30670.911465779445,0.021246376,0.7486834,1.3676021,30
2026-08-17,Monday,linea a,peñón viejo,12527.717500453922,10104.539155341046,14697.50224492787,0.021232726,0.74820244,1.3667234,27
2026-08-17,Monday,linea 9,mixiuhca,21964.607296252718,17657.204275214786,25983.373187688678,0.02121407,0.747545,1.3655226,28
2026-08-26,Wednesday,linea 1,gómez farias,21009.4649077839,17656.171224387213,24033.788667580135,0.020674001,0.728514,1.3629173,43
2026-08-05,Wednesday,linea 1,pino suárez,30460.854184663363,20234.502560003646,40256.878763735134,0.020667486,0.7282844,1.3624878,19
2026-08-01,Saturday,linea b,lagunilla,22830.51135324481,17865.50358615418,27831.11850551982,0.018748794,0.6606732,1.3620286,46
2026-08-28,Friday,linea 8,cerro de la estrella,11819.391363646078,9930.22071519709,13635.674789698605,0.016845237,0.5935954,1.3598422,45
2026-08-21,Friday,linea 5,terminal aérea,17835.14186909609,15088.745145195817,20593.198095147454,0.016841125,0.5934504,1.3595102,15
2026-08-06,Thursday,linea 1,san lázaro,21984.398585113086,18002.929666559325,26008.28956180496,0.017835988,0.6285076,1.3588448,11
2026-08-11,Tuesday,linea 8,san juan de letrán,22377.156062907787,16376.946462474674,28488.896026088176,0.022154132,0.7806711,1.3564667,41
2026-08-01,Saturday,linea a,los reyes,17365.11983621224,13552.277161163207,21030.033183314026,0.018659573,0.65752923,1.3555471,47
2026-08-10,Monday,linea 7,tacuba,7933.33293164038,6617.737894518322,9401.074053055945,0.021058397,0.7420594,1.3555021,31
2026-08-02,Sunday,linea 9,mixiuhca,8326.578704248257,4185.7362496828255,12707.36235901721,0.022135407,0.78001124,1.3551911,57
2026-08-25,Tuesday,linea 12,insurgentes sur,39554.37916356684,33952.02750822405,45250.63006324268,0.022126295,0.77969015,1.3547622,28
2026-08-25,Tuesday,linea 9,puebla,28875.541951665546,21287.657584754445,36251.75257002913,0.02211657,0.7793475,1.3541667,29
2026-08-20,Thursday,linea 1,merced,34205.11701698087,27104.70297912064,41135.16502837017,0.017773472,0.6263046,1.3540819,16
2026-08-30,Sunday,linea 8,bellas artes,13620.644579061329,8196.619829826983,19084.855751683866,0.022110892,0.7791474,1.3536903,49
2026-08-30,Sunday,linea b,bosque de aragón,5920.1201340692105,4505.315291465975,7392.992262642173,0.02210681,0.77900356,1.3534403,50
2026-08-01,Saturday,linea 3,guerrero,6755.840875298503,5496.3437899727105,7983.438191778757,0.0186189,0.656096,1.3525923,48
2026-08-25,Tuesday,linea 1,isabel la católica,19506.870608083413,15165.978541591976,23832.753562973663,0.022087906,0.7783374,1.3524116,30
2026-08-20,Thursday,linea 2,chabacano,26154.25262993725,20243.186181174766,31910.72372148434,0.017728053,0.6247042,1.3506216,17
2026-08-01,Saturday,linea 3,potrero,10234.507156066737,7956.938629488888,12453.744036687143,0.018572439,0.65445876,1.349217,49
2026-08-04,Tuesday,linea b,tepito,12482.236450474196,7592.622818747599,17634.947203800835,0.022023723,0.7760757,1.3484819,16
2026-08-29,Saturday,linea 8,cerro de la estrella,9460.553911909374,7579.589338688234,11363.008222810733,0.018561503,0.6540734,1.3484226,47
2026-08-25,Tuesday,linea a,los reyes,21924.05709023717,18154.004921476142,25773.36620711464,0.02201636,0.77581626,1.348031,31
2026-08-12,Wednesday,linea 3,hidalgo,17525.764270152067,13142.884341107158,21620.631327813924,0.020439448,0.72024876,1.3474545,22
2026-08-13,Thursday,linea 1,gómez farias,21194.400683479544,18037.87908288278,24446.33134987319,0.017685298,0.62319756,1.3473643,30
2026-08-28,Friday,linea 6,lindavista,17865.995141153537,12851.381186558428,22732.731155650556,0.016690556,0.58814466,1.3473554,46
2026-08-09,Sunday,linea 6,instituto del petróleo,712.3734199088562,0.0,1422.3510892493787,0.022004386,0.7753943,1.3471696,12
2026-08-26,Wednesday,linea 6,deportivo 18 de marzo,1489.0190690783022,1120.1378990662977,1866.8833326643175,0.020421876,0.7196295,1.3462961,44
2026-08-24,Monday,linea 1,san lázaro,26600.62077273076,22514.631424607196,30738.533511231988,0.020909172,0.73680097,1.3458967,13
2026-08-02,Sunday,linea a,peñón viejo,7201.833080861807,4945.690606413534,9638.158869906198,0.021962957,0.7739345,1.3446332,58
2026-08-05,Wednesday,linea 1,gómez farias,21688.11156509592,18318.28789275969,24889.11254699381,0.020394508,0.7186652,1.3444918,20
2026-08-15,Saturday,linea 1,isabel la católica,17775.095415524273,13386.884156068018,22098.754890108466,0.018502567,0.6519966,1.3441411,29
2026-08-28,Friday,linea 3,copilco,47028.539154489874,35179.21640831085,58874.595813158994,0.01664895,0.58667856,1.3439968,47
2026-08-18,Tuesday,linea a,acatitla,15589.612697620905,12769.238726904465,18278.972945402373,0.021949768,0.7734697,1.3439537,19
2026-08-25,Tuesday,linea b,plaza aragón,17842.94058922946,15240.826244276486,20637.995162381983,0.021933325,0.77289027,1.3429469,32
2026-08-05,Wednesday,linea 2,portales,16156.480162794463,12836.101090504375,19484.102103799578,0.02036053,0.71746784,1.3422519,21
2026-08-02,Sunday,linea b,río de los remedios,7269.328848526566,3618.81447183248,10975.541177930554,0.021923931,0.7725592,1.3422439,59
2026-08-05,Wednesday,linea 12,zapata,13321.823788354537,11464.956225899325,15014.834764048417,0.020359099,0.7174174,1.3421576,22
2026-08-16,Sunday,linea 1,merced,31675.98519008511,24673.88060523198,39257.113361121075,0.021921258,0.77246505,1.3420804,24
2026-08-05,Wednesday,linea 3,hidalgo,17027.171502402143,12952.219263693223,20790.231940548383,0.020338565,0.7166938,1.3408039,23
2026-08-14,Friday,linea a,peñón viejo,12993.976386579718,10791.886708931252,15264.521848481705,0.016603686,0.58508354,1.3403428,33
2026-08-30,Sunday,linea 1,boulevard puerto aéreo,13515.361311236513,11049.121410392117,15882.447148943242,0.021887269,0.77126735,1.3399993,51
2026-08-05,Wednesday,linea a,peñón viejo,13231.381993628584,10924.35631233303,15557.628340920557,0.020325877,0.7162467,1.3399675,24
2026-08-01,Saturday,linea 2,viaducto,11257.339954682158,8069.42453848124,14419.750653880112,0.018426068,0.64930093,1.3385838,50
2026-08-02,Sunday,linea 1,pantitlán,21241.337628901943,15283.031145618846,27719.560279004698,0.021831717,0.7693098,1.3365984,60
2026-08-02,Sunday,linea 8,la viga,4240.801591412013,3200.4333371611388,5405.7932405927,0.021816134,0.7687607,1.3356444,61
2026-08-04,Tuesday,linea 4,talismán,3252.0444657161192,2551.00521800201,3920.898076881125,0.021810604,0.76856583,1.3354329,17
2026-08-28,Friday,linea a,canal de san juan,13244.195851137818,10852.033782758122,15511.672700825682,0.016537799,0.58276176,1.335024,48
2026-08-19,Wednesday,linea 2,pino suárez,35910.12953639828,25839.666995415795,46397.95887298728,0.020249777,0.7135651,1.3349506,20
2026-08-04,Tuesday,linea 1,salto del agua,16176.544880798812,13323.799548783712,19155.74187654352,0.021793209,0.76795286,1.3343679,18
2026-08-10,Monday,linea b,ricardo flores magón,5092.472862439406,4040.647545097176,6037.625405396886,0.020727318,0.73039275,1.334191,32
2026-08-26,Wednesday,linea a,pantitlán,37042.77669684851,28145.973407102756,45311.57238105455,0.020205243,0.7119958,1.3320147,45
2026-08-10,Monday,linea 1,gómez farias,21067.80495381148,17871.949999164044,24163.25568185102,0.020675262,0.7285584,1.3308402,33
2026-08-11,Tuesday,linea 2,villa de cortés,16771.99230078118,13192.433826498207,20297.177181117277,0.021731129,0.76576525,1.3305668,42
2026-08-11,Tuesday,linea 2,pino suárez,33299.17463600899,21632.158332861145,43656.81865670493,0.021697333,0.76457435,1.3284974,43
2026-08-09,Sunday,linea 6,deportivo 18 de marzo,659.5382320027979,293.29337953749325,1020.309683205391,0.021681525,0.7640173,1.3274032,13
2026-08-01,Saturday,linea 2,xola,14319.775481421897,10059.707582179875,18579.30010012804,0.018266814,0.6436891,1.3270146,51
2026-08-10,Monday,linea 1,zaragoza,27863.27032374102,23224.831783004964,32825.57353731235,0.020610522,0.7262771,1.326673,34
2026-08-24,Monday,linea a,santa marta,46388.37289225966,39311.18315778452,54309.534111160225,0.02060496,0.72608113,1.326315,14
2026-08-01,Saturday,linea 9,tacubaya,32775.44716928743,21773.111855428244,44282.86961294962,0.018243821,0.6428789,1.3253442,52
2026-08-10,Monday,linea 2,pino suárez,33784.94339433641,22980.560339474767,44050.179658406334,0.020589655,0.7255418,1.3253298,35
2026-08-25,Tuesday,linea 3,copilco,45288.98939955516,32636.06378007919,57716.124105223134,0.021622919,0.7619521,1.3239411,33
2026-08-02,Sunday,linea 3,coyoacán,12719.55278944966,7639.967971314347,18194.01831631691,0.021623079,0.76195776,1.3238249,62
2026-08-29,Saturday,linea 8,bellas artes,20082.742548588372,14529.23567009867,25820.61444392021,0.018218657,0.64199215,1.3235161,48
2026-08-29,Saturday,linea 12,zapata,11372.442608444757,9668.48069869879,13142.219493655035,0.018216217,0.6419062,1.3233389,49
2026-08-13,Thursday,linea b,ricardo flores magón,5353.789536033587,4387.12501080768,6423.896140704604,0.017367793,0.6120093,1.3231751,31
2026-08-05,Wednesday,linea 4,talismán,3346.4481770338343,2637.508338916919,4101.715305969141,0.02005415,0.7066716,1.3220541,25
2026-08-02,Sunday,linea b,bosque de aragón,5627.379927112645,4118.939759794272,6971.527813493903,0.021590166,0.760798,1.3218099,63
2026-08-26,Wednesday,linea b,ecatepec,25001.72954512366,20016.826321326676,29922.590826463947,0.020045193,0.7063559,1.3214636,46
2026-08-17,Monday,linea 1,salto del agua,17384.938676093367,14583.2151022999,20205.86760182725,0.020527808,0.7233624,1.3213488,29
2026-08-17,Monday,linea b,plaza aragón,17547.119307724894,14733.065367395151,20304.502244087136,0.020521816,0.72315127,1.3209631,30
2026-08-08,Saturday,linea 5,terminal aérea,14580.846202952209,11652.149335076798,17479.678661440994,0.018181337,0.6406771,1.320805,10
2026-08-24,Monday,linea a,peñón viejo,13026.10306666642,10719.364602787482,15272.503033937697,0.020505672,0.7225824,1.319924,15
2026-08-27,Thursday,linea 1,isabel la católica,19720.797877729063,15437.741438716059,24132.000784490338,0.01731501,0.61014926,1.3191537,51
2026-08-16,Sunday,linea 8,obrera,5346.690309645572,3232.9079075917925,7307.33285549298,0.021531828,0.7587422,1.3182383,25
2026-08-02,Sunday,linea 2,tacuba,16171.060927150023,11041.918762156962,21286.541639359377,0.021531556,0.7587327,1.3182216,64
2026-08-26,Wednesday,linea b,lagunilla,18379.79511571206,13418.706259381053,22948.478254922804,0.019980576,0.704079,1.3172038,47
2026-08-15,Saturday,linea 1,salto del agua,13762.662606162872,10839.771244154213,16773.637915305244,0.018127348,0.6387746,1.316883,30
2026-08-27,Thursday,linea 6,deportivo 18 de marzo,1505.92054018353,1128.5797671108935,1897.6140254689153,0.017274108,0.60870796,1.3160375,52
2026-08-22,Saturday,linea 2,allende,32385.698338572656,20582.080054880294,45096.22357170258,0.01810649,0.6380396,1.3153677,14
2026-08-27,Thursday,linea 5,autobuses del norte,18542.081569878403,13708.597186519726,23660.122609907983,0.017256398,0.6080839,1.3146883,53
2026-08-28,Friday,linea a,la paz,48294.82652421456,39443.07616428957,56345.649400831004,0.016279431,0.5736574,1.3141671,49
2026-08-29,Saturday,linea 1,salto del agua,13221.325119581219,10308.546053030816,16073.419910019591,0.018077262,0.6370096,1.3132443,50
2026-08-01,Saturday,linea 1,insurgentes,32750.092440119177,22912.011317661418,43114.25101366046,0.018056957,0.6362941,1.3117692,53
2026-08-15,Saturday,linea 4,talismán,2652.1007369969866,1940.595935530892,3337.803768522547,0.018029949,0.6353424,1.3098072,31
2026-08-01,Saturday,linea 4,morelos,6476.608308657005,5343.78598048626,7540.358307500024,0.018028095,0.6352771,1.3096726,54
2026-08-25,Tuesday,linea b,tepito,13294.386737462019,8485.746306798763,18521.568966704035,0.02135136,0.7523829,1.307314,34
2026-08-01,Saturday,linea 6,ferrería/arena ciudad de méxico,7169.1561538737005,1097.893967739777,13544.252768488775,0.017988712,0.6338893,1.3068115,55
2026-08-28,Friday,linea 1,gómez farias,21803.418552218805,18624.2738190648,24815.59391301439,0.016183652,0.5702823,1.3064352,50
2026-08-16,Sunday,linea 3,balderas,896.7419929315156,0.0,8865.737276682714,0.021336399,0.7518557,1.3062736,26
2026-08-01,Saturday,linea 5,politécnico,11505.81126619804,2759.6032288202678,20136.090280351433,0.017955208,0.6327087,1.3043776,56
2026-08-14,Friday,linea 1,gómez farias,21925.96401289933,18793.35385163509,24907.02329337423,0.016152699,0.5691916,1.3039365,34
2026-08-28,Friday,linea 6,deportivo 18 de marzo,1527.0170224938472,1132.0599321837885,1926.827602266877,0.016152456,0.56918305,1.3039169,51
2026-08-10,Monday,linea 3,hospital general,18969.745869239563,15050.946173162149,23080.93380568202,0.020254558,0.71373355,1.30376,36
2026-08-03,Monday,linea 7,tacuba,7673.718240210629,6320.935497667809,9073.712338089555,0.020248603,0.71352375,1.3033768,31
2026-08-27,Thursday,linea b,ecatepec,24964.368466238473,20020.85529962139,30018.067855715293,0.017071767,0.6015778,1.3006221,54
2026-08-14,Friday,linea b,plaza aragón,17719.614634602494,14853.253689665875,20492.67695425895,0.016105436,0.5675261,1.3001212,35
2026-08-01,Saturday,linea 2,general anaya,13721.890191450138,8952.653326786674,18339.757627644765,0.017896095,0.63062567,1.3000833,57
2026-08-29,Saturday,linea b,ecatepec,18853.541869597204,13793.540108269888,23587.970719271427,0.017893799,0.6305447,1.2999164,51
2026-08-30,Sunday,linea 1,salto del agua,8482.887629834466,5468.245198226233,11227.003782603264,0.02121313,0.74751186,1.2987267,52
2026-08-20,Thursday,linea 2,pino suárez,36105.77601101749,25354.67115625283,46414.87496001311,0.017045261,0.6006438,1.2986028,18
2026-08-13,Thursday,linea 1,chapultepec,44705.38732738489,34699.06708100842,53276.665370296476,0.017035844,0.600312,1.2978853,32
2026-08-27,Thursday,linea 1,gómez farias,20983.194483391166,17924.942107981336,23946.628973907405,0.017026274,0.59997475,1.2971562,55
2026-08-14,Friday,linea 8,san juan de letrán,24395.343706872463,18615.286871634424,30195.962497616332,0.01605473,0.56573933,1.296028,36
2026-08-02,Sunday,linea 2,hidalgo,8821.494390898946,1193.0441752812712,16386.537213352654,0.021165164,0.74582165,1.2957901,65
2026-08-28,Friday,linea 1,chapultepec,45092.76862655526,35635.450248778754,54842.710384195016,0.0160278,0.56479037,1.2938541,52
2026-08-30,Sunday,linea 8,la viga,4750.229018923235,3624.156519837004,5902.355441465929,0.021127459,0.744493,1.2934817,53
2026-08-23,Sunday,linea 1,insurgentes,23975.22142381523,14234.177992094788,33539.862895349564,0.021109594,0.74386346,1.292388,15
2026-08-25,Tuesday,linea 2,san antonio abad,17349.525209812855,13653.245050615777,21363.194670140016,0.02110479,0.7436942,1.2922169,35
2026-08-14,Friday,linea 1,merced,35580.79917599332,28945.19432932807,42747.452307565465,0.016002245,0.56388986,1.2917911,37
2026-08-07,Friday,linea 2,chabacano,25888.698387835768,20467.92481231655,31557.44381013119,0.01600012,0.563815,1.2916195,11
2026-08-11,Tuesday,linea 12,zapata,13322.42725305544,11617.742734808897,14946.107473527178,0.02107025,0.74247706,1.290102,44
2026-08-01,Saturday,linea 4,martín carrera,18021.021712181133,13903.596097615875,22386.683592142585,0.017752374,0.6255612,1.2896425,58
2026-08-21,Friday,linea 1,merced,35951.922151234205,29454.24427116583,42613.53063975496,0.015972974,0.5628584,1.2894281,16
2026-08-28,Friday,linea b,lagunilla,19618.350398026356,14507.809808982873,25173.46091148785,0.015972478,0.56284094,1.2893882,53
2026-08-11,Tuesday,linea a,canal de san juan,11467.161151163778,9199.685576764568,13697.254320103191,0.02105616,0.7419806,1.2892394,45
2026-08-27,Thursday,linea 3,potrero,14417.679050651388,11897.550052931616,16692.32800826403,0.016909134,0.59584695,1.2882318,56
2026-08-27,Thursday,linea 3,coyoacán,28921.216805946497,24085.886072064935,33861.604846273694,0.016907532,0.5957905,1.2881098,57
2026-08-26,Wednesday,linea 1,sevilla,27563.877083460444,22164.872070642054,32873.23770574351,0.019522142,0.68792456,1.2869818,48
2026-08-08,Saturday,linea 2,san antonio abad,10350.940432335583,6454.871337198642,14638.088803001632,0.017715303,0.6242549,1.2869494,11
2026-08-25,Tuesday,linea a,pantitlán,36392.912979688284,28061.987207519735,44663.834042902796,0.02097308,0.739053,1.2841525,36
2026-08-02,Sunday,linea 2,general anaya,8491.154388398107,3501.717728087637,13124.666807596817,0.020969296,0.7389196,1.2837985,66
2026-08-30,Sunday,linea 8,garibaldi/lagunilla,9072.740416201244,5610.448148255975,12770.926538699618,0.020955572,0.73843604,1.2829583,54
2026-08-30,Sunday,linea 9,jamaica,7985.822090323092,5433.418059361243,10675.110178101937,0.020944182,0.73803467,1.282261,55
2026-08-28,Friday,linea 9,jamaica,11545.372214646093,8971.69280603676,14071.188069652133,0.015870672,0.55925345,1.2811698,54
2026-08-22,Saturday,linea 1,pantitlán,34444.722008481556,28229.33954965676,40138.819385761686,0.017607285,0.6204485,1.2791023,15
2026-08-30,Sunday,linea 9,puebla,12564.934404507701,5529.096693749249,20145.436025831623,0.020868873,0.73538095,1.2776504,56
2026-08-01,Saturday,linea 3,división del norte,9059.120639289074,5968.931942509357,12055.617430245895,0.017579256,0.6194608,1.2770661,59
2026-08-29,Saturday,linea 2,san antonio abad,12445.118363076419,8425.963674804407,16383.246302236483,0.017565286,0.61896855,1.2760513,52
2026-08-07,Friday,linea 4,talismán,3317.365254507201,2616.4207577939546,4069.5848646892505,0.015805643,0.55696195,1.2759203,12
2026-08-18,Tuesday,linea 2,pino suárez,34713.93759335636,23878.034821963072,45358.10798818434,0.020835223,0.7341952,1.2757117,20
2026-08-03,Monday,linea 3,potrero,12488.053670018511,10227.375660331103,14815.743815577613,0.019813582,0.6981944,1.275375,32
2026-08-05,Wednesday,linea 6,deportivo 18 de marzo,1344.1265083918483,954.9933379385716,1737.5158411218185,0.019334957,0.68132854,1.2746419,26
2026-08-05,Wednesday,linea 8,bellas artes,15727.212974853897,10631.899143675962,20813.442547177,0.01933362,0.6812814,1.2745537,27
2026-08-02,Sunday,linea 1,boulevard puerto aéreo,13237.81419045111,10742.66740882667,15711.023375144987,0.020812599,0.7333979,1.2742051,67
2026-08-15,Saturday,linea 8,san juan de letrán,26926.93848796821,21144.412820055848,32446.121291775344,0.017512847,0.6171207,1.2722417,32
2026-08-02,Sunday,linea 2,villa de cortés,7409.746472307589,3806.553523341257,11176.801942100461,0.02077545,0.73208886,1.2719307,68
2026-08-04,Tuesday,linea 6,deportivo 18 de marzo,1323.5958129490587,952.5801642041438,1698.4827561915943,0.02074048,0.73085654,1.2699107,19
2026-08-23,Sunday,linea 7,tacuba,5329.788045078743,3871.934778374639,6846.069540056292,0.020735212,0.7306709,1.2694672,16
2026-08-28,Friday,linea 7,tacuba,8885.663545375442,7476.595479120163,10397.366723294386,0.015725134,0.55412495,1.2694211,55
2026-08-03,Monday,linea 8,apatlaco,9898.147693192834,7612.775536770999,12260.169528093445,0.019698786,0.6941492,1.2679857,33
2026-08-13,Thursday,linea 6,instituto del petróleo,3021.5644110492753,2276.402524596952,3763.3584281460217,0.01663382,0.5861454,1.2672569,33
2026-08-21,Friday,linea 2,chabacano,26964.949434616938,21096.866194436745,32665.02037278494,0.015683938,0.5526733,1.2660955,17
2026-08-24,Monday,linea 7,tacuba,8431.556037137649,6964.862449444513,9848.853390969678,0.019661624,0.6928397,1.2655936,16
2026-08-04,Tuesday,linea 3,eugenia,12666.17863142981,9967.710171862052,15366.664918297236,0.020665335,0.7282086,1.2653097,20
2026-08-13,Thursday,linea b,plaza aragón,17360.742097834594,14713.476573203421,20159.25124844858,0.016605422,0.5851447,1.2650933,34
2026-08-14,Friday,linea 6,instituto del petróleo,2910.5933482126115,2187.9155190195725,3643.3346397106397,0.01566181,0.55189353,1.2643092,38
2026-08-08,Saturday,linea 1,boulevard puerto aéreo,16643.16576821071,14101.656129946105,19268.538017727835,0.017397678,0.6130623,1.2638751,12
2026-08-08,Saturday,linea 1,san lázaro,21453.68988641716,17118.32864882968,25326.768931798542,0.017395785,0.6129956,1.2637377,13
2026-08-28,Friday,linea 8,escuadrón 201,21205.907366988824,17257.255603021298,24732.69669387594,0.015646549,0.5513558,1.2630773,56
2026-08-29,Saturday,linea 3,la raza,24486.874152686836,19381.731967521697,29695.157754132993,0.017366027,0.61194706,1.2615758,53
2026-08-04,Tuesday,linea 1,merced,32410.996894781674,25957.257142310944,39713.54541739259,0.0206041,0.7260508,1.2615603,21
2026-08-01,Saturday,linea a,acatitla,12510.570943813522,9455.57069876539,15479.422515885453,0.017363962,0.6118743,1.2614259,60
2026-08-19,Wednesday,linea 8,garibaldi/lagunilla,14487.849477526985,10921.514216754027,17943.675081773403,0.019128451,0.67405164,1.261028,21
2026-08-16,Sunday,linea 4,talismán,1514.8539962501343,832.3427057941194,2263.0711268155337,0.020591108,0.725593,1.2606448,27
2026-08-05,Wednesday,linea a,pantitlán,35276.3721624555,26886.216081983348,43062.14423855836,0.019109394,0.67338014,1.2597718,28
2026-08-13,Thursday,linea 1,moctezuma,18595.236465386934,15491.35402446702,21475.99193016206,0.016528465,0.58243287,1.2592304,35
2026-08-06,Thursday,linea a,santa marta,42528.89515059127,35101.13098746043,49910.03361789066,0.01652569,0.58233505,1.2590189,12
2026-08-26,Wednesday,linea 8,bellas artes,16409.909148019975,11401.84555954945,21830.256818736565,0.019092036,0.6727685,1.2586275,49
2026-08-10,Monday,linea 12,parque de los venados,11031.172898134102,9280.546195729816,12798.570355521953,0.019544752,0.68872136,1.2580707,37
2026-08-10,Monday,linea a,acatitla,14693.636551175838,12080.073189122542,17679.076405327673,0.019540232,0.68856204,1.2577797,38
2026-08-17,Monday,linea 1,zaragoza,27644.94683662058,22709.63842286138,32110.108972057707,0.019532796,0.6883,1.2573011,31
2026-08-01,Saturday,linea 8,bellas artes,18963.759575794335,13828.780592222955,24562.852578392198,0.017306808,0.6098603,1.2572738,61
2026-08-10,Monday,linea 6,instituto del petróleo,2834.527892025625,2086.07226293757,3483.930379582429,0.019517487,0.68776053,1.2563157,39
2026-08-18,Tuesday,linea 2,nativitas,18073.60650610266,14738.293715531712,21925.91530241835,0.020502325,0.72246444,1.2553288,21
2026-08-16,Sunday,linea 7,tacuba,5123.635572528279,3657.4535324993913,6581.568939531185,0.020484056,0.7218207,1.2540908,28
2026-08-08,Saturday,linea 2,allende,32912.21163492026,20844.13405255792,44244.875136819945,0.017248563,0.6078078,1.2530426,14
2026-08-13,Thursday,linea 2,san antonio abad,16270.672666076965,12432.834027908346,20271.66066917902,0.016441682,0.5793748,1.2526188,36
2026-08-20,Thursday,linea 3,hidalgo,17869.25272477196,13748.226439937273,21819.07574091319,0.016438274,0.5792547,1.252359,19
2026-08-10,Monday,linea 8,san juan de letrán,21677.580285502165,16157.95990440127,27487.695213233117,0.019449363,0.68535995,1.2519306,40
2026-08-15,Saturday,linea a,peñón viejo,11405.022073463115,9288.389618821995,13749.523386203384,0.017214455,0.6066059,1.2505647,33
2026-08-04,Tuesday,linea 3,hidalgo,16638.40190802498,12367.766816013205,20869.083354955565,0.02040753,0.719124,1.2495246,22
2026-08-11,Tuesday,linea a,peñón viejo,12342.080337126792,10156.620509520424,14650.274709203053,0.020388125,0.71844023,1.2483364,46
2026-08-01,Saturday,linea 2,bellas artes,24355.198937176956,16668.155358905366,32908.35932636104,0.017175581,0.60523605,1.2477406,62
2026-08-14,Friday,linea a,los reyes,21114.527103483808,17175.530623529387,24874.054698570206,0.0154562285,0.54464924,1.2477136,39
2026-08-24,Monday,linea 1,pantitlán,39003.48816188192,33097.68549363516,44754.49641074331,0.01938297,0.6830204,1.2476571,17
2026-08-22,Saturday,linea 7,tacuba,7262.159726136955,5808.282727329627,8761.023777979939,0.01717048,0.6050563,1.24737,16
2026-08-09,Sunday,linea 1,san lázaro,20399.486300617522,16207.758764783792,24405.672429192346,0.020365942,0.7176586,1.2468596,14
2026-08-08,Saturday,linea b,ricardo flores magón,4579.856570827755,3546.121786442414,5659.558460162428,0.017157368,0.6045943,1.2464175,15
2026-08-25,Tuesday,linea b,olímpica,16146.93862053686,13339.536656671733,18701.562099176415,0.020356683,0.7173323,1.2464113,37
2026-08-07,Friday,linea a,santa marta,43785.093273509556,36485.70973583754,51519.006653877936,0.015424725,0.5435391,1.2451704,13
2026-08-16,Sunday,linea 2,zócalo/tenochtitlan,28615.928955245807,9574.30271205999,48122.6320444995,0.020331636,0.7164497,1.2447592,29
2026-08-27,Thursday,linea 1,sevilla,27293.612344669997,22109.73192194715,32731.530698529066,0.01632722,0.57534134,1.2438983,58
2026-08-24,Monday,linea 8,apatlaco,11342.976648577092,9097.438884855668,13468.277119511884,0.019312764,0.68054646,1.243138,18
2026-08-16,Sunday,linea a,pantitlán,16597.803479727827,8101.930445050489,25424.28060703596,0.020295117,0.7151628,1.2425234,30
2026-08-18,Tuesday,linea 8,garibaldi/lagunilla,13772.650776473278,10265.21746525979,17086.564354521004,0.020292856,0.7150831,1.2425033,22
2026-08-11,Tuesday,linea 3,guerrero,7308.238007395524,6147.372874305544,8485.587461302897,0.020291546,0.715037,1.242423,47
2026-08-15,Saturday,linea 3,centro médico,12982.664067692016,10279.507736470965,15882.037577932484,0.017100973,0.602607,1.2423207,34
2026-08-02,Sunday,linea a,los reyes,12833.662065736262,9125.723294821844,16764.628713812115,0.0202833,0.7147464,1.2418,69
2026-08-27,Thursday,linea a,la paz,48011.34419903523,39512.87735120966,57341.68131917037,0.016287979,0.5739586,1.2409087,59
2026-08-02,Sunday,linea 1,cuauhtémoc,8457.255269998037,4776.221524775495,12340.877499950026,0.020251568,0.71362823,1.2398572,70
2026-08-13,Thursday,linea 12,zapata,13616.457294920814,11836.985599188543,15201.774717696842,0.016255273,0.57280606,1.238417,37
2026-08-01,Saturday,linea 2,tacuba,25285.90603288376,19831.001447907856,30793.516204921136,0.017030839,0.6001356,1.2372257,63
2026-08-29,Saturday,linea b,lagunilla,23626.305209214825,18764.867744250587,28666.631592072623,0.01702431,0.59990555,1.2367514,54
2026-08-27,Thursday,linea 8,cerro de la estrella,11437.89857303428,9552.090859373591,13271.72599895415,0.016229322,0.5718916,1.23644,60
2026-08-27,Thursday,linea 1,zaragoza,27137.02796183404,22318.89020861654,32005.436751223293,0.01622783,0.57183903,1.2363263,61
2026-08-12,Wednesday,linea 2,zócalo/tenochtitlan,37786.87493392904,18356.071081229875,58688.8813759412,0.01875227,0.6607957,1.2362286,23
2026-08-01,Saturday,linea 7,aquiles serdán,8729.269319283736,5938.7106759545795,11765.037735720533,0.017015208,0.5995848,1.2360902,64
2026-08-01,Saturday,linea a,agrícola oriental,9517.457823769513,7036.533467629111,12021.880166381126,0.017006349,0.5992726,1.2354466,65
2026-08-09,Sunday,linea 4,talismán,1357.7323357514715,606.6391897708846,2028.1757721268837,0.020165732,0.71060354,1.2346021,15
2026-08-11,Tuesday,linea 3,coyoacán,27505.540632305405,22548.17455948389,32595.076173374273,0.020163512,0.7105253,1.2345837,48
2026-08-23,Sunday,linea b,guerrero,4265.279812436995,2937.069803918475,5591.060156327191,0.02016037,0.7104145,1.2342738,17
2026-08-22,Saturday,linea 5,terminal aérea,14910.714198086775,12189.08285224287,17852.73840665352,0.016987858,0.5986211,1.2341033,17
2026-08-25,Tuesday,linea 1,chapultepec,43363.819616524524,33178.165237434645,51956.710103927726,0.020151377,0.7100977,1.2338407,38
2026-08-14,Friday,linea 1,zaragoza,28024.495318450965,23376.507023926537,32713.51801877817,0.015271294,0.5381325,1.2327846,40
2026-08-28,Friday,linea b,ecatepec,24841.333642559286,19578.495340233774,29821.279088102066,0.015266361,0.5379586,1.2323864,57
2026-08-27,Thursday,linea 12,calle 11,13627.336770234862,11720.24416469658,15536.131065173317,0.016170941,0.5698344,1.2319922,62
2026-08-13,Thursday,linea a,peñón viejo,12506.596790018424,10197.990485295199,14778.58459054513,0.016169567,0.56978595,1.2318875,38
2026-08-23,Sunday,linea 1,moctezuma,11049.565049661272,8000.316199607723,14290.964014666963,0.02011926,0.7089659,1.2317569,18
2026-08-09,Sunday,linea 2,zócalo/tenochtitlan,26670.637052172337,6137.1370109224645,45526.720395753575,0.020101968,0.7083566,1.2306983,16
2026-08-26,Wednesday,linea b,bosque de aragón,5713.23730267496,4204.050128624362,7047.211196671296,0.018660052,0.6575461,1.2301493,50
2026-08-17,Monday,linea a,acatitla,15323.395588765878,12222.719914217694,18101.81000236368,0.019095648,0.6728957,1.2291625,32
2026-08-07,Friday,linea 5,terminal aérea,17483.201937315564,14778.356090894435,20585.058208040653,0.015226376,0.5365496,1.2291586,14
2026-08-28,Friday,linea b,morelos,4746.318962791282,3785.739713807582,5733.192769155186,0.015218212,0.536262,1.2284995,58
2026-08-20,Thursday,linea 1,balbuena,8874.904177238606,7378.870183106478,10325.878652887604,0.016117575,0.5679539,1.2279265,20
2026-08-15,Saturday,linea a,los reyes,18676.166052698904,14852.435010474484,22379.735985300485,0.016876815,0.5947081,1.2260364,35
2026-08-07,Friday,linea a,peñón viejo,12457.13101744054,10252.380765639233,14736.33266416901,0.015180905,0.53494734,1.225488,15
2026-08-28,Friday,linea 1,zaragoza,28119.21047606773,23147.790135485757,32828.266221135054,0.015176123,0.53477883,1.2251018,59
2026-08-17,Monday,linea 4,talismán,3332.5241393890315,2655.936864084917,4068.512956482365,0.01902992,0.6705796,1.2249317,33
2026-08-04,Tuesday,linea 1,pino suárez,29337.118407376962,19624.58027765794,38759.43077089332,0.020003788,0.7048969,1.224804,23
2026-08-15,Saturday,linea 8,iztapalapa,8790.339227465885,6484.719911567253,11412.584565137866,0.016857395,0.59402376,1.2246257,36
2026-08-07,Friday,linea 2,portales,16444.261456726676,13069.026764344591,19705.810465200455,0.015167587,0.53447807,1.2244128,16
2026-08-19,Wednesday,linea 2,nativitas,17925.84919030146,14139.493545335396,21540.82637603895,0.018557817,0.65394354,1.2234095,22
2026-08-28,Friday,linea 2,nativitas,18138.637920882295,14236.99662555186,21581.755005992458,0.015152153,0.5339342,1.2231668,60
2026-08-16,Sunday,linea 8,iztacalco,5766.105846200842,1856.6961086456845,9997.053633821417,0.01997884,0.70401776,1.22316,31
2026-08-08,Saturday,linea 4,talismán,2492.2748094394933,1807.816536607432,3163.299894578543,0.016832322,0.59314024,1.2228042,16
2026-08-15,Saturday,linea a,acatitla,13523.907301953115,10552.850366855357,16438.735344911038,0.016819166,0.59267664,1.2218485,37
2026-08-28,Friday,linea 1,isabel la católica,20213.966890817424,15669.275273542522,24335.322925443656,0.015135034,0.5333309,1.221785,61
2026-08-02,Sunday,linea 3,niños héroes,3102.564676815862,0.0,8271.156623520857,0.019946663,0.7028839,1.2211901,71
2026-08-01,Saturday,linea 9,lázaro cárdenas,10413.83679887596,8387.236961985109,12365.299735214458,0.016796408,0.5918747,1.2201952,66
2026-08-28,Friday,linea 2,villa de cortés,17374.420562905485,13687.499248566706,21094.76743113739,0.01511379,0.5325823,1.22007,62
2026-08-15,Saturday,linea 8,garibaldi/lagunilla,12453.031925245963,8825.444521092475,16192.505127267592,0.016793093,0.5917579,1.2199544,38
2026-08-05,Wednesday,linea 1,insurgentes,42873.81784508393,32974.740451334066,52972.80858519414,0.018504038,0.65204847,1.2198642,29
2026-08-28,Friday,linea 5,autobuses del norte,20560.92543926572,15311.15588178551,25505.750890046427,0.015107652,0.53236604,1.2195746,63
2026-08-03,Monday,linea 1,gómez farias,21404.63131464876,18360.58961944011,24790.0436697377,0.018945891,0.6676186,1.2195228,34
2026-08-14,Friday,linea 1,chapultepec,46695.43647637251,37640.69793267843,55480.48737317623,0.015106688,0.53233206,1.2194967,41
2026-08-28,Friday,linea 3,guerrero,8082.790988552446,6855.321700437348,9368.733521270575,0.015102843,0.5321966,1.2191863,64
2026-08-11,Tuesday,linea b,olímpica,15357.4792407165,12676.263478422261,17949.36463999637,0.019899268,0.7012138,1.2184044,49
2026-08-08,Saturday,linea 2,chabacano,23825.658802576527,18222.951320592685,29463.482068215933,0.016771095,0.59098274,1.2183563,17
2026-08-11,Tuesday,linea 8,apatlaco,10712.98511570014,8344.278415819219,13035.444833528927,0.019895297,0.7010739,1.2181612,50
2026-08-10,Monday,linea a,los reyes,19601.011856781468,15939.62085090309,23367.24002426409,0.01891367,0.6664831,1.2174487,41
2026-08-23,Sunday,linea 3,balderas,979.912257350501,0.0,8649.15043293704,0.019882986,0.7006401,1.2172916,19
2026-08-05,Wednesday,linea 1,cuauhtémoc,16102.390359234496,12165.122260293567,20041.25113952859,0.018449757,0.6501357,1.2162857,30
2026-08-09,Sunday,linea 5,valle gómez,2148.4710606160306,1374.2504485018712,2854.64931136507,0.019837115,0.69902366,1.2144833,17
2026-08-06,Thursday,linea 2,chabacano,25036.366184769042,19506.614974568743,30989.8509957563,0.015940014,0.56169695,1.2143989,13
2026-08-29,Saturday,linea a,canal de san juan,12369.107181908086,10192.649708191399,14719.790685436446,0.016698204,0.5884142,1.213061,55
2026-08-13,Thursday,linea a,pantitlán,35859.93813395061,27458.86609226661,44528.99166608449,0.015921297,0.56103736,1.2129729,39
2026-08-25,Tuesday,linea 5,terminal aérea,17866.566389812408,14748.980861006725,20683.590487522193,0.01980575,0.6979184,1.2126784,39
2026-08-25,Tuesday,linea b,romero rubio,13686.033145607555,11456.174134034423,15802.125525181877,0.01980565,0.69791484,1.2126724,40
2026-08-06,Thursday,linea 6,deportivo 18 de marzo,1363.0810329657245,978.144479465134,1771.3532023402995,0.015917001,0.560886,1.2126456,14
2026-08-09,Sunday,linea 2,allende,19182.9900934312,7194.963443273853,30922.096600171913,0.01979794,0.6976432,1.2120849,18
2026-08-26,Wednesday,linea 2,san antonio abad,17636.712955510044,13225.619011605428,21476.698890026662,0.018377004,0.64757204,1.2114896,51
2026-08-05,Wednesday,linea b,bosque de aragón,5455.820875013507,4015.90703618545,6876.9683222721205,0.018359115,0.64694166,1.2103102,31
2026-08-20,Thursday,linea 2,san antonio abad,17198.716381836057,13582.46126267688,20979.11413384696,0.015864922,0.55905086,1.2086779,21
2026-08-24,Monday,linea 2,villa de cortés,16610.17444702173,13110.869562493317,20273.989363657893,0.01877719,0.66167384,1.2086637,19
2026-08-08,Saturday,linea 2,portales,14409.105009174169,11236.692791579586,17401.98819374265,0.016630584,0.5860314,1.2081487,18
2026-08-11,Tuesday,linea 7,tacuba,8377.91241891231,7061.3115303717395,9890.025949883435,0.019719327,0.69487303,1.2073869,51
2026-08-18,Tuesday,linea 1,moctezuma,18737.429590457825,15940.96951333334,21855.827925041827,0.01970721,0.694446,1.206645,23
2026-08-11,Tuesday,linea b,lagunilla,12823.552042735746,7907.901312397152,17795.081837398622,0.019702567,0.6942824,1.2063607,52
2026-08-11,Tuesday,linea 3,centro médico,16714.37699746005,13807.393591759357,19670.302644697516,0.019702304,0.6942732,1.2063446,53
2026-08-25,Tuesday,linea 1,gómez farias,20623.060791828,17672.35068464678,24074.351323403986,0.019700117,0.6941961,1.2062107,41
2026-08-17,Monday,linea 3,hospital general,19330.774349436426,15312.666924163726,23429.122868892217,0.018736592,0.6602432,1.2060505,34
2026-08-27,Thursday,linea 8,escuadrón 201,21276.303257845088,17567.43026443605,25140.95166224495,0.01582933,0.55779666,1.2059664,63
2026-08-02,Sunday,linea b,san lázaro,11520.177205726002,7345.385277275115,15501.868131603587,0.019694293,0.6939909,1.2057393,72
2026-08-26,Wednesday,linea 3,potrero,14268.855647510096,12020.625145455258,16671.153109740997,0.01828778,0.6444279,1.2056075,52
2026-08-10,Monday,linea 1,merced,32358.23734361626,25665.417757100036,39115.0570374996,0.018729435,0.659991,1.2055899,42
2026-08-09,Sunday,linea 2,ermita,4558.743916154622,1236.6134390671778,7946.900394933746,0.019691251,0.69388366,1.205553,19
2026-08-04,Tuesday,linea 1,cuauhtémoc,15867.255428396666,11888.391236593892,19647.183617173145,0.019661497,0.6928352,1.2038461,24
2026-08-16,Sunday,linea 2,nativitas,8545.59651087896,4755.127242480522,12213.469575285466,0.019642513,0.69216627,1.2025692,32
2026-08-06,Thursday,linea 5,terminal aérea,17424.215175024823,14608.956502977246,20450.233004061312,0.015760578,0.55537397,1.2007284,15
2026-08-21,Friday,linea 6,deportivo 18 de marzo,1489.8092655395233,1099.6448860524197,1888.121447050379,0.014857178,0.5235398,1.1993548,18
2026-08-01,Saturday,linea 6,tezozómoc,3625.831291112195,2702.218177361201,4611.423366679582,0.016506411,0.58165574,1.199128,67
2026-08-17,Monday,linea 2,revolución,25149.908887549434,19127.209560555068,31674.961406581137,0.018626498,0.6563637,1.1989639,35
2026-08-07,Friday,linea 3,eugenia,12907.176606998833,10116.765174467719,15478.288234393438,0.014849392,0.5232654,1.1987263,17
2026-08-19,Wednesday,linea 2,san antonio abad,17077.60268339233,13294.11694196372,21052.280467108034,0.018179948,0.6406281,1.1984987,23
2026-08-26,Wednesday,linea 12,lomas estrella,10086.590352480729,8826.99216842554,11337.570020084546,0.018178817,0.6405883,1.1984242,53
2026-08-24,Monday,linea 2,chabacano,25041.65580857149,19136.055820050853,30958.77960352208,0.018604608,0.6555924,1.197555,20
2026-08-22,Saturday,linea 2,zócalo/tenochtitlan,45230.65767644973,23694.62542799317,65049.745628616045,0.016477948,0.5806528,1.1970602,18
2026-08-10,Monday,linea 2,san antonio abad,14721.62598127019,10959.905728145775,18344.23487401097,0.018579189,0.65469664,1.1959187,43
2026-08-03,Monday,linea 9,jamaica,9686.039714368326,7323.718840265129,12264.43592555207,0.018562451,0.65410686,1.1948413,35
2026-08-10,Monday,linea 1,insurgentes,40671.37636081758,30328.607467511665,50922.629130947586,0.01855925,0.653994,1.1946352,44
2026-08-16,Sunday,linea 5,valle gómez,2303.9816153389193,1554.0450580586519,3003.6466715422466,0.01950086,0.6871746,1.1938968,33
2026-08-14,Friday,linea 8,bellas artes,18269.622623269028,12904.279000778755,23503.61364257383,0.014788152,0.52110744,1.1937827,42
2026-08-10,Monday,linea b,bosque de aragón,4640.705684931804,3388.9523065057865,6099.456188495594,0.018544612,0.6534782,1.193693,45
2026-08-15,Saturday,linea 1,zaragoza,23603.634591564227,18901.607893834713,28246.280126700767,0.016427731,0.57888323,1.1934122,39
2026-08-02,Sunday,linea 2,viaducto,6132.719353747762,3074.6828666705237,9338.39146281328,0.019478908,0.68640107,1.1925528,73
2026-08-04,Tuesday,linea b,ricardo flores magón,5236.69996950616,4180.803474906335,6280.526851043657,0.019453183,0.6854946,1.1910913,25
2026-08-13,Thursday,linea a,los reyes,20297.962524985516,16724.9715068006,24141.503344275647,0.015620873,0.550451,1.1900849,40
2026-08-27,Thursday,linea b,río de los remedios,16435.27166216967,12929.599695257248,20233.552689435073,0.01562006,0.5504224,1.1900231,64
2026-08-03,Monday,linea a,acatitla,14212.997237208952,11404.710899789165,16936.90579578028,0.01848748,0.651465,1.1900154,36
2026-08-21,Friday,linea 1,insurgentes,43696.846132590676,33624.15146486395,54042.24264384536,0.014736801,0.51929796,1.1896373,19
2026-08-30,Sunday,linea 2,portales,9713.887713765886,6279.665152795124,13057.40151396437,0.0194261,0.6845402,1.1893197,57
2026-08-28,Friday,linea 1,sevilla,26853.98607225549,21483.531916700973,32380.478879573962,0.014728262,0.518997,1.188948,65
2026-08-01,Saturday,linea 8,la viga,6069.169698644372,4992.376172465941,7108.456279150597,0.01635001,0.57614446,1.1877661,68
2026-08-01,Saturday,linea b,tepito,22749.65888014415,17905.520006873176,27479.779415454894,0.01634636,0.57601583,1.1875008,69
2026-08-29,Saturday,linea 2,pino suárez,44968.19356190674,34888.93735000765,54849.53376384053,0.016342863,0.5758926,1.1872469,56
2026-08-10,Monday,linea 9,mixiuhca,21162.19455625409,16729.91429324033,25370.32533963471,0.018442245,0.649871,1.1871037,46
2026-08-18,Tuesday,linea 1,insurgentes,42498.28904521997,32189.579123891737,52165.876922261974,0.019387344,0.68317455,1.18706,24
2026-08-27,Thursday,linea b,morelos,4664.596566140903,3682.275994884548,5680.680035723837,0.015569937,0.5486561,1.1862044,65
2026-08-01,Saturday,linea 8,san juan de letrán,25510.342488327333,19535.842441475317,31401.053963658625,0.01632254,0.5751765,1.1857705,70
2026-08-25,Tuesday,linea 1,sevilla,27457.590520011625,21805.472246871417,32684.4642676187,0.01936472,0.68237734,1.1856748,42
2026-08-01,Saturday,linea 3,miguel ángel de quevedo,25705.11093201735,19243.867670706608,32836.053667751235,0.01631833,0.5750281,1.1854646,71
2026-08-01,Saturday,linea 9,centro médico,10615.30435979559,8163.172776397013,12836.397409075325,0.016312115,0.5748091,1.1850132,72
2026-08-01,Saturday,linea 8,escuadrón 201,14812.33243158921,10878.027493437177,18454.225984188455,0.016309928,0.57473207,1.1848543,73
2026-08-06,Thursday,linea 1,pino suárez,30259.631258906895,19952.95688190854,40340.14746639883,0.015544625,0.5477642,1.184276,16
2026-08-04,Tuesday,linea 2,portales,15854.714411834335,12454.618481018315,19253.778713500393,0.019338423,0.68145066,1.1840647,26
2026-08-03,Monday,linea a,canal de san juan,10895.164763702813,8687.622645959153,13096.643955454034,0.01839236,0.64811313,1.1838927,37
2026-08-24,Monday,linea 2,portales,16256.531156853656,13073.548786642146,19575.979109270877,0.018390642,0.64805263,1.1837822,21
2026-08-03,Monday,linea 3,copilco,30553.223519670602,18474.3115157323,41596.64756760391,0.018385211,0.64786124,1.1834326,38
2026-08-26,Wednesday,linea 8,escuadrón 201,21243.84683927874,16962.22472725335,24950.614997569726,0.017949231,0.6324981,1.1832889,54
2026-08-10,Monday,linea a,guelatao,19940.871874193697,15337.842134018814,24577.674655233088,0.018376617,0.6475584,1.1828793,47
2026-08-20,Thursday,linea b,plaza aragón,17734.34382946355,14931.745743169076,20481.50147580471,0.015524557,0.547057,1.182747,22
2026-08-02,Sunday,linea 7,tacuba,4565.062627716392,3097.8509832331724,6085.421848968353,0.019310497,0.6804666,1.1822423,74
2026-08-07,Friday,linea 3,hidalgo,18127.92533509959,13964.058074648749,22143.45886281194,0.014632821,0.5156339,1.1812435,18
2026-08-06,Thursday,linea 2,portales,16125.647995877758,12873.633543310476,19648.00335529918,0.015496947,0.54608405,1.1806436,17
2026-08-28,Friday,linea b,río de los remedios,16807.20075703207,13195.9573147477,20519.92026761533,0.014621111,0.5152212,1.1802982,66
2026-08-20,Thursday,linea 1,insurgentes,43285.2708220625,32979.10671616563,53411.967234557254,0.015491774,0.5459018,1.1802495,23
2026-08-22,Saturday,linea 9,puebla,23041.04962127143,15071.621683783804,29883.134808992112,0.016238878,0.5722284,1.1796927,19
2026-08-11,Tuesday,linea 3,potrero,13012.39201968016,10551.59909580478,15346.744994820492,0.019251361,0.67838275,1.1787341,54
2026-08-13,Thursday,linea 2,villa de cortés,16556.714929251313,12976.450891929047,20283.915784753153,0.015471707,0.5451947,1.1787207,41
2026-08-17,Monday,linea 1,candelaria,17657.007690923965,14680.842268825023,20751.497963768474,0.018305365,0.6450476,1.178293,36
2026-08-13,Thursday,linea 8,iztapalapa,9935.783365446789,7283.500603466907,12599.287124534607,0.015462376,0.54486585,1.1780097,42
2026-08-01,Saturday,linea 3,hospital general,9241.837022498079,4946.025398872149,13384.851991326246,0.01621078,0.5712382,1.1776515,74
2026-08-08,Saturday,linea 6,instituto del petróleo,1443.31402089927,707.6860283514386,2145.8952555899864,0.016200623,0.5708803,1.1769136,19
2026-08-30,Sunday,linea 1,sevilla,14233.655328304725,8536.536012933537,19961.864922943165,0.019213535,0.6770498,1.1763059,58
2026-08-06,Thursday,linea 3,hidalgo,17217.137825242127,13553.738684127422,21443.826962388328,0.015436078,0.5439392,1.1760063,18
2026-08-05,Wednesday,linea 8,apatlaco,10597.654786210522,8173.7289899159305,12817.581494285923,0.017820423,0.62795913,1.1747974,32
2026-08-23,Sunday,linea 8,cerro de la estrella,5801.265071401343,3907.7509604892116,7720.431739162513,0.019160803,0.6751917,1.1730776,20
2026-08-24,Monday,linea 1,boulevard puerto aéreo,18855.684440137553,16500.18169861408,21297.56407376448,0.018208062,0.6416188,1.1720297,22
2026-08-26,Wednesday,linea b,río de los remedios,16386.877191275737,12680.331880352483,20172.450385156582,0.017776927,0.6264264,1.17193,55
2026-08-27,Thursday,linea 2,nativitas,17862.108220406746,14097.913528815223,21390.386348534816,0.015378678,0.5419165,1.1716332,66
2026-08-12,Wednesday,linea b,plaza aragón,17343.17268657009,14711.367405353601,19959.32729056557,0.017752139,0.6255529,1.1702958,24
2026-08-29,Saturday,linea b,morelos,4632.971951740191,3637.1913249150766,5667.1931159820815,0.016106296,0.56755644,1.1700612,57
2026-08-30,Sunday,linea b,nezahualcóyotl,13284.842272705224,8394.762785389936,18074.32072281362,0.01910757,0.6733159,1.1698185,59
2026-08-12,Wednesday,linea 1,zaragoza,27476.99540276612,23182.37020421292,32472.35005919252,0.01774258,0.62521607,1.1696656,25
2026-08-04,Tuesday,linea 3,coyoacán,26979.221688708654,22079.90308810053,31880.374653723444,0.01910154,0.67310333,1.1695607,27
2026-08-01,Saturday,linea 5,valle gómez,3171.665419473786,2402.898337958433,3857.55921650014,0.016099038,0.5673006,1.1695338,75
2026-08-25,Tuesday,linea 8,apatlaco,11915.267461280733,9765.037462031612,14279.362792187914,0.019097382,0.6729568,1.169306,43
2026-08-13,Thursday,linea 1,merced,33956.070964993916,27342.90052987955,41406.42719319086,0.015330349,0.54021347,1.1679512,43
2026-08-08,Saturday,linea a,santa marta,37973.805619766834,30693.189164414962,45045.4482884302,0.016074056,0.5664203,1.167719,20
2026-08-02,Sunday,linea 6,norte 45,1077.998522299708,0.0,2392.8086375622997,0.019065235,0.67182404,1.1672266,75
2026-08-06,Thursday,linea 8,garibaldi/lagunilla,14146.939695819885,10511.869197966851,17755.48230628407,0.015312407,0.53958124,1.1665843,19
2026-08-18,Tuesday,linea 1,balbuena,8888.41871843856,7367.291979382658,10435.616063566573,0.019046752,0.6711727,1.1662061,25
2026-08-10,Monday,linea 1,chapultepec,40307.409949585766,31585.04148427762,49668.05209429629,0.018116495,0.63839215,1.1661357,48
2026-08-12,Wednesday,linea 6,deportivo 18 de marzo,1398.6666696843151,998.840129062053,1793.6444444285426,0.0176758,0.6228629,1.1652633,26
2026-08-27,Thursday,linea b,tepito,18304.412282712212,13418.216479345365,23079.26032611753,0.015294694,0.53895706,1.1652348,67
2026-08-17,Monday,linea 2,nativitas,16790.59194392403,13009.099170054262,20504.203411413666,0.018087454,0.6373688,1.1642663,37
2026-08-16,Sunday,linea b,plaza aragón,11175.097139799971,8464.489106381592,13981.232294592392,0.018997848,0.66944945,1.163101,34
2026-08-24,Monday,linea 3,hidalgo,17450.26817795044,13453.62945223734,21293.4417129841,0.018063048,0.63650876,1.1626953,23
2026-08-13,Thursday,linea 7,tacuba,8446.17775023492,6947.058502438832,9947.299440895997,0.015239595,0.5370155,1.1610371,44
2026-08-06,Thursday,linea a,peñón viejo,12001.198949835405,9700.500622515376,14302.913338279495,0.015235509,0.5368715,1.1607257,20
2026-08-23,Sunday,linea a,peñón viejo,8649.292574162122,6279.046253481413,10875.176977004185,0.018948479,0.6677097,1.1600785,21
2026-08-30,Sunday,linea b,morelos,3264.415492573678,2305.603130950839,4268.018900664463,0.018927911,0.666985,1.1588193,60
2026-08-28,Friday,linea 2,tacuba,33725.49976222144,28152.669116211804,39339.39310531659,0.014345846,0.50552136,1.1580772,67
2026-08-30,Sunday,linea 2,san antonio abad,6904.714577781074,2833.156925396922,10936.361295892726,0.018911634,0.6664114,1.1578227,61
2026-08-15,Saturday,linea 2,villa de cortés,13187.299454109072,9127.018561443185,17155.575092722713,0.015937397,0.56160474,1.1577913,40
2026-08-27,Thursday,linea 7,tacuba,8818.560555048383,7359.044597269111,10318.025114267191,0.015195556,0.53546363,1.157682,68
2026-08-01,Saturday,linea 7,tacuba,6499.919598042384,5068.575350784152,8010.769643549097,0.015933957,0.5614835,1.1575414,76
2026-08-01,Saturday,linea 2,pino suárez,40336.54595251853,29574.685499382864,50260.73851710395,0.01587377,0.5593626,1.153169,77
2026-08-09,Sunday,linea 8,iztacalco,4968.9477834076515,553.3121654078371,9303.726261421612,0.018824039,0.6633247,1.15246,20
2026-08-01,Saturday,linea 2,san cosme,12380.733535515592,8130.920539346733,16633.499938746252,0.015858632,0.5588292,1.1520693,78
2026-08-30,Sunday,linea 8,escuadrón 201,10484.262840271105,6776.960103118422,14433.895837652683,0.018800732,0.6625034,1.151033,62
2026-08-07,Friday,linea 8,garibaldi/lagunilla,14203.476251139222,10577.181478760402,17769.677728043873,0.014257124,0.502395,1.150915,19
2026-08-10,Monday,linea 3,coyoacán,26256.90666780715,21009.83908227052,31598.673069441757,0.017878797,0.6300161,1.1508354,49
2026-08-18,Tuesday,linea 1,salto del agua,17457.629435475497,14699.59917274059,20281.9595936021,0.01879561,0.6623229,1.150829,26
2026-08-04,Tuesday,linea 1,gómez farias,21364.8184103289,18180.19723904807,24633.331812860884,0.018793765,0.6622579,1.1507161,28
2026-08-07,Friday,linea b,ricardo flores magón,5421.207943395081,4369.451000337116,6393.970844705057,0.014246165,0.5020088,1.1500304,20
2026-08-01,Saturday,linea a,canal de san juan,11097.3925583744,8807.455795956668,13407.640329277865,0.015826292,0.5576896,1.14972,79
2026-08-30,Sunday,linea 8,uam-i,11304.714700851144,6945.356230485201,16250.092183727547,0.018756147,0.66093236,1.1483034,63
2026-08-01,Saturday,linea 3,la raza,21422.109150056076,15465.760073794489,26753.766939168967,0.01579736,0.55667007,1.1476182,80
2026-08-16,Sunday,linea 8,cerro de la estrella,5334.788740260597,3411.403703853301,7183.307344113938,0.018737411,0.6602721,1.1471564,35
2026-08-12,Wednesday,linea 1,moctezuma,18772.687365917816,15597.04282957104,21618.977161915438,0.017399177,0.6131152,1.147027,27
2026-08-01,Saturday,linea 1,zaragoza,24131.590607120797,19803.108130035085,29176.661623996948,0.01578902,0.5563762,1.1470124,81
2026-08-26,Wednesday,linea 5,autobuses del norte,18505.55229307536,13322.882735478941,23387.79658225369,0.017395116,0.6129721,1.1467594,56
2026-08-03,Monday,linea b,san lázaro,18015.430712458852,13755.494301253564,22017.64609755111,0.017813522,0.62771595,1.1466337,39
2026-08-24,Monday,linea 1,candelaria,18091.186423509407,14520.049780432531,21436.09404880788,0.017799303,0.6272149,1.1457185,24
2026-08-11,Tuesday,linea 1,zaragoza,27149.175035728545,22351.669625819897,32067.826813100633,0.018699333,0.6589303,1.144934,55
2026-08-15,Saturday,linea 9,mixiuhca,15758.025323120899,11439.608999996859,20084.073960052137,0.015749782,0.5549935,1.1441618,41
2026-08-04,Tuesday,linea b,bosque de aragón,5379.583764466835,4033.990562208967,6776.222828499807,0.018685998,0.65846044,1.1441176,29
2026-08-28,Friday,linea 2,revolución,26513.41115532881,20218.39264304688,33342.83393116467,0.014166551,0.49920335,1.1436036,68
2026-08-11,Tuesday,linea 12,parque de los venados,11349.812960941816,9429.57468279156,13159.12862799906,0.018661816,0.6576083,1.142637,56
2026-08-18,Tuesday,linea b,plaza aragón,17497.055264635695,15088.296839002902,20369.78700376854,0.018650934,0.65722483,1.1419708,27
2026-08-16,Sunday,linea 8,san juan de letrán,14514.564686109832,8682.347836525856,20480.46552320641,0.018649166,0.65716255,1.1417538,36
2026-08-28,Friday,linea 12,zapata,14537.421736356886,12836.663415877514,16144.613759030215,0.014141913,0.49833512,1.1416146,69
2026-08-03,Monday,linea 2,villa de cortés,15701.078378283413,11727.61558684766,19643.10740751259,0.017712614,0.6241601,1.1401383,40
2026-08-29,Saturday,linea 2,villa de cortés,13800.52341287682,9924.232831775296,17742.348788626503,0.01568201,0.55260533,1.1392384,58
2026-08-14,Friday,linea 7,san joaquín,28942.894823122457,22222.978062822003,35397.09154568922,0.014107742,0.49713105,1.1388562,43
2026-08-16,Sunday,linea 2,revolución,14561.496825745655,7944.195953971432,21158.430567875457,0.018601213,0.6554727,1.1388179,37
2026-08-29,Saturday,linea 1,candelaria,22311.92468410925,19125.4543239235,25741.636708133618,0.015671974,0.5522517,1.1385093,59
2026-08-13,Thursday,linea 7,san joaquín,29624.16708356956,22724.01349163186,36055.27797764124,0.014936601,0.5263385,1.1379533,45
2026-08-29,Saturday,linea 1,gómez farias,19865.10094652953,16713.80271626092,23078.066664876766,0.015656415,0.55170345,1.137379,60
2026-08-12,Wednesday,linea 8,garibaldi/lagunilla,14391.753449912723,10723.53033446547,18066.02979315455,0.017245848,0.60771215,1.1369189,28
2026-08-19,Wednesday,linea a,peñón viejo,14299.932482820426,11834.254307168134,16463.041136330274,0.017245509,0.60770017,1.1368966,24
2026-08-03,Monday,linea 2,viaducto,14055.453571219085,11000.202794481493,17100.63982646758,0.017657518,0.62221867,1.1365919,41
2026-08-08,Saturday,linea a,peñón viejo,10842.5024112063,8571.03496290741,13054.94527433965,0.0156408,0.55115324,1.1362447,21
2026-08-14,Friday,linea 2,villa de cortés,16742.83238969595,12828.845139648916,20325.321547614425,0.014073634,0.49592912,1.1361027,44
2026-08-17,Monday,linea a,pantitlán,35539.275954647055,27288.539196377154,44128.199330956035,0.017641935,0.62166953,1.1355889,38
2026-08-14,Friday,linea 3,coyoacán,28536.078206171667,23358.998158221468,33536.730563124875,0.014066681,0.49568412,1.1355416,45
2026-08-06,Thursday,linea b,ricardo flores magón,5349.210973124896,4301.735622371811,6377.079305098976,0.014901771,0.52511114,1.1352998,21
2026-08-10,Monday,linea a,peñón viejo,11932.97583730472,9716.117344932956,14115.975800405358,0.017636044,0.6214619,1.1352097,50
2026-08-26,Wednesday,linea a,la paz,48741.36041766715,39646.8309310005,57303.81976597622,0.017219402,0.60678023,1.1351756,57
2026-08-27,Thursday,linea 9,mixiuhca,24156.11803614708,19760.996326011285,28365.09957417779,0.014890967,0.52473044,1.1344767,69
2026-08-08,Saturday,linea 8,garibaldi/lagunilla,12386.44818146456,8677.027702423426,15945.469920821135,0.01561509,0.5502472,1.1343769,22
2026-08-02,Sunday,linea a,acatitla,9117.856402639442,6313.273278101865,11973.677466063007,0.01852394,0.6527498,1.1340871,76
2026-08-09,Sunday,linea b,guerrero,3852.36145896611,2385.4167186042123,5115.41591865686,0.018523091,0.65271986,1.1340351,21
2026-08-02,Sunday,linea 3,potrero,7402.628965227433,5012.99657743814,9832.963766984856,0.0185199,0.65260744,1.1338397,77
2026-08-20,Thursday,linea 1,candelaria,18050.83645472528,15039.578783448133,21583.76550559756,0.014869983,0.52399105,1.132878,24
2026-08-26,Wednesday,linea 9,jamaica,10465.784391906682,7993.31611801223,13040.438164038247,0.017179566,0.6053765,1.1325494,58
2026-08-03,Monday,linea 9,mixiuhca,20491.376084138414,15985.691931390673,24877.00452836039,0.01758718,0.61974,1.1320643,42
2026-08-29,Saturday,linea b,río de los remedios,13440.261433871696,9881.24149448977,16988.41821388536,0.015577576,0.5489253,1.1316516,61
2026-08-02,Sunday,linea 4,jamaica,3237.212056992514,1946.6590760888641,4674.085744751136,0.018483145,0.65131223,1.1315894,78
2026-08-29,Saturday,linea 8,obrera,9812.017073239547,7731.27489868819,11726.558166680556,0.015576297,0.5488802,1.1315588,62
2026-08-02,Sunday,linea 7,mixcoac,8061.637865399722,3642.8723164471107,12268.181277836304,0.01848189,0.651268,1.1315126,79
2026-08-10,Monday,linea 7,aquiles serdán,12802.336922971066,9902.378241957098,15602.123963666982,0.017570652,0.6191577,1.1310004,51
2026-08-18,Tuesday,linea 6,lindavista,16402.6554607589,11119.271603482459,21616.76371039059,0.018461587,0.6505526,1.1303773,28
2026-08-02,Sunday,linea 3,balderas,1216.639037767347,0.0,8863.718908039831,0.018451285,0.6501895,1.1296389,80
2026-08-01,Saturday,linea 3,niños héroes,7166.387920689662,850.5826918141959,12795.765845091106,0.0155418385,0.54766595,1.1290555,82
2026-08-02,Sunday,linea 1,insurgentes,22894.10660876044,12645.21167584082,32442.83288635212,0.018436817,0.6496797,1.1287532,81
2026-08-11,Tuesday,linea 8,iztapalapa,9646.163495461451,6986.763982146295,12437.123516537456,0.01842427,0.64923763,1.1280924,57
2026-08-04,Tuesday,linea a,canal de san juan,11242.703992104389,9150.198657226514,13511.545822986289,0.018421847,0.6491522,1.127944,30
2026-08-23,Sunday,linea 2,pino suárez,33572.112674184806,23080.99164181948,44024.544116347286,0.018418847,0.6490465,1.1276529,22
2026-08-25,Tuesday,linea 2,nativitas,18292.58753439175,14830.252408310296,21759.99674751668,0.018388994,0.6479945,1.1259325,44
2026-08-29,Saturday,linea 3,miguel ángel de quevedo,27556.955590663656,20673.153584557225,34194.01960416127,0.015496983,0.54608536,1.1257969,63
2026-08-11,Tuesday,linea 5,autobuses del norte,17879.203247824313,12988.765853504465,22771.19977765632,0.0183848,0.6478467,1.1256757,58
2026-08-07,Friday,linea 1,cuauhtémoc,16316.103970910919,12557.508592280534,20020.54889443963,0.013942167,0.49129647,1.1254901,21
2026-08-02,Sunday,linea 2,cuitláhuac,5728.199275129528,2640.4680314525303,8700.166119884478,0.018377662,0.64759517,1.1251315,82
2026-08-28,Friday,linea 3,la raza,32341.296528728788,26736.40476271809,37728.86755331905,0.013933248,0.49098217,1.12477,70
2026-08-30,Sunday,linea b,lagunilla,14918.72169292553,10484.737278692315,19917.990982296225,0.018368576,0.64727503,1.1245753,64
2026-08-26,Wednesday,linea b,morelos,4679.9537729368485,3753.0913233689844,5727.281159483217,0.017053204,0.6009237,1.1242191,59
2026-08-15,Saturday,linea 8,bellas artes,20509.213992822057,15231.174987108983,25954.571659381952,0.015455773,0.5446332,1.1228031,42
2026-08-03,Monday,linea b,ricardo flores magón,5105.710619632787,4098.55602648504,6173.964903878185,0.017421503,0.6139019,1.1213999,43
2026-08-23,Sunday,linea 3,hidalgo,15365.197723627076,11059.849906267413,19558.21570468826,0.018305317,0.6450459,1.1207023,23
2026-08-11,Tuesday,linea 8,aculco,8708.93649291136,7193.727207016549,10300.69085188679,0.018299628,0.6448454,1.1204607,59
2026-08-14,Friday,linea a,pantitlán,36186.73185415031,27415.155999752944,44921.075428744094,0.013872732,0.48884973,1.1198848,46
2026-08-15,Saturday,linea b,lagunilla,23498.950678689976,18812.240786331815,28781.026657052447,0.015413397,0.54313993,1.1197246,43
2026-08-12,Wednesday,linea 1,gómez farias,21307.006557169345,18046.29372404359,24250.19944280755,0.016978305,0.5982844,1.1192814,29
2026-08-02,Sunday,linea 8,cerro de la estrella,4725.748670580055,2806.1016238332245,6471.664107859293,0.018279003,0.64411867,1.1190913,83
2026-08-03,Monday,linea 3,centro médico,15929.850729444515,13005.066445852362,18810.956378527248,0.017384076,0.61258304,1.1189908,44
2026-08-11,Tuesday,linea a,los reyes,19819.735060484913,15791.158611636307,23657.620278271297,0.018265322,0.6436365,1.1183602,60
2026-08-19,Wednesday,linea 8,san juan de letrán,23482.06900675352,17505.65013071569,29067.90064296338,0.016953794,0.5974207,1.1176655,25
2026-08-05,Wednesday,linea a,canal de san juan,11563.906203673287,9347.928386461726,13780.77280152177,0.01695029,0.59729725,1.1174346,33
2026-08-15,Saturday,linea 1,gómez farias,19898.630722975555,16756.596095957524,22921.26527239566,0.015374174,0.54175776,1.1168753,44
2026-08-09,Sunday,linea 1,salto del agua,8571.810565669655,5512.672913016495,11509.723653991532,0.018231466,0.64244354,1.116181,22
2026-08-27,Thursday,linea 12,zapata,13960.553218899213,12292.067025678787,15598.550716375552,0.014649442,0.51621956,1.116076,70
2026-08-30,Sunday,linea 9,lázaro cárdenas,7660.705745073119,5524.381388682623,9838.977380958317,0.018227998,0.64232135,1.1159687,65
2026-08-26,Wednesday,linea 9,centro médico,15067.12937421046,12670.216124790293,17561.684627747705,0.01691968,0.5962186,1.1154166,60
2026-08-29,Saturday,linea 3,guerrero,7434.528866959302,6080.96617710046,8781.456293042966,0.015342698,0.54064864,1.1145887,64
2026-08-07,Friday,linea 6,deportivo 18 de marzo,1386.6203672758907,1001.6111090157142,1800.5315334301595,0.01380576,0.48648974,1.1144785,22
2026-08-28,Friday,linea 9,centro médico,15278.949905812942,12973.35555342227,17746.312303343446,0.0137953395,0.48612255,1.1136373,71
2026-08-26,Wednesday,linea a,canal de san juan,12713.639658802029,10465.01088305681,14992.955759830007,0.016890911,0.59520483,1.11352,61
2026-08-17,Monday,linea 1,insurgentes,40879.372881611525,30927.577004943898,51223.26078829388,0.017288385,0.6092111,1.1128312,39
2026-08-15,Saturday,linea 1,insurgentes,34036.102889136666,24711.63374096652,43784.66519940018,0.015305075,0.53932285,1.1118555,45
2026-08-17,Monday,linea a,los reyes,20696.476111805547,16841.72425874131,24564.651062296056,0.01726498,0.60838634,1.1113248,40
2026-08-16,Sunday,linea 6,instituto del petróleo,833.5193961325851,87.05157445921259,1573.0544732210267,0.018150773,0.63960004,1.1112407,38
2026-08-14,Friday,linea 1,sevilla,26760.87674662152,20637.931530123475,32332.50517326329,0.013764914,0.4850504,1.1111811,47
2026-08-01,Saturday,linea 7,refinería,7794.347559143462,4495.4437190211565,11392.30064694742,0.01529305,0.5388991,1.110982,83
2026-08-29,Saturday,linea 12,parque de los venados,7611.185767779126,5879.654462519955,9261.75165846094,0.01529229,0.5388723,1.1109267,65
2026-08-19,Wednesday,linea b,plaza aragón,17709.314756212763,14867.807419927343,20572.08573370645,0.016842939,0.5935144,1.1103575,26
2026-08-24,Monday,linea 8,san juan de letrán,22030.41129053176,16180.541427143478,27429.341194374287,0.01724647,0.6077341,1.1101333,25
2026-08-08,Saturday,linea 3,juárez,11453.480591070222,7186.935027549694,15792.823932593235,0.015272089,0.5381605,1.1094592,23
2026-08-30,Sunday,linea a,guelatao,14376.991121609462,9507.341230952326,18979.321100042915,0.018117433,0.63842523,1.1091995,66
2026-08-16,Sunday,linea b,deportivo oceanía,4231.655987073708,669.9897181958214,7717.949208276866,0.018114371,0.6383173,1.1090121,39
2026-08-04,Tuesday,linea b,plaza aragón,16942.228768121586,13857.287679258177,19733.817924754778,0.0181105,0.6381809,1.1088808,31
2026-08-01,Saturday,linea a,pantitlán,25391.628942497366,17190.795935122125,34115.152993510506,0.015255283,0.5375683,1.1082383,84
2026-08-27,Thursday,linea 3,hospital general,19714.188615074407,15911.561239995917,23629.278544448905,0.014538612,0.5123141,1.1076323,71
2026-08-11,Tuesday,linea 3,hospital general,19650.955027842763,15819.317273864257,23583.26571305749,0.018088602,0.6374092,1.1075399,61
2026-08-13,Thursday,linea b,bosque de aragón,5593.521424013364,4234.105190447247,7094.23949262586,0.014536829,0.51225126,1.1074964,46
2026-08-28,Friday,linea 8,uam-i,24812.26198619875,20411.488392245312,29496.202201912627,0.013710114,0.48311934,1.1067574,72
2026-08-28,Friday,linea b,ciudad azteca,48818.74505476956,40250.25394347048,56990.65797632827,0.013702013,0.48283386,1.1061034,73
2026-08-14,Friday,linea 8,iztapalapa,10340.1085714476,7725.819045391013,12981.39663642383,0.013687282,0.4823148,1.1049143,48
2026-08-17,Monday,linea 3,potrero,13444.556964887059,11055.889527440451,15753.386988909997,0.017149802,0.6043277,1.1039109,41
2026-08-14,Friday,linea 12,parque de los venados,11206.00075517803,9508.474955660873,12992.504403053981,0.013674259,0.4818559,1.103863,49
2026-08-11,Tuesday,linea a,agrícola oriental,11274.707260027844,8734.59132887315,13685.448524443531,0.018014012,0.6347808,1.1029729,62
2026-08-29,Saturday,linea 1,sevilla,19341.400704595257,13687.252403541292,25180.102382505545,0.015177891,0.5348411,1.1026161,66
2026-08-05,Wednesday,linea 6,instituto del petróleo,2946.2444014853836,2225.3617864310095,3665.2187620952495,0.016716786,0.58906895,1.102041,34
2026-08-05,Wednesday,linea b,ricardo flores magón,5417.690173128381,4392.7677143870005,6458.362037982017,0.016712373,0.58891344,1.10175,35
2026-08-29,Saturday,linea a,pantitlán,27456.61556384411,18828.28801011438,35691.480906205434,0.015165493,0.5344042,1.1017154,67
2026-08-13,Thursday,linea 1,zaragoza,27100.99085279396,22342.121295277237,31873.475078623826,0.014458332,0.5094852,1.1015161,47
2026-08-11,Tuesday,linea 7,mixcoac,19652.7103415108,15553.510567805211,23817.264913329785,0.017984467,0.6337397,1.1011639,63
2026-08-26,Wednesday,linea 9,pantitlán,51386.91030832945,43773.625735263675,59306.90881854377,0.016700609,0.5884989,1.1009746,62
2026-08-26,Wednesday,linea 12,calle 11,13784.72892790957,11816.064154617623,15868.894045298233,0.016692614,0.5882172,1.1004474,63
2026-08-01,Saturday,linea 3,copilco,17805.37671874065,5002.010350842589,31628.16963870685,0.015147913,0.53378475,1.1004384,85
2026-08-20,Thursday,linea a,acatitla,15762.676509075052,12999.848387682885,18627.546034073977,0.014433031,0.5085936,1.0995885,25
2026-08-11,Tuesday,linea 2,revolución,25409.33459901915,18870.904560034836,32099.22661538584,0.017931664,0.63187903,1.0979308,64
2026-08-16,Sunday,linea 2,portales,8978.32885162639,5721.9419749509925,12335.642227191112,0.017929591,0.631806,1.0976994,40
2026-08-01,Saturday,linea 3,viveros/derechos humanos,13715.263052145861,10516.580757202748,16880.508566770095,0.015101552,0.5321511,1.0970703,86
2026-08-25,Tuesday,linea b,guerrero,6137.740499157807,4849.6442267827215,7451.272208058831,0.017914811,0.6312852,1.0968989,45
2026-08-14,Friday,linea 6,lindavista,14807.263489191784,10307.24283434384,19689.89312347568,0.013584674,0.4786991,1.0966312,50
2026-08-05,Wednesday,linea a,los reyes,19963.760798112897,16140.268067120947,23546.66925500867,0.016633905,0.5861484,1.0965772,36
2026-08-23,Sunday,linea 1,merced,32289.9897833846,25206.1865332741,39287.140131345936,0.017910667,0.63113916,1.0965407,24
2026-08-30,Sunday,linea a,agrícola oriental,6894.196401821851,4240.473063486961,9272.687449077534,0.017890656,0.63043404,1.0953157,67
2026-08-27,Thursday,linea 2,revolución,26118.274903366804,18998.281682369176,32342.057751577242,0.01437451,0.5065315,1.0951301,72
2026-08-18,Tuesday,linea a,peñón viejo,12942.793839891121,10482.381543861478,15277.846413438423,0.017885037,0.63023597,1.0950758,29
2026-08-26,Wednesday,linea 8,coyuya,28658.39151853289,23459.230563580022,33680.148934496014,0.01659563,0.58479965,1.0940539,64
2026-08-17,Monday,linea 2,villa de cortés,16278.87401634735,12493.014589975377,20117.91462226556,0.016992597,0.598788,1.0937917,42
2026-08-28,Friday,linea b,san lázaro,17048.13343795309,12675.1103459827,20998.03153820876,0.013547785,0.47739917,1.0936532,74
2026-08-01,Saturday,linea 8,santa anita,3118.8717581300994,2237.0451342597207,4045.715456262872,0.015052071,0.5304074,1.0934757,87
2026-08-05,Wednesday,linea 1,salto del agua,16540.125750102256,13557.127043918443,19459.210941563695,0.016576309,0.5841188,1.0927801,37
2026-08-18,Tuesday,linea 1,isabel la católica,19268.603295301113,14872.14936707921,23600.287732533063,0.017840015,0.6286495,1.0923193,30
2026-08-04,Tuesday,linea 3,guerrero,7125.421423201171,5876.6305730619415,8391.198803073028,0.017837707,0.6285682,1.092178,32
2026-08-05,Wednesday,linea b,san lázaro,15572.643871281243,11495.441471175121,19418.934397617115,0.016557066,0.5834407,1.0915116,38
2026-08-06,Thursday,linea 8,bellas artes,16180.793350947606,11231.08626437322,21334.46280422293,0.014324583,0.5047721,1.0913264,22
2026-08-14,Friday,linea b,bosque de aragón,5758.676036301521,4304.257768309566,7183.727524286102,0.013515196,0.4762508,1.0910225,51
2026-08-01,Saturday,linea 7,tacubaya,4424.358264869314,2964.1232768801456,5821.255752533538,0.015017527,0.5291902,1.0909662,88
2026-08-21,Friday,linea 2,pino suárez,37959.70557136349,27685.66622056257,48684.25347004677,0.013508579,0.47601762,1.0904883,20
2026-08-27,Thursday,linea 9,centro médico,15180.659033947437,12710.915464112893,17754.948644662596,0.014306342,0.50412935,1.0899367,73
2026-08-04,Tuesday,linea 1,insurgentes,41612.47929533174,31720.881151523445,51819.47878959418,0.017794453,0.62704396,1.0895295,33
2026-08-28,Friday,linea 4,morelos,6817.847010004874,5748.391692021191,7974.553579947434,0.013488641,0.47531503,1.0888789,75
2026-08-30,Sunday,linea 3,guerrero,5467.257119825055,4266.480643047721,6782.900768906348,0.017776784,0.62642133,1.0883441,68
2026-08-02,Sunday,linea 8,uam-i,9540.075744771588,5016.955189722571,14091.791505519881,0.017769368,0.62616,1.08789,84
2026-08-21,Friday,linea b,plaza aragón,18096.529980402436,15428.445297070162,20711.46147891224,0.013474803,0.47482744,1.0877618,21
2026-08-20,Thursday,linea 8,garibaldi/lagunilla,14284.423973941759,10964.205118766971,17763.727156481415,0.014275646,0.50304765,1.0875981,26
2026-08-19,Wednesday,linea 9,puebla,29458.331116128844,21969.127361972256,36729.33300754077,0.016490664,0.5811009,1.0871341,27
2026-08-17,Monday,linea 8,iztapalapa,9682.460927846998,7012.893802341006,12128.955156345348,0.016882814,0.5949195,1.0867252,43
2026-08-27,Thursday,linea 12,mexicaltzingo,16203.65114949446,13225.83834515201,19420.01589458905,0.0142615605,0.5025513,1.086525,74
2026-08-03,Monday,linea 9,puebla,28264.488947289112,21438.940586564768,35976.38720746092,0.016870068,0.5944704,1.0859047,45
2026-08-03,Monday,linea 5,valle gómez,3814.5851982482195,3130.978524746438,4586.113441598503,0.016859783,0.5941079,1.0852427,46
2026-08-29,Saturday,linea a,la paz,37807.43791835251,29368.937815476467,45956.390726740705,0.014938361,0.5264005,1.0852151,68
2026-08-18,Tuesday,linea 1,gómez farias,20659.613514309112,17602.7524723647,23901.23572047203,0.017720614,0.62444204,1.0850085,31
2026-08-30,Sunday,linea 2,hidalgo,8122.882187237221,583.2914614133047,15085.33963251966,0.017721293,0.624466,1.0849468,69
2026-08-30,Sunday,linea b,ecatepec,12761.738748826936,7702.194703617174,17591.137319799054,0.017712563,0.6241583,1.0844123,70
2026-08-01,Saturday,linea 2,ermita,9477.50826205748,5866.4933491664815,12941.01381007756,0.014919001,0.5257183,1.0838087,89
2026-08-21,Friday,linea 3,hidalgo,18719.550742935495,14674.068046797092,22500.46151369631,0.013414876,0.47271568,1.0829241,22
2026-08-10,Monday,linea b,san lázaro,18435.063391988726,14727.588245966379,22671.639945992043,0.016817942,0.59263355,1.0825495,52
2026-08-25,Tuesday,linea 8,escuadrón 201,21013.24665464837,17573.044323657785,25066.937225471174,0.017670717,0.62268376,1.0819534,46
2026-08-27,Thursday,linea 2,villa de cortés,17203.251615654888,13309.974236790596,20939.488600289165,0.014200754,0.5004086,1.0818924,75
2026-08-12,Wednesday,linea 1,chapultepec,44741.42795654979,35864.50917914084,54064.97224171931,0.016410626,0.57828045,1.0818577,30
2026-08-12,Wednesday,linea 1,merced,33893.457741738166,26845.033885877212,41232.19814942255,0.016408805,0.57821625,1.0817375,31
2026-08-17,Monday,linea 8,apatlaco,10743.183036272841,8530.56195823504,12890.07283001436,0.016802236,0.59208006,1.0815386,44
2026-08-10,Monday,linea 4,martín carrera,22590.0258069192,18462.472564169653,26896.352667693955,0.016802112,0.5920757,1.0815305,53
2026-08-18,Tuesday,linea b,ricardo flores magón,5251.427246686236,4192.00050664323,6269.176119865469,0.01766331,0.6224227,1.0814998,32
2026-08-26,Wednesday,linea 2,nativitas,18104.206875031607,14544.928943770909,21951.95807517109,0.016402163,0.5779822,1.0812997,65
2026-08-19,Wednesday,linea 4,talismán,3637.1399127743052,2941.6534509165685,4280.621338471821,0.016392035,0.57762533,1.0806321,28
2026-08-10,Monday,linea 3,niños héroes,20110.23242250379,14645.083735232009,25683.924282851673,0.016786678,0.5915318,1.0805371,54
2026-08-28,Friday,linea 8,aculco,9196.980900745888,7709.224055446111,10647.128286560386,0.013380946,0.47152007,1.080185,76
2026-08-17,Monday,linea b,guerrero,5880.7278432928815,4609.009624710311,7111.209606775417,0.016780054,0.5912984,1.0801107,45
2026-08-25,Tuesday,linea 8,garibaldi/lagunilla,13838.924816182835,9979.190685981948,17481.36537918084,0.01763459,0.62141067,1.0797414,47
2026-08-20,Thursday,linea b,guerrero,6324.206726514362,5017.669437354941,7536.759832648585,0.014169196,0.49929655,1.079488,27
2026-08-16,Sunday,linea 1,salto del agua,9192.634674742218,6111.779883751361,12173.446497639603,0.01762491,0.6210696,1.079046,41
2026-08-27,Thursday,linea 9,jamaica,10788.196578915957,8057.394467376383,13205.242207136249,0.014150204,0.4986273,1.0780412,76
2026-08-03,Monday,linea 1,candelaria,16925.97898013131,13479.484368324822,19928.164072919048,0.016741509,0.58994013,1.0776296,47
2026-08-28,Friday,linea 3,coyoacán,28841.464354354735,23514.70250126206,33760.21344999377,0.013349037,0.47039565,1.0776092,77
2026-08-28,Friday,linea 9,lázaro cárdenas,13311.440291058654,11229.13173164028,15336.802002212798,0.013348665,0.47038254,1.0775793,78
2026-08-29,Saturday,linea 1,zaragoza,23750.201380456634,18384.378260248468,28462.19920568181,0.014831649,0.52264017,1.0774629,69
2026-08-15,Saturday,linea 1,candelaria,21717.318095795843,18559.003736425886,24717.15168801982,0.014827762,0.5225032,1.0771805,46
2026-08-18,Tuesday,linea 1,chapultepec,44315.206169320525,35603.80430545339,53889.59522690542,0.017592741,0.61993605,1.0771791,33
2026-08-09,Sunday,linea 1,balbuena,5428.77271461752,4032.0302464907395,6875.607332844509,0.017585259,0.61967236,1.0766183,23
2026-08-30,Sunday,linea 8,doctores,3435.448566077346,718.6331649212626,6051.990994471773,0.01758143,0.6195374,1.076384,71
2026-08-14,Friday,linea 3,potrero,13751.403074060705,11403.318370148572,16113.054919214917,0.013325467,0.4695651,1.0757065,52
2026-08-19,Wednesday,linea 1,gómez farias,20994.943901323033,17846.1968414568,24144.44355676694,0.016317151,0.5749866,1.0756954,29
2026-08-10,Monday,linea 6,deportivo 18 de marzo,1316.9062154911971,916.6605302793073,1718.1442450124878,0.016703075,0.5885858,1.0751556,55
2026-08-27,Thursday,linea b,ciudad azteca,47905.3030832967,39877.66548466331,56022.35137320316,0.014109712,0.49720046,1.0749563,77
2026-08-25,Tuesday,linea b,bosque de aragón,5649.555819923152,4204.379612946047,6960.338598015852,0.017555758,0.6186328,1.0749146,48
2026-08-25,Tuesday,linea 1,zaragoza,27054.332492069283,22166.982339647187,31832.66301897452,0.017545251,0.6182626,1.0742713,49
2026-08-11,Tuesday,linea 12,mexicaltzingo,17241.61181273763,14288.288200226425,20397.711891703122,0.017543681,0.6182072,1.0741751,65
2026-08-03,Monday,linea 8,bellas artes,14562.628379062116,9545.36706960232,19852.499614881406,0.016687544,0.58803856,1.0741559,48
2026-08-19,Wednesday,linea 1,chapultepec,44652.106146242266,35732.044043538175,54009.22071804195,0.016282272,0.57375747,1.073396,30
2026-08-27,Thursday,linea 1,observatorio,36117.62150542556,26521.97930700658,44002.00979655533,0.014084867,0.49632496,1.0730635,78
2026-08-02,Sunday,linea 9,pantitlán,22892.02614878306,14893.612787859036,30186.63106182956,0.017524706,0.6175386,1.0729111,85
2026-08-29,Saturday,linea b,ciudad azteca,39804.75308366096,31270.453546739893,47677.873685402505,0.0147679625,0.520396,1.0728363,70
2026-08-11,Tuesday,linea 5,valle gómez,4173.9422457703995,3469.499778307842,4909.265880802943,0.017505087,0.6168473,1.071812,66
2026-08-04,Tuesday,linea a,pantitlán,34564.83820416636,26565.504265936725,42754.09476403479,0.017496848,0.61655694,1.0713077,34
2026-08-17,Monday,linea 1,gómez farias,20700.191491009085,17554.40250055977,23683.387186666892,0.016642628,0.58645576,1.0712647,46
2026-08-12,Wednesday,linea 8,apatlaco,10964.903018073268,8873.829666263184,13307.175990427686,0.0162383,0.572208,1.0704972,32
2026-08-26,Wednesday,linea 2,villa de cortés,17511.829168948127,13815.574102743556,21163.01027414618,0.016236791,0.5721548,1.0703977,66
2026-08-15,Saturday,linea 1,chapultepec,37544.203155241375,28660.38234103899,46496.27537421067,0.014733929,0.51919675,1.0703639,47
2026-08-23,Sunday,linea 1,balbuena,5587.972176722529,4045.1077965166974,7145.238910311515,0.017481698,0.61602306,1.070278,25
2026-08-27,Thursday,linea 7,polanco,45707.90243479612,37104.4622799311,54795.3821750698,0.014047318,0.4950018,1.0702028,79
2026-08-15,Saturday,linea b,bosque de aragón,5882.857299235431,4499.388423390031,7236.898851552222,0.014725043,0.5188836,1.0697184,48
2026-08-19,Wednesday,linea 1,insurgentes,43607.87119551184,34698.73885670485,53216.11694141917,0.016218506,0.5715105,1.0691923,31
2026-08-07,Friday,linea 8,apatlaco,10831.64122767933,8593.229040714546,13129.130513482805,0.013242359,0.46663654,1.0689976,23
2026-08-30,Sunday,linea 5,valle gómez,2520.4308644120374,1760.7469270555825,3245.4586665940888,0.017454004,0.61504716,1.0685825,72
2026-08-19,Wednesday,linea 6,lindavista,16667.739431770387,11750.235122058497,21222.62877100951,0.016199619,0.57084495,1.0679471,32
2026-08-29,Saturday,linea 8,uam-i,18809.04697088599,13975.320915016731,23276.31008439685,0.014699551,0.5179853,1.0678666,71
2026-08-04,Tuesday,linea 12,zapata,13134.404124505341,11587.618400141992,14783.083271275844,0.017431578,0.6142569,1.0673112,35
2026-08-29,Saturday,linea 9,jamaica,11426.885719248365,8644.040692794082,14024.386609716395,0.014689844,0.5176432,1.0671613,72
2026-08-29,Saturday,linea 8,aculco,6954.610300246574,5539.347443111197,8422.861299180155,0.014672883,0.51704556,1.0659292,73
2026-08-22,Saturday,linea 2,nativitas,14572.867683847915,10881.071837743222,18126.18310857117,0.014669402,0.5169229,1.0656762,20
2026-08-12,Wednesday,linea a,acatitla,19114.81897439162,16231.183350885642,22049.850536709848,0.016159853,0.56944364,1.0653256,33
2026-08-02,Sunday,linea 5,aragón,3102.040821024505,1809.2004828980414,4529.36397402035,0.01739162,0.6128489,1.0647633,86
2026-08-14,Friday,linea b,lagunilla,19322.053012400756,14283.564282357564,24541.340481024203,0.013188423,0.4647359,1.0646435,53
2026-08-22,Saturday,linea 8,san juan de letrán,26964.433731162375,21335.262422948566,32244.82951525732,0.014651864,0.5163049,1.0644022,21
2026-08-17,Monday,linea b,bosque de aragón,4748.026117980637,3402.9802663505757,6082.876883947556,0.016534906,0.58265984,1.0643308,47
2026-08-16,Sunday,linea a,peñón viejo,8119.060159559953,5792.99346310999,10449.932277545751,0.017369006,0.612052,1.0633788,42
2026-08-12,Wednesday,linea b,san lázaro,16065.431158044667,12030.756573647894,20145.813280000137,0.016130148,0.5683969,1.0633672,34
2026-08-19,Wednesday,linea a,acatitla,19723.134953422763,16865.850750312828,22562.99494757336,0.016126955,0.5682844,1.0631568,33
2026-08-12,Wednesday,linea b,ricardo flores magón,5416.692078998455,4374.288570901764,6388.056493757968,0.016125252,0.56822443,1.0630445,35
2026-08-11,Tuesday,linea b,río de los remedios,15086.60496698854,11613.486009058444,18843.059996847893,0.017361227,0.6117779,1.0630038,67
2026-08-03,Monday,linea 3,hospital general,18490.2300031383,14374.75149297305,22747.031168968162,0.016513852,0.58191794,1.0629756,49
2026-08-20,Thursday,linea 2,nativitas,17724.405474848114,14211.739437748125,21429.11647137552,0.013950173,0.49157858,1.0628017,28
2026-08-11,Tuesday,linea 12,insurgentes sur,38839.472470168956,33593.44954278133,44663.87114676611,0.017353395,0.61150193,1.0625242,68
2026-08-19,Wednesday,linea b,bosque de aragón,5666.634347057969,4274.858502342973,7055.587526086018,0.016114445,0.5678436,1.0623322,34
2026-08-14,Friday,linea a,canal de san juan,12411.3608646313,10011.005056082908,14708.055415312077,0.013158252,0.46367276,1.062208,54
2026-08-05,Wednesday,linea 1,candelaria,17211.579072803266,14085.931959939917,20244.896620381394,0.016107332,0.5675929,1.0618632,39
2026-08-11,Tuesday,linea a,guelatao,21074.88651734782,16248.894138400936,26154.324630755073,0.017342202,0.61110747,1.0618389,69
2026-08-27,Thursday,linea 8,aculco,9217.11628062205,7822.822317851539,10674.056129682189,0.013936215,0.49108672,1.0617384,80
2026-08-27,Thursday,linea 6,lindavista,18197.68575219783,13093.953361714775,23503.471551627405,0.013935495,0.49106136,1.0616835,81
2026-08-19,Wednesday,linea 1,balbuena,9027.433526580931,7473.9149604245285,10638.618190263462,0.016103154,0.5674457,1.0615878,35
2026-08-18,Tuesday,linea b,tepito,12927.994042718816,7645.658028040591,17737.29840624603,0.017321436,0.6103757,1.0605674,34
2026-08-14,Friday,linea a,agrícola oriental,11767.998465609802,9364.853376929279,14130.11855594486,0.013136623,0.4629106,1.060462,55
2026-08-12,Wednesday,linea b,bosque de aragón,5566.889425728618,4239.824687844752,7009.355717404726,0.016082345,0.56671244,1.060216,36
2026-08-01,Saturday,linea 8,constitución de 1917,76229.67664859263,56553.137683264016,93391.96322275988,0.014589843,0.5141194,1.0598966,90
2026-08-15,Saturday,linea 4,martín carrera,19509.96192898651,15111.227481314756,23717.716918144808,0.014589192,0.51409644,1.0598494,49
2026-08-17,Monday,linea 3,coyoacán,26727.841068068396,21567.481365139924,31766.686193828795,0.01646433,0.5801729,1.0597879,48
2026-08-29,Saturday,linea 3,copilco,32437.3261188514,20630.035989417986,46046.06078652292,0.014586643,0.5140066,1.0596641,74
2026-08-01,Saturday,linea 12,zapata,10729.83494329139,9034.897037683915,12426.128899345827,0.014586327,0.51399547,1.0596411,91
2026-08-04,Tuesday,linea a,los reyes,19181.11280269603,15553.248747339974,22938.649470849363,0.01729246,0.6093547,1.0587933,36
2026-08-01,Saturday,linea 4,canal del norte,5625.675742165834,3934.7328136438123,7109.641636504129,0.014570003,0.5134203,1.0584553,92
2026-08-22,Saturday,linea 2,portales,15109.633831315206,11599.644830526582,18443.667222471744,0.0145683875,0.51336336,1.0583379,22
2026-08-15,Saturday,linea 3,la raza,22710.005325002618,17423.237980151578,27969.31235630518,0.014565717,0.51326925,1.058144,50
2026-08-28,Friday,linea 8,obrera,11539.013339907491,9541.247781680462,13632.621858280112,0.013107491,0.461884,1.0581102,79
2026-08-26,Wednesday,linea 3,coyoacán,28995.195126060582,23629.16632968847,33861.04071813386,0.016050287,0.56558275,1.0581025,67
2026-08-26,Wednesday,linea b,tepito,19006.128868029722,14423.32213247084,23916.588821434816,0.016047606,0.5654883,1.0579258,68
2026-08-16,Sunday,linea b,oceanía,3616.3658188296295,1673.412380535391,5395.776182109862,0.017263079,0.60831934,1.0568936,43
2026-08-20,Thursday,linea 8,bellas artes,17002.337119117044,11991.251110493033,21904.585761014045,0.01386818,0.4886893,1.056555,29
2026-08-15,Saturday,linea 8,salto del agua,15789.247573423498,11131.827182081282,20198.192610702456,0.014539351,0.5123401,1.0562285,51
2026-08-25,Tuesday,linea a,canal de san juan,12362.768798169318,10269.1128795573,14562.043246768024,0.017229814,0.60714716,1.0549575,50
2026-08-18,Tuesday,linea 8,iztapalapa,9848.4708306089,7346.111312767689,12300.770632021984,0.017227957,0.6070817,1.0548438,35
2026-08-29,Saturday,linea b,san lázaro,15422.46131829786,11163.819336224666,19217.27521631525,0.014519018,0.5116236,1.0547515,75
2026-08-25,Tuesday,linea 8,coyuya,28146.095675131644,22952.738590056735,33100.54495634156,0.017226093,0.607016,1.0547296,51
2026-08-26,Wednesday,linea 2,revolución,26247.324775078883,19949.36576266086,32731.59647490351,0.015997786,0.56373274,1.0546415,69
2026-08-26,Wednesday,linea 12,parque de los venados,11784.517729006748,10033.694845799992,13686.956386255399,0.015992831,0.56355816,1.0543149,70
2026-08-06,Thursday,linea 8,apatlaco,10555.891792213743,8260.432228931206,12671.054571114351,0.013822455,0.48707804,1.0530715,23
2026-08-27,Thursday,linea 7,aquiles serdán,13830.837661562395,11150.329113142781,16657.694588413262,0.0138213765,0.48704004,1.0529892,82
2026-08-13,Thursday,linea 8,apatlaco,10985.14800289967,8721.627175077692,13222.332221880906,0.013820266,0.4870009,1.0529047,48
2026-08-13,Thursday,linea 12,parque de los venados,11425.31017641758,9674.737856641277,13194.189876101165,0.013809249,0.48661268,1.0520654,49
2026-08-03,Monday,linea 4,martín carrera,21856.876882601253,17547.880754644357,26429.10998286859,0.016335538,0.5756345,1.0514977,50
2026-08-25,Tuesday,linea a,acatitla,15968.51351819809,13147.727032116785,18951.639524516257,0.017169554,0.6050237,1.0512679,52
2026-08-23,Sunday,linea 1,isabel la católica,11743.96122962614,7727.506450019871,16218.140518821858,0.017168589,0.6049897,1.0511087,26
2026-08-11,Tuesday,linea 4,martín carrera,22833.15778767009,18385.95104425298,27125.356137196657,0.017148774,0.60429144,1.0499955,70
2026-08-27,Thursday,linea 3,guerrero,7928.6403935235885,6660.14948853781,9358.097314540304,0.013779719,0.4855721,1.0498157,83
2026-08-29,Saturday,linea 1,observatorio,35959.76192126867,27214.11557583465,44373.90518375889,0.014450337,0.50920343,1.049762,76
2026-08-08,Saturday,linea 1,pino suárez,38822.36171759389,29468.19702751559,48681.6487313104,0.014439735,0.50882983,1.0489918,24
2026-08-04,Tuesday,linea 8,apatlaco,10411.952946398425,8143.006816556241,12782.397454336358,0.017129665,0.6036181,1.0488255,37
2026-08-23,Sunday,linea 2,chabacano,14130.607223621751,8390.746104456619,19921.863175507395,0.017126126,0.6034934,1.048509,27
2026-08-11,Tuesday,linea 9,pantitlán,49277.37167436596,41270.453086634596,57592.0372263535,0.017124495,0.6034359,1.0485089,71
2026-08-05,Wednesday,linea 2,villa de cortés,16577.688426259265,12851.916436889178,20187.808979790374,0.015896669,0.5601695,1.0479754,40
2026-08-21,Friday,linea 2,nativitas,18040.785558385316,14538.350283403994,21623.646693707044,0.012976254,0.45725948,1.0475161,23
2026-08-19,Wednesday,linea b,olímpica,15971.227660080272,13508.779066564392,18536.227884821026,0.015880937,0.5596152,1.0469383,36
2026-08-17,Monday,linea 8,san juan de letrán,22148.738537694888,16281.722117482526,27812.795383099936,0.016253328,0.5727376,1.046206,49
2026-08-03,Monday,linea 7,aquiles serdán,12343.232542417043,9712.244201621874,15416.190432896168,0.01624842,0.5725646,1.0458901,51
2026-08-11,Tuesday,linea 2,general anaya,18182.909812550202,13523.9011510346,23338.866110049155,0.017079001,0.60183275,1.0457234,72
2026-08-17,Monday,linea 1,merced,32274.700260939106,25651.279475790485,38975.618323710274,0.016245088,0.5724472,1.0456755,50
2026-08-25,Tuesday,linea 6,deportivo 18 de marzo,1470.0492536451225,1084.7631946672695,1851.6573627037233,0.017076382,0.6017405,1.0455631,53
2026-08-05,Wednesday,linea 2,viaducto,14768.342989021241,11695.634843832087,17896.711048647623,0.015857643,0.5587943,1.0454026,41
2026-08-14,Friday,linea 3,guerrero,7736.493193506478,6423.171478782218,8943.146033728064,0.012944985,0.4561576,1.0449919,56
2026-08-10,Monday,linea 9,puebla,28767.251193455784,20555.812565730725,36217.58101322311,0.0162308,0.5719437,1.0447558,56
2026-08-12,Wednesday,linea 8,iztapalapa,9860.233286653125,7140.597789190869,12487.709669882996,0.015847815,0.558448,1.0447547,37
2026-08-16,Sunday,linea 1,insurgentes,24062.89576011309,13036.272509793176,34173.6041254148,0.01705729,0.6010677,1.0442947,44
2026-08-17,Monday,linea 9,puebla,28895.56486025793,21393.0474009942,36330.05922432013,0.016207889,0.57113636,1.0432811,51
2026-08-03,Monday,linea 1,cuauhtémoc,14875.169354880549,11110.098991381588,18610.00481721929,0.016206998,0.571105,1.0432239,52
2026-08-11,Tuesday,linea 2,san antonio abad,15739.087065850632,11727.105283056664,19953.213611773037,0.017018303,0.5996939,1.042007,73
2026-08-25,Tuesday,linea b,río de los remedios,15963.708666636921,12525.667051892757,19720.734147649535,0.017013868,0.5995376,1.0417354,54
2026-08-11,Tuesday,linea 4,morelos,6496.9905044892785,5372.948674793975,7685.1652791442675,0.017007299,0.5993061,1.0413332,74
2026-08-25,Tuesday,linea 8,iztapalapa,9997.274267227975,7491.3650320371125,12652.467790627596,0.017005712,0.5992502,1.041236,55
2026-08-12,Wednesday,linea 6,instituto del petróleo,3041.925718056774,2315.905157982065,3739.964127979016,0.015788725,0.5563658,1.0408592,38
2026-08-18,Tuesday,linea a,los reyes,20951.24776114521,17113.51105799929,24585.662117479344,0.01699384,0.59883183,1.0405091,36
2026-08-16,Sunday,linea 1,boulevard puerto aéreo,13059.69486968426,10480.273683006963,15560.595857566814,0.016994985,0.5988722,1.0404801,45
2026-08-30,Sunday,linea 2,nativitas,8865.957088329338,5353.2754579398015,12314.660526960302,0.01699145,0.5987476,1.0402637,73
2026-08-27,Thursday,linea 8,uam-i,24067.835385994495,19349.00264740618,28903.7538625521,0.013654337,0.48115388,1.0402633,84
2026-08-24,Monday,linea 2,pino suárez,36527.78322128042,25330.999100361412,46760.975500154826,0.016159346,0.5694258,1.0401565,26
2026-08-02,Sunday,linea 2,normal,2808.5948604936057,0.0,11319.016506143851,0.016988464,0.5986424,1.0400809,87
2026-08-13,Thursday,linea a,canal de san juan,11773.324351684105,9511.784370992855,13983.23185510426,0.013649264,0.48097512,1.0398768,50
2026-08-26,Wednesday,linea 1,isabel la católica,19726.844230537794,15474.782591110308,23761.23114916146,0.01575487,0.5551728,1.0386274,71
2026-08-10,Monday,linea 8,bellas artes,15483.833961840997,10230.414175870861,21083.22073030496,0.016133977,0.5685319,1.0385236,57
2026-08-25,Tuesday,linea b,lagunilla,13512.341696288448,8504.908975189257,18553.221569593537,0.016944967,0.5971097,1.0375167,56
2026-08-22,Saturday,linea 1,boulevard puerto aéreo,16753.059183427686,14461.487141360694,19240.744086508836,0.014278974,0.50316495,1.0373132,23
2026-08-28,Friday,linea 12,lomas estrella,10241.997849618778,8842.10415989567,11467.910625778419,0.012848903,0.45277187,1.0372356,80
2026-08-30,Sunday,linea 3,juárez,5574.540045012019,1349.5957487157682,9471.58147628902,0.016941823,0.5969989,1.0372255,74
2026-08-25,Tuesday,linea 8,salto del agua,17149.42573673522,12759.933544469362,21695.217817932116,0.016939385,0.5969129,1.0371749,57
2026-08-03,Monday,linea 2,pino suárez,32735.049480494796,22223.49905220957,43130.68219498963,0.016112577,0.56777775,1.037146,53
2026-08-28,Friday,linea b,tepito,19612.75148720406,14704.587522909142,24197.37045037631,0.012847289,0.45271498,1.0371053,81
2026-08-02,Sunday,linea 2,xola,8242.645062989162,3779.5523258994226,12503.94555031494,0.016939105,0.5969031,1.0370591,88
2026-08-15,Saturday,linea b,san lázaro,15075.422385608788,11129.898002601705,18956.241214073423,0.014273801,0.5029826,1.0369374,52
2026-08-02,Sunday,linea b,morelos,2918.955451278547,1935.7753104633455,3934.072311291478,0.016929122,0.5965513,1.0364479,89
2026-08-29,Saturday,linea 8,escuadrón 201,16937.111148132994,12912.158906847302,21025.900565450775,0.014255932,0.50235295,1.0356393,77
2026-08-10,Monday,linea 3,centro médico,16095.018291431788,13231.464698438778,18874.757871167192,0.016081523,0.5666835,1.0351471,58
2026-08-13,Thursday,linea 3,potrero,13337.212746978415,10978.853454145661,15506.146280817124,0.013580617,0.4785561,1.0346469,51
2026-08-05,Wednesday,linea a,acatitla,18561.29199567408,15822.297895885733,21511.234684335734,0.015694447,0.5530436,1.0346441,42
2026-08-07,Friday,linea 6,instituto del petróleo,2799.9894959515036,2118.410453491726,3513.5742455024497,0.012812236,0.4514798,1.0342757,24
2026-08-09,Sunday,linea 8,obrera,5238.960358673471,3123.733224288678,7444.146520295003,0.016883628,0.5949482,1.0336626,24
2026-08-17,Monday,linea 7,aquiles serdán,13222.456759908968,10541.51463836664,15983.075159515898,0.016055778,0.5657762,1.03349,52
2026-08-16,Sunday,linea 4,canal del norte,3570.5485287497904,1994.8888792593345,5063.731223771601,0.016880171,0.59482634,1.033451,46
2026-08-15,Saturday,linea b,olímpica,13027.648446348117,10563.512567028247,15659.626559837328,0.014225314,0.50127405,1.033415,53
2026-08-14,Friday,linea 1,candelaria,18689.306264547253,15369.576226032157,21915.485778286235,0.012800199,0.45105562,1.033304,57
2026-08-11,Tuesday,linea b,nezahualcóyotl,20678.713485589014,16136.78764252189,25577.660902017207,0.016869405,0.594447,1.0328902,75
2026-08-27,Thursday,linea 3,la raza,31950.010477466152,25986.663450280983,37589.59815118766,0.0135515,0.47753006,1.0324286,85
2026-08-22,Saturday,linea 3,hidalgo,20199.102616427586,15966.831933532674,24312.111026713166,0.014200955,0.5004157,1.0316454,24
2026-08-14,Friday,linea 8,apatlaco,11317.492421295858,9055.711591881318,13587.027975101426,0.012777623,0.45026007,1.0314815,58
2026-08-16,Sunday,linea 1,pantitlán,22560.36765125324,16154.531064130515,28706.613005694187,0.016831012,0.5930941,1.0304413,47
2026-08-29,Saturday,linea 4,candelaria,10491.845478116147,7246.906252030703,13614.858636894453,0.014167344,0.4992313,1.0292037,78
2026-08-16,Sunday,linea 2,chabacano,13789.423330188034,8385.106331526486,19675.017550143646,0.01680906,0.5923205,1.0290973,48
2026-08-16,Sunday,linea 6,martín carrera,7427.006080561328,2354.4505445201316,12149.935731947147,0.016804159,0.5921478,1.0287973,49
2026-08-26,Wednesday,linea 8,uam-i,24457.821889565217,19763.255994305404,29230.408854981615,0.015588095,0.54929596,1.027633,72
2026-08-24,Monday,linea 6,lindavista,16972.325893727666,12181.786965234201,21868.97988837287,0.015964642,0.5625648,1.0276237,27
2026-08-30,Sunday,linea 9,pantitlán,24993.68413524125,16960.354058052406,33212.54300067055,0.016769081,0.59091175,1.0266497,75
2026-08-29,Saturday,linea 8,salto del agua,16280.587324586679,11629.722306680182,20831.782382192236,0.0141315125,0.49796864,1.0266006,79
2026-08-07,Friday,linea a,acatitla,14995.947884622436,12246.54689498868,17912.897592495694,0.012717031,0.44812492,1.0265901,25
2026-08-27,Thursday,linea 12,lomas estrella,10008.95327409473,8708.939172487075,11278.73752671709,0.013470049,0.4746599,1.0262232,86
2026-08-17,Monday,linea 1,chapultepec,40552.18747964003,31398.61134813831,49751.05288969345,0.015942296,0.56177735,1.0261853,53
2026-08-22,Saturday,linea 1,moctezuma,16199.028540404759,13204.772978355024,19226.004149563654,0.0141247045,0.49772877,1.0261061,25
2026-08-26,Wednesday,linea b,ciudad azteca,47770.51465000492,39021.722162143065,56748.75422440652,0.015561682,0.54836524,1.0258917,73
2026-08-16,Sunday,linea 2,villa de cortés,7959.849398440635,4159.058442616026,11561.143610961077,0.016756555,0.5904704,1.0258828,50
2026-08-05,Wednesday,linea 7,san joaquín,29302.623078603287,22748.87960556348,36025.93893269215,0.015551084,0.54799175,1.025193,43
2026-08-16,Sunday,linea b,guerrero,4048.578413913995,2810.62067112058,5374.827923081433,0.016743965,0.59002674,1.025112,51
2026-08-29,Saturday,linea 9,mixiuhca,16303.079401874254,12255.83460096192,20631.58833920767,0.014109753,0.4972019,1.0250199,80
2026-08-02,Sunday,linea 7,tacubaya,2999.8735936378184,1677.95267076728,4354.177896983969,0.016740322,0.58989835,1.024889,90
2026-08-09,Sunday,linea 3,hidalgo,14870.607665577121,10297.19661989432,19039.65238086001,0.01672977,0.58952653,1.024243,25
2026-08-01,Saturday,linea b,romero rubio,13034.018558909995,10858.001670685704,15144.742049353368,0.014098527,0.4968063,1.0242044,93
2026-08-11,Tuesday,linea 1,sevilla,27169.664396945278,21760.60863012594,32780.42414722421,0.016716903,0.5890731,1.0235527,76
2026-08-11,Tuesday,linea 8,salto del agua,16132.890386807272,11536.67766177286,20409.4468230831,0.016716175,0.58904743,1.0235081,77
2026-08-07,Friday,linea 1,pino suárez,32790.53889384129,23164.637483570223,42340.63421105764,0.012678534,0.44676834,1.0234824,26
2026-08-21,Friday,linea 8,garibaldi/lagunilla,14353.547279852795,10779.155218690568,17525.739642404915,0.012677466,0.4467307,1.0233963,24
2026-08-13,Thursday,linea 9,mixiuhca,23321.86610210168,18860.758771950663,27514.21414214772,0.013427616,0.47316465,1.0229905,52
2026-08-13,Thursday,linea b,lagunilla,17652.73792952478,12675.6625827888,22663.302423534926,0.013426998,0.47314283,1.0229434,53
2026-08-17,Monday,linea 8,salto del agua,16332.356610656603,11881.314501818282,21023.714248255765,0.015889345,0.55991143,1.0227768,54
2026-08-19,Wednesday,linea b,ricardo flores magón,5439.131393325256,4438.156109951743,6532.263761519812,0.015509137,0.5465136,1.0224277,37
2026-08-20,Thursday,linea b,bosque de aragón,5688.104053015575,4305.041330687282,7102.994284755008,0.013417229,0.47279862,1.0221992,30
2026-08-24,Monday,linea 2,nativitas,17049.304218533798,13553.645540559573,20390.888553298064,0.015879543,0.5595661,1.022146,28
2026-08-12,Wednesday,linea 8,san juan de letrán,23182.194402647066,17219.80535984736,29259.586480350932,0.015504747,0.54635894,1.0221382,39
2026-08-06,Thursday,linea 1,cuauhtémoc,16138.178676554928,12219.965470612406,19937.15981616717,0.013416043,0.4727568,1.0221087,24
2026-08-19,Wednesday,linea 6,instituto del petróleo,3171.0005861844234,2502.9443672450398,3886.200752295924,0.015502258,0.5462712,1.0219742,38
2026-08-08,Saturday,linea 8,apatlaco,9291.287363543372,7315.379229654048,11653.607837319856,0.014063892,0.49558583,1.0216882,25
2026-08-05,Wednesday,linea 3,potrero,12704.329334669748,10196.359925657871,14903.835921777894,0.0154899275,0.54583675,1.0211613,44
2026-08-11,Tuesday,linea 3,la raza,29516.44335002063,23865.6629693448,34971.00392279084,0.016666463,0.58729565,1.0204643,78
2026-08-09,Sunday,linea 5,terminal aérea,11609.900607525273,8508.975498491578,14538.867452732367,0.016665978,0.5872786,1.0203375,26
2026-08-29,Saturday,linea 4,martín carrera,20513.7607244011,15894.526598866207,24669.546868809728,0.014043263,0.49485892,1.0201896,81
2026-08-15,Saturday,linea 3,miguel ángel de quevedo,27344.96141305208,20655.220238100268,33941.28653131001,0.0140407225,0.4947694,1.0200051,54
2026-08-14,Friday,linea b,olímpica,15857.91946028068,13257.113415131076,18355.414391627633,0.012634089,0.4452022,1.0198946,59
2026-08-06,Thursday,linea 3,eugenia,12865.886271070936,10027.895560046622,15625.533402436839,0.01338322,0.4716002,1.0196081,25
2026-08-13,Thursday,linea 9,puebla,29481.148716427844,21682.899021707908,37095.46754496241,0.013381041,0.4715234,1.0194421,54
2026-08-15,Saturday,linea 12,parque de los venados,7384.210592824743,5657.276362175255,9057.530484139521,0.014025509,0.4942333,1.0188999,55
2026-08-17,Monday,linea 8,bellas artes,15857.68874772276,10421.19434050322,20958.87399857899,0.015828557,0.5577694,1.018864,55
2026-08-14,Friday,linea 9,puebla,30358.34247056282,22593.176373243623,37838.392974012466,0.012621175,0.44474712,1.0188521,60
2026-08-26,Wednesday,linea 12,zapata,13901.12437202734,12311.680704193963,15605.837067999317,0.015451159,0.5444706,1.0186056,74
2026-08-19,Wednesday,linea a,los reyes,21853.030861191437,17939.352606685166,25645.938318704513,0.015443891,0.5442145,1.0181264,39
2026-08-23,Sunday,linea 8,apatlaco,8521.561363467237,6208.192233673144,10862.385334433193,0.016629796,0.5860036,1.0181223,28
2026-08-25,Tuesday,linea b,ecatepec,24741.768928656533,19511.61612920058,29383.159923748153,0.016617099,0.58555615,1.0174417,58
2026-08-14,Friday,linea b,san lázaro,16570.699448284864,12469.10280237101,20556.164605129714,0.012596224,0.44386792,1.016838,61
2026-08-27,Thursday,linea 7,san joaquín,30383.208659362987,23292.143163681645,37048.09921885948,0.013343875,0.47021377,1.0166106,87
2026-08-18,Tuesday,linea 6,deportivo 18 de marzo,1429.383650954972,1051.2774240808258,1854.3631942284762,0.016599264,0.58492774,1.0163498,37
2026-08-03,Monday,linea b,olímpica,14824.089064933636,12201.033759287584,17441.546609027355,0.015783984,0.5561987,1.0159949,54
2026-08-02,Sunday,linea a,canal de san juan,7870.095861684786,5551.548351581926,10088.623458746064,0.016588915,0.584563,1.0156194,91
2026-08-29,Saturday,linea 9,lázaro cárdenas,11293.33519057951,9311.867446353292,13240.391399232143,0.013969313,0.49225307,1.0148175,82
2026-08-26,Wednesday,linea 7,san joaquín,30751.803275137696,23715.377732799127,37522.50079931608,0.015387448,0.54222554,1.0144054,75
2026-08-08,Saturday,linea 1,moctezuma,15853.164081570772,12859.547023370402,19264.157626243636,0.013960829,0.4919541,1.0142012,26
2026-08-26,Wednesday,linea 9,mixiuhca,23605.57721177336,19344.365588378667,28177.60646259978,0.015383092,0.542072,1.0141182,76
2026-08-18,Tuesday,linea 8,san juan de letrán,22764.39364304871,17092.18075289593,28932.521046310125,0.016557416,0.58345306,1.0137875,38
2026-08-30,Sunday,linea 1,chapultepec,31275.346740816083,22868.75359493481,39555.40831818616,0.016558131,0.5834783,1.0137348,76
2026-08-27,Thursday,linea 9,pantitlán,51315.98281310216,43791.78828153522,59659.997625792996,0.013303748,0.46879977,1.0135535,88
2026-08-26,Wednesday,linea 8,cerro de la estrella,11357.262164848193,9491.09851486428,13189.358682312588,0.015360695,0.54128283,1.0126418,77
2026-08-30,Sunday,linea 6,instituto del petróleo,1073.9034806845568,340.2281395422886,1786.8531197461507,0.016539691,0.58282846,1.0126058,77
2026-08-12,Wednesday,linea 7,tacuba,8442.227182284001,6917.831558169015,9799.720945797346,0.015352939,0.5410095,1.0121305,40
2026-08-30,Sunday,linea 9,centro médico,8381.333331077676,5820.794406769349,10707.069662488904,0.01652989,0.5824831,1.0120057,78
2026-08-01,Saturday,linea 5,instituto del petróleo,3138.3185246148496,1806.6441749580197,4461.9012886060345,0.0139174415,0.4904252,1.0110492,94
2026-08-03,Monday,linea 7,san joaquín,27426.3923777077,20343.86340226682,34038.44029719772,0.01570623,0.5534588,1.01099,55
2026-08-30,Sunday,linea 8,santa anita,2212.8488441394957,1355.4668458857218,3031.609367300964,0.016511729,0.58184314,1.010894,79
2026-08-15,Saturday,linea 12,zapata,11099.205866691862,9396.564812463848,12780.211997181492,0.013910343,0.49017504,1.0105336,56
2026-08-05,Wednesday,linea 12,parque de los venados,11178.748893711616,9358.148406065186,12941.515254558892,0.015326873,0.540091,1.0104121,45
2026-08-18,Tuesday,linea 4,talismán,3544.940805794662,2871.9929640287914,4276.1239999390245,0.01650083,0.5814591,1.0103228,39
2026-08-13,Thursday,linea 3,hospital general,19453.896604311154,15562.981561557423,23367.410781962804,0.013257266,0.4671618,1.0100123,55
2026-08-19,Wednesday,linea 2,villa de cortés,17200.93625293848,13537.7329211808,20730.568806342697,0.015318175,0.5397845,1.0098386,40
2026-08-14,Friday,linea 9,mixiuhca,22640.363525466844,18209.457318608398,27083.69502776219,0.012506544,0.4407077,1.0095984,62
2026-08-15,Saturday,linea a,agrícola oriental,9977.371016281659,7385.3704671899895,12557.483077253728,0.01389623,0.48967773,1.0095083,57
2026-08-28,Friday,linea 3,miguel ángel de quevedo,35456.65758999888,29073.325276252486,42002.292282718474,0.0125042815,0.44062802,1.0094159,82
2026-08-01,Saturday,linea 1,chapultepec,35730.53684968403,26600.76556476909,45363.543193002784,0.013892225,0.4895366,1.0092174,95
2026-08-13,Thursday,linea 12,insurgentes sur,39028.98004150655,33405.2491211525,44962.57766731927,0.013245444,0.46674523,1.0091115,56
2026-08-14,Friday,linea 2,viaducto,15133.599835518275,11908.222560592192,18368.36878471097,0.01249953,0.44046056,1.0090322,63
2026-08-13,Thursday,linea 3,centro médico,17141.98117253022,14343.982884431607,19987.014144036162,0.013243319,0.46667033,1.0089496,57
2026-08-08,Saturday,linea b,bosque de aragón,5771.589845666347,4504.231917455348,7075.0583475726835,0.013879263,0.48907983,1.0082756,27
2026-08-28,Friday,linea 1,observatorio,38913.23208921405,30880.38818055458,49079.24534541662,0.012489887,0.4401208,1.0082538,83
2026-08-12,Wednesday,linea 12,zapata,13526.47477826278,11922.249139557163,15034.518933497555,0.015287607,0.5387073,1.0078235,41
2026-08-01,Saturday,linea 6,vallejo,5261.952184288337,3828.0270784438985,6871.814273106079,0.013866583,0.48863304,1.0073545,96
2026-08-25,Tuesday,linea 8,bellas artes,16088.156913839266,10777.689585900549,21592.15529693416,0.016446333,0.5795387,1.006986,59
2026-08-20,Thursday,linea 1,salto del agua,17324.538013072364,14371.752008925598,20079.554696070387,0.013216558,0.46572733,1.0069108,31
2026-08-29,Saturday,linea 2,viaducto,12217.623074384912,9231.901897058498,15259.737146246116,0.013853723,0.48817986,1.0064204,83
2026-08-01,Saturday,linea 8,obrera,9483.708489737804,7517.181149615492,11538.756714652505,0.013848044,0.48797974,1.0060078,97
2026-08-01,Saturday,linea 9,pantitlán,38905.69973856852,30981.037136362687,46964.65292474658,0.013839777,0.48768842,1.0054071,98
2026-08-23,Sunday,linea 8,obrera,5415.636573375652,3461.1819260587126,7458.939476181947,0.016421191,0.57865274,1.005351,29
2026-08-05,Wednesday,linea 4,morelos,6375.910770035592,5321.387279906357,7469.785419650804,0.015246394,0.53725505,1.0051066,46
2026-08-16,Sunday,linea a,los reyes,14311.844078455262,10749.5670457634,18362.70894172863,0.016412614,0.5783505,1.0048258,52
2026-08-15,Saturday,linea 3,potrero,11049.614391111862,8667.755445721137,13334.848313119326,0.013820532,0.48701027,1.0040091,58
2026-08-25,Tuesday,linea 12,lomas estrella,9968.41235239457,8792.642560422231,11198.177027770595,0.01639701,0.5778007,1.0039661,60
2026-08-21,Friday,linea a,acatitla,16157.432599387334,13384.421036478596,18964.256453192556,0.012429994,0.43801025,1.0034189,25
2026-08-15,Saturday,linea 8,apatlaco,9827.24138822156,7440.636523404406,12054.314592258866,0.013811456,0.48669046,1.0033498,59
2026-08-05,Wednesday,linea 3,coyoacán,27992.08043112088,22944.943117666946,33381.41040858988,0.015213233,0.5360865,1.0029205,47
2026-08-01,Saturday,linea 4,jamaica,5649.205147188005,4427.461258870328,6927.48260471092,0.013800684,0.48631087,1.0025673,99
2026-08-14,Friday,linea b,nezahualcóyotl,21678.004947080983,17323.0544253037,26336.598194656483,0.012413902,0.43744323,1.0021199,64
2026-08-14,Friday,linea 8,cerro de la estrella,10999.372102311358,8952.146293227828,12780.313532850027,0.012413861,0.43744177,1.0021166,65
2026-08-27,Thursday,linea a,agrícola oriental,11862.426107216934,9487.275645751397,14280.412330745785,0.013141162,0.4630705,1.0011667,89
2026-08-20,Thursday,linea 1,chapultepec,44450.81616955281,35404.22377194991,53928.11599679103,0.013138121,0.46296337,1.0009351,32
2026-08-27,Thursday,linea 4,morelos,6626.921673802295,5498.497926213231,7700.632829585567,0.013130876,0.46270806,1.0003831,90
2026-08-28,Friday,linea a,agrícola oriental,12195.932298143709,9727.829622475216,14569.552969113278,0.012388853,0.43656054,1.0000979,84
2026-08-06,Thursday,linea 3,guerrero,7353.3604440267045,6084.952191318559,8653.729074835259,0.013125699,0.46252564,0.99998873,26
2026-08-29,Saturday,linea a,guelatao,18968.05217702432,13984.083157530418,23583.60400974589,0.013765185,0.48505995,0.9999884,84
2026-08-05,Wednesday,linea 8,san juan de letrán,22408.52164017979,16398.85386850042,28143.493870796847,0.01515942,0.53419024,0.99937284,48
2026-08-28,Friday,linea 12,insurgentes sur,38744.71222134532,33238.43167572982,44888.422554550954,0.012376678,0.4361315,0.999115,85
2026-08-03,Monday,linea b,deportivo oceanía,9688.618087889261,6321.979219933556,13107.431492695914,0.0155174825,0.5468077,0.9988406,56
2026-08-11,Tuesday,linea 2,tacuba,30454.460434333738,25177.510845679026,36058.07912000853,0.01630504,0.5745598,0.9983349,79
2026-08-10,Monday,linea a,canal de san juan,11080.340077907938,8948.171731417913,13553.705730519929,0.0155091155,0.54651284,0.998302,59
2026-08-14,Friday,linea 4,morelos,6668.369998800471,5632.739781829969,7786.005614796661,0.012363645,0.43567225,0.99806285,66
2026-08-20,Thursday,linea a,los reyes,21457.926162153464,17644.126665691645,25268.17850487306,0.013099838,0.46161434,0.9980185,33
2026-08-26,Wednesday,linea 1,observatorio,36208.33578205189,27877.7014686731,45462.256583575516,0.015138042,0.5334369,0.99796355,78
2026-08-02,Sunday,linea 7,aquiles serdán,5536.538047835741,2627.044902122831,8414.654376625134,0.016294826,0.57419986,0.9976145,92
2026-08-07,Friday,linea b,plaza aragón,17441.55364832822,14675.43032169655,20136.63467249488,0.012353228,0.43530518,0.99722195,27
2026-08-03,Monday,linea 1,pantitlán,36333.003492395896,30209.1464676853,42983.95924503567,0.01548845,0.54578465,0.9969718,57
2026-08-30,Sunday,linea b,tepito,14345.371154568633,9465.963427285336,19288.79327278891,0.016275674,0.573525,0.99644196,80
2026-08-29,Saturday,linea 8,la viga,6574.116404159435,5472.750664261306,7665.796252951589,0.013714236,0.4832646,0.9962871,85
2026-08-17,Monday,linea a,canal de san juan,11510.747613207202,9376.040055981004,13741.416585055504,0.015467278,0.5450386,0.9956089,56
2026-08-03,Monday,linea b,guerrero,5607.481147035655,4313.473382515961,6798.473224746211,0.015457703,0.54470116,0.9949926,58
2026-08-28,Friday,linea 9,mixiuhca,23332.461592838306,18825.52865327238,27732.8734863518,0.012323151,0.43424532,0.99479395,86
2026-08-05,Wednesday,linea 2,pino suárez,33314.51459095072,22761.447017368275,42680.3170530118,0.015087692,0.5316627,0.9946442,49
2026-08-04,Tuesday,linea 3,potrero,12605.692460049733,10245.358137187854,14762.305471705691,0.016241759,0.5723299,0.9944603,38
2026-08-28,Friday,linea 8,la viga,7206.101548853278,6062.871392258448,8318.89190373392,0.012318932,0.43409666,0.99445343,87
2026-08-01,Saturday,linea 1,merced,43064.20817670459,35894.429000199554,50078.43898035565,0.013681015,0.48209396,0.9938737,100
2026-08-06,Thursday,linea b,plaza aragón,17107.537742440505,14447.260051956939,20144.221406594523,0.01304155,0.4595604,0.9935778,27
2026-08-15,Saturday,linea a,canal de san juan,11579.526402788912,9444.146903321416,13879.713608673559,0.013675392,0.4818958,0.9934652,60
2026-08-08,Saturday,linea b,plaza aragón,14357.505787563221,11777.673052880398,16927.783620474824,0.013675211,0.48188943,0.9934521,28
2026-08-03,Monday,linea 8,san juan de letrán,20864.73559065789,14483.452234008522,26374.347329353437,0.015429629,0.5437119,0.9931855,59
2026-08-02,Sunday,linea 3,centro médico,9031.00399666567,6168.795529403865,11994.794482574058,0.016221132,0.57160306,0.9931027,93
2026-08-19,Wednesday,linea 3,potrero,13768.774322674008,11532.602522850335,16072.364390482822,0.015050585,0.5303551,0.992198,41
2026-08-15,Saturday,linea 6,martín carrera,13852.045692248359,8828.68248607488,18858.987250811915,0.013652045,0.4810731,0.9917692,61
2026-08-11,Tuesday,linea 8,escuadrón 201,19753.67199497568,15773.475465679629,23401.53840668623,0.01619016,0.57051164,0.99130094,80
2026-08-30,Sunday,linea 2,cuitláhuac,5684.2872204773885,2552.4238825679854,8862.634586246093,0.01619107,0.5705437,0.9912623,81
2026-08-17,Monday,linea 3,eugenia,13096.600051249665,10648.443240262295,15937.268090061521,0.015394608,0.54247785,0.9909312,57
2026-08-30,Sunday,linea b,san lázaro,12682.35326288528,8800.649820780955,16880.089561649453,0.016183272,0.5702689,0.9907848,82
2026-08-30,Sunday,linea 1,zaragoza,15574.819836737135,11099.892128288493,20450.378455723676,0.016181754,0.5702154,0.9906919,83
2026-08-13,Thursday,linea 1,candelaria,17518.053134725214,14108.687331675095,20714.48098983702,0.012993171,0.45785558,0.989892,58
2026-08-18,Tuesday,linea 7,tacuba,8687.115074074214,7294.543905485133,10169.083333709299,0.01616626,0.5696695,0.9898376,40
2026-08-28,Friday,linea 9,pantitlán,52610.788049403185,44675.810767669165,60337.179380734604,0.012260108,0.4320238,0.9897048,88
2026-08-18,Tuesday,linea b,bosque de aragón,5593.234839573449,4235.312599375697,7049.267037591337,0.01616109,0.5694873,0.989521,41
2026-08-12,Wednesday,linea 1,isabel la católica,18751.380018769145,14437.012358949012,23286.128913243156,0.0150069855,0.5288187,0.98932374,42
2026-08-13,Thursday,linea a,agrícola oriental,11397.27528380228,8875.61233677236,13776.160121499779,0.012985175,0.4575738,0.9892828,59
2026-08-20,Thursday,linea 1,isabel la católica,19748.01092334958,15509.80693148819,24033.649188721145,0.012978654,0.45734406,0.98878604,34
2026-08-29,Saturday,linea b,tepito,23391.494547495102,18888.898415453867,28661.314454197807,0.013608777,0.47954842,0.9886259,86
2026-08-10,Monday,linea 2,tacuba,29454.936814944893,23764.729629509136,34147.931365670476,0.015346344,0.5407771,0.98782456,60
2026-08-26,Wednesday,linea 6,instituto del petróleo,3293.1734235603444,2621.580638829261,4028.5195152954384,0.014976785,0.5277545,0.98733276,79
2026-08-17,Monday,linea b,olímpica,15618.896263546007,13034.34096016655,18356.980394999035,0.015335928,0.54041004,0.98715407,58
2026-08-19,Wednesday,linea b,guerrero,6251.0491690190665,4926.793406802733,7619.627886867251,0.014967607,0.52743113,0.9867278,42
2026-08-14,Friday,linea 8,aculco,8854.88641132892,7409.7876444224,10279.240462930667,0.012220185,0.43061697,0.98648196,67
2026-08-02,Sunday,linea b,lagunilla,14233.863046350378,9327.50142478404,18829.601797938954,0.016110528,0.5677056,0.9863313,94
2026-08-15,Saturday,linea 4,morelos,6799.441094382143,5716.673873998801,7868.41128601636,0.0135764275,0.4784085,0.98627585,62
2026-08-28,Friday,linea 8,iztacalco,17188.908666192045,12954.366516235747,21789.817480365502,0.01221083,0.43028733,0.9857268,89
2026-08-16,Sunday,linea 2,san cosme,7565.529053244523,3281.726462090501,11577.372005220968,0.016095443,0.56717396,0.9854077,53
2026-08-30,Sunday,linea 8,aculco,4205.907006269301,2710.610028551359,5604.6977108247875,0.016085228,0.566814,0.98478234,84
2026-08-15,Saturday,linea b,impulsora,19074.804524216834,14506.565180281854,23364.458372266752,0.013549422,0.47745684,0.98431396,63
2026-08-28,Friday,linea 7,polanco,44608.028500395085,35877.64358333616,52605.3769069826,0.012189935,0.429551,0.98404,90
2026-08-13,Thursday,linea b,san lázaro,15876.43631772195,12064.14889490128,19877.543417579705,0.012912192,0.45500204,0.98372257,60
2026-08-21,Friday,linea a,los reyes,22266.14060644735,18555.074921635296,25875.329485978127,0.012179392,0.42917952,0.9831889,26
2026-08-03,Monday,linea 4,morelos,5928.703268757483,4782.270476158286,7053.538359335174,0.015273322,0.53820395,0.98312426,60
2026-08-02,Sunday,linea b,ecatepec,9345.408884632772,4417.37667161455,14155.910385532294,0.016057948,0.5658527,0.98311216,95
2026-08-13,Thursday,linea 3,guerrero,7561.880730536417,6235.937931738505,8895.615321377956,0.01290201,0.45464325,0.9829469,61
2026-08-22,Saturday,linea 3,juárez,11835.240504744294,7783.072630639675,15987.6163048691,0.013529226,0.4767452,0.98284686,26
2026-08-12,Wednesday,linea 8,bellas artes,16536.91639931057,11102.193211639822,21807.83986806743,0.014907295,0.5253058,0.9827517,43
2026-08-17,Monday,linea a,agrícola oriental,11006.055070295999,8589.549894144086,13427.220096339426,0.015257946,0.53766215,0.9821345,59
2026-08-24,Monday,linea a,pantitlán,35971.39138293252,27344.858014456844,44106.52309320412,0.01524878,0.53733915,0.9815445,29
2026-08-24,Monday,linea 3,hospital general,19431.073432551653,15589.334356748437,23387.246019446142,0.015241815,0.5370937,0.98109615,30
2026-08-20,Thursday,linea b,olímpica,15934.751290106042,13413.967776094572,18741.370024348773,0.0128683075,0.45345563,0.9803792,35
2026-08-27,Thursday,linea 9,lázaro cárdenas,13284.11053438633,11243.580081807297,15287.178426868282,0.012867442,0.45342514,0.9803133,91
2026-08-23,Sunday,linea 5,terminal aérea,11918.178404968163,9089.380331663311,14822.314290563392,0.016010981,0.5641977,0.9802367,30
2026-08-20,Thursday,linea 5,terminal aérea,17797.946439972722,14881.749478666738,21054.45689284135,0.012857276,0.4530669,0.97953874,36
2026-08-16,Sunday,linea a,acatitla,10184.892753783704,7225.653044883627,13283.961957998268,0.015994783,0.56362695,0.97924507,54
2026-08-15,Saturday,linea 2,general anaya,14277.478455503498,9699.086232537804,19069.44049501165,0.013469049,0.47462463,0.97847515,64
2026-08-28,Friday,linea 7,san pedro de los pinos,13189.029543051423,10407.39634974096,15927.44125564102,0.012118508,0.42703405,0.97827405,91
2026-08-02,Sunday,linea 9,centro médico,7113.480726993494,4692.028530955142,9545.732053151703,0.015970966,0.56278765,0.97778684,96
2026-08-20,Thursday,linea 8,apatlaco,11647.665852786095,9464.427114617385,13823.584330318494,0.01283047,0.4521223,0.9774965,37
2026-08-17,Monday,linea b,lagunilla,17299.305198564845,12119.61252492827,22124.73606147904,0.015183273,0.5350308,0.9773279,60
2026-08-06,Thursday,linea 2,viaducto,14576.98511861128,11833.747321843271,17742.21091110222,0.012818849,0.4517128,0.97661114,28
2026-08-30,Sunday,linea b,impulsora,15301.263978448846,10879.032859756033,19583.781289365535,0.015945168,0.56187856,0.97620744,85
2026-08-29,Saturday,linea 2,revolución,22845.13816718495,16134.525715337228,29299.98903169408,0.013437658,0.4735185,0.97619474,87
2026-08-01,Saturday,linea 5,aragón,4867.5990376460695,3557.3788896720025,6193.350267786751,0.013437083,0.47349823,0.976153,101
2026-08-12,Wednesday,linea 12,parque de los venados,11461.61536307636,9623.139831578435,13205.792990644612,0.014804424,0.52168083,0.97597003,44
2026-08-27,Thursday,linea 8,iztacalco,17469.71914267813,13427.29194357139,21958.337302660162,0.012807931,0.45132807,0.97577935,92
2026-08-20,Thursday,linea 1,gómez farias,20919.15480161657,17737.63446757234,24071.117487725314,0.012807925,0.45132786,0.97577894,38
2026-08-30,Sunday,linea 4,morelos,5121.591345575046,4009.1327658793193,6271.424374067236,0.01593241,0.56142896,0.9754263,86
2026-08-12,Wednesday,linea 6,lindavista,14779.764657940428,9947.253004585973,19283.944839086078,0.014795615,0.5213704,0.9753893,45
2026-08-19,Wednesday,linea 8,apatlaco,11620.270058587608,9408.920742379203,13773.809863551474,0.014773042,0.520575,0.97390115,43
2026-08-05,Wednesday,linea b,lagunilla,17420.225840245268,12898.571680968522,22299.185531213036,0.014773001,0.52057356,0.9738985,50
2026-08-26,Wednesday,linea 7,polanco,46390.19467367235,37905.96678770636,55692.54115050956,0.01473417,0.5192052,0.9713386,80
2026-08-10,Monday,linea 8,iztapalapa,9473.68024972779,7052.063313960981,11888.445166618487,0.015089613,0.53173035,0.9712992,61
2026-08-19,Wednesday,linea b,lagunilla,18309.959917926848,13616.475329314484,23549.17838238887,0.014730254,0.5190672,0.9710804,44
2026-08-10,Monday,linea 9,lázaro cárdenas,11734.055664573352,9682.084389124788,13678.794927863546,0.0150807705,0.5314188,0.97072995,62
2026-08-02,Sunday,linea 4,morelos,4694.406552669132,3618.8309448372797,5839.12660132637,0.015848083,0.5584575,0.97026366,97
2026-08-09,Sunday,linea 6,martín carrera,6902.4297072422105,1959.176571301591,12210.528801167957,0.015842358,0.55825573,0.9699131,27
2026-08-02,Sunday,linea 5,la raza,3326.534315675075,920.2859570923302,5467.385432952867,0.015840827,0.55820173,0.96981937,98
2026-08-15,Saturday,linea 1,merced,42400.74479502743,35625.88258784463,49589.547913002854,0.013345274,0.47026306,0.96948344,65
2026-08-11,Tuesday,linea 6,martín carrera,24054.46027890434,18925.589327355523,29157.601769736546,0.015826842,0.557709,0.9690555,81
2026-08-08,Saturday,linea 8,bellas artes,19943.32972533353,14624.808196559336,25345.665892167646,0.013337442,0.46998706,0.96891445,29
2026-08-16,Sunday,linea 2,popotla,2181.405380417281,0.0,4830.356647774332,0.015825728,0.5576697,0.968895,55
2026-08-03,Monday,linea b,romero rubio,12607.23899368996,10440.570221977776,14782.875155868318,0.015051922,0.5304022,0.968873,61
2026-08-23,Sunday,linea b,plaza aragón,11545.47611494975,8774.22141059445,14207.34362704943,0.015824124,0.5576132,0.9687968,31
2026-08-10,Monday,linea 3,eugenia,12474.927290394822,9900.03031989163,15422.813856991454,0.015042333,0.5300643,0.96825576,63
2026-08-29,Saturday,linea 8,constitución de 1917,86665.64609445965,69921.70752726326,107016.04472548788,0.013323531,0.46949685,0.96790385,88
2026-08-06,Thursday,linea 1,merced,34324.40996714406,27135.706392153854,41061.388995904985,0.012698211,0.44746172,0.9674203,29
2026-08-01,Saturday,linea 5,la raza,5397.150177574975,3040.352479945298,7543.021412247508,0.013304669,0.46883222,0.96653366,102
2026-08-21,Friday,linea 1,balbuena,8975.291492089727,7418.598203190861,10451.167945857469,0.0119691305,0.42177027,0.96621543,27
2026-08-20,Thursday,linea 3,coyoacán,28888.192053444025,24058.985884763406,33822.3063791901,0.012681226,0.44686323,0.9661263,39
2026-08-26,Wednesday,linea a,agrícola oriental,11982.8821269336,9623.114184263828,14290.449974930632,0.01465247,0.51632625,0.9659526,81
2026-08-20,Thursday,linea a,peñón viejo,13098.582402917993,10643.750146959443,15349.721720951027,0.012678229,0.4467576,0.965898,40
2026-08-11,Tuesday,linea 6,uam-azcapotzalco,7377.194924174679,6041.293910034074,8708.824385549628,0.015767235,0.5556085,0.9654058,82
2026-08-27,Thursday,linea b,deportivo oceanía,13387.619877019828,10085.641807805327,16894.959822437555,0.012667413,0.44637647,0.96507394,93
2026-08-02,Sunday,linea 9,patriotismo,4670.760779863051,908.1717121262091,8197.613942974021,0.015762612,0.5554456,0.9650309,99
2026-08-21,Friday,linea 7,tacuba,8816.613432227758,7348.262135893116,10187.59417138968,0.011953842,0.42123154,0.96498126,28
2026-08-28,Friday,linea 12,parque de los venados,11463.330672602147,9762.763048157045,13397.219319370579,0.011952024,0.42116746,0.9648345,92
2026-08-11,Tuesday,linea 6,vallejo,7629.229067712302,6101.096412695164,9234.326485901556,0.015750108,0.555005,0.9643572,83
2026-08-30,Sunday,linea 6,lindavista,7685.169193900806,2774.184396273386,12692.18342937567,0.015749339,0.5549779,0.96421826,87
2026-08-26,Wednesday,linea 8,la viga,6926.14048693316,5900.9862537604995,8032.8873830282,0.0146254245,0.51537323,0.9641696,82
2026-08-02,Sunday,linea 5,instituto del petróleo,1484.5708460548144,249.28524747022493,2609.2412501295985,0.015739517,0.5546318,0.96361697,100
2026-08-03,Monday,linea 7,san pedro de los pinos,11511.943845264976,8672.567103484475,14198.919496104165,0.014964542,0.5273231,0.9632485,62
2026-08-26,Wednesday,linea 9,puebla,29059.31263334398,21601.130341758773,37266.83948002396,0.014595788,0.5143289,0.96221584,83
2026-08-16,Sunday,linea 3,juárez,6181.355941196379,1974.5863302562423,10171.632794407313,0.015714385,0.55374616,0.9620783,56
2026-08-12,Wednesday,linea a,pantitlán,36021.53188414733,27303.391125171853,44692.58130087535,0.014592257,0.51420444,0.9619831,46
2026-08-22,Saturday,linea 1,isabel la católica,18376.667604302274,14289.546917251662,22697.597105121593,0.013240765,0.46658033,0.96189123,27
2026-08-13,Thursday,linea 3,coyoacán,28537.29614950487,23061.018763971642,33957.83125724324,0.012624384,0.4448602,0.96179575,62
2026-08-05,Wednesday,linea a,agrícola oriental,11240.818979997463,8770.123478852543,13704.585420754625,0.01458323,0.51388633,0.961388,51
2026-08-23,Sunday,linea 2,zócalo/tenochtitlan,28520.400540633513,9082.276552359855,49945.88471006735,0.015696539,0.55311733,0.96098566,32
2026-08-26,Wednesday,linea 9,lázaro cárdenas,13189.407425260491,11065.520056143941,15327.947586171987,0.014575159,0.51360196,0.9608559,84
2026-08-25,Tuesday,linea 12,zapata,13723.444785806243,12093.305557044347,15333.49969193584,0.015688319,0.55282766,0.9605739,61
2026-08-09,Sunday,linea 1,moctezuma,10707.357574402611,7590.221979398339,13723.128462426173,0.01568346,0.5526564,0.96018493,28
2026-08-18,Tuesday,linea 3,potrero,13620.809863388464,11226.313127906842,15881.823998589975,0.015681664,0.5525932,0.9601664,42
2026-08-26,Wednesday,linea 7,tacuba,8860.063631510919,7507.868921994029,10424.134822204316,0.014557609,0.51298356,0.959699,85
2026-08-03,Monday,linea 2,san antonio abad,14072.05345519939,10178.111027289913,18215.107072329327,0.014900294,0.5250591,0.95911294,63
2026-08-25,Tuesday,linea a,la paz,47609.361880562115,39111.9221489388,56403.31470634375,0.01566259,0.551921,0.95899856,62
2026-08-11,Tuesday,linea 2,xola,18842.890576620222,14415.396655619565,23189.635534611192,0.01564694,0.55136955,0.95804036,84
2026-08-29,Saturday,linea b,nezahualcóyotl,19199.895026209964,14090.667241460713,24067.255583994032,0.013178583,0.46438918,0.957374,89
2026-08-25,Tuesday,linea 9,pantitlán,50663.92217386284,42985.97250163092,58743.98260682404,0.015635567,0.55096877,0.95734394,63
2026-08-02,Sunday,linea b,villa de aragón,1845.3501523149898,0.0,6159.960779240561,0.015630085,0.5507756,0.9569172,101
2026-08-20,Thursday,linea 7,tacuba,8723.173629963361,7301.284991338652,10249.16489345696,0.012556113,0.44245446,0.9565945,41
2026-08-05,Wednesday,linea 5,valle gómez,4108.944934396191,3383.272848061425,4857.885665693533,0.014509122,0.51127493,0.95650244,52
2026-08-19,Wednesday,linea 8,bellas artes,16715.160334990527,11319.215714292326,22077.44389057366,0.014508166,0.51124126,0.95643944,45
2026-08-15,Saturday,linea 3,eugenia,9491.616226929278,6685.582597211317,12295.376535735826,0.013161194,0.46377638,0.95611066,66
2026-08-21,Friday,linea a,peñón viejo,13571.529372860019,11184.291612119858,15847.488208784629,0.011842882,0.4173215,0.95602393,29
2026-08-07,Friday,linea 4,morelos,6496.284162016849,5393.984790800204,7575.790708613781,0.011836059,0.4170811,0.9554732,28
2026-08-19,Wednesday,linea 3,hospital general,19980.893292897836,16350.94889167791,24017.986878258234,0.014486598,0.51048124,0.95501757,46
2026-08-17,Monday,linea 1,sevilla,25738.56722232279,20194.590437872645,31239.66073428739,0.014832304,0.52266324,0.9547365,61
2026-08-22,Saturday,linea b,ricardo flores magón,4612.70308502761,3603.824085402264,5619.065532206095,0.013138726,0.46298468,0.9544785,28
2026-08-02,Sunday,linea 6,vallejo,2134.282133441693,518.7432540861674,3719.2829178278066,0.015589304,0.5493386,0.9544205,102
2026-08-23,Sunday,linea 2,ermita,5487.612752839761,2049.7373249372567,9046.6125413958,0.015583844,0.5491462,0.9540862,33
2026-08-18,Tuesday,linea 8,apatlaco,11351.81798407787,9042.875625588038,13592.358147735646,0.015580941,0.5490439,0.9539993,43
2026-08-03,Monday,linea 9,tacubaya,43149.26297840727,31609.934692588584,54978.163104208725,0.014817546,0.52214324,0.95378655,64
2026-08-10,Monday,linea 8,aculco,8143.160343726103,6630.35591046595,9810.561525780697,0.014817156,0.5221295,0.9537614,64
2026-08-11,Tuesday,linea a,tepalcates,25598.228570401476,19599.231357139255,32039.098825999557,0.015571918,0.5487259,0.95344687,85
2026-08-06,Thursday,linea 5,valle gómez,4090.856456003912,3373.3682043381104,4779.852199874719,0.012506631,0.4407108,0.9528247,30
2026-08-15,Saturday,linea 2,viaducto,11850.412189136301,8875.404231186494,15158.376645216615,0.013112537,0.46206182,0.9525759,67
2026-08-17,Monday,linea 7,polanco,43499.156312504594,35176.490442184135,52249.27224997908,0.014796165,0.5213898,0.9524102,62
2026-08-03,Monday,linea 8,escuadrón 201,18033.75404872974,13714.88903681077,21718.893171563275,0.014791842,0.52123743,0.952132,65
2026-08-14,Friday,linea a,guelatao,21916.05650275074,17072.03636634551,26741.319755339493,0.011791092,0.41549653,0.9518432,68
2026-08-30,Sunday,linea 4,jamaica,3931.342917275165,2562.257826148561,5403.991275202803,0.015536943,0.54749346,0.9512148,88
2026-08-10,Monday,linea 1,sevilla,25345.096946452923,19792.487271203125,30931.0995880882,0.014772272,0.52054787,0.9508723,65
2026-08-28,Friday,linea a,guelatao,23744.881858158322,18893.303903160217,28371.117886334036,0.011778814,0.41506386,0.950852,93
2026-08-09,Sunday,linea 8,apatlaco,7314.4580206243145,5073.620431401389,9794.929733949066,0.015522407,0.5469813,0.9503249,29
2026-08-26,Wednesday,linea 3,guerrero,7817.857820614545,6469.373592616084,9131.39991636645,0.014405898,0.5076375,0.9496975,86
2026-08-24,Monday,linea b,guerrero,6087.967380901,4779.019820365242,7411.547302293824,0.014753171,0.51987475,0.9496428,31
2026-08-09,Sunday,linea 1,pino suárez,26303.154263187243,16349.141483651554,36050.15814059388,0.015503313,0.5463084,0.94915587,30
2026-08-26,Wednesday,linea 12,mexicaltzingo,15732.311081745873,12638.767553202359,18715.34120350519,0.014395618,0.5072752,0.9490198,87
2026-08-15,Saturday,linea 3,guerrero,7110.175420647323,5928.625472261623,8419.786020133803,0.01304877,0.4598148,0.9479435,68
2026-08-02,Sunday,linea 1,observatorio,32751.95081861745,24273.009921495388,41292.24671471588,0.015480979,0.5455214,0.94778854,103
2026-08-03,Monday,linea a,agrícola oriental,10496.082799243286,7878.819763987191,12997.571503617582,0.014724242,0.51885533,0.9477806,66
2026-08-17,Monday,linea b,ricardo flores magón,5112.506922556228,4102.205082876515,6228.986281768034,0.014721351,0.51875347,0.9475946,63
2026-08-02,Sunday,linea 8,coyuya,10801.181454579239,5666.936594942351,15806.810497409286,0.0154765295,0.5453646,0.9475161,104
2026-08-29,Saturday,linea 4,morelos,6925.064924146099,5824.134525145715,8034.996188539059,0.013031605,0.45920992,0.9466965,90
2026-08-02,Sunday,linea a,tepalcates,10574.505272891682,4089.1914580847383,17201.58015814461,0.015456926,0.5446738,0.94631594,105
2026-08-23,Sunday,linea 2,villa de cortés,8298.577853509652,4435.657125390314,11528.346546395003,0.0154538425,0.54456514,0.9461271,34
2026-08-19,Wednesday,linea 8,iztapalapa,10055.738200538764,7421.102672240493,12819.810384770346,0.014347547,0.5055813,0.94585073,47
2026-08-19,Wednesday,linea a,pantitlán,36738.36000734205,28315.346354090543,45791.08110099567,0.014345773,0.5055188,0.9457338,48
2026-08-08,Saturday,linea 1,cuauhtémoc,12770.281718464714,9076.572198311189,16309.889726324662,0.013013965,0.45858833,0.9454151,30
2026-08-12,Wednesday,linea 3,coyoacán,28529.803034063094,23349.906227686864,33477.53585302292,0.014335177,0.50514543,0.9450353,47
2026-08-01,Saturday,linea 8,aculco,6187.57278228657,4651.660191244764,7681.7739726976015,0.013005951,0.45830595,0.9448329,103
2026-08-13,Thursday,linea 1,sevilla,27152.926865771875,21411.66721909736,32529.122909947328,0.0124014905,0.43700585,0.9448145,63
2026-08-25,Tuesday,linea 9,centro médico,14949.169497405448,12436.77063623132,17280.234767690694,0.015427346,0.5436315,0.9445949,64
2026-08-22,Saturday,linea a,peñón viejo,11961.836067562801,9611.46956062206,14415.336043626396,0.012999587,0.45808166,0.94437057,29
2026-08-10,Monday,linea b,lagunilla,16777.85361228178,12166.019678113258,21561.814095153215,0.014671152,0.5169846,0.94436336,66
2026-08-30,Sunday,linea b,ciudad azteca,28568.557349069408,20124.695771407638,37110.29943991229,0.015424371,0.5435266,0.9443228,89
2026-08-02,Sunday,linea 2,tasqueña,24533.85012339682,11504.347402824478,36926.20067620843,0.015423255,0.5434873,0.9442545,106
2026-08-21,Friday,linea 1,salto del agua,17563.60331568553,14564.007971619645,20410.79693617788,0.011695396,0.41212437,0.944118,30
2026-08-13,Thursday,linea 4,canal del norte,5990.507771362755,4511.586196498831,7514.75583245727,0.012384432,0.43640473,0.9435149,64
2026-08-24,Monday,linea 1,isabel la católica,19086.706151258357,14521.638818817948,23379.680784228272,0.014647872,0.51616424,0.94286484,32
2026-08-03,Monday,linea 2,bellas artes,16471.141913434592,8096.034199885658,24631.660853701444,0.014646592,0.5161191,0.9427824,67
2026-08-12,Wednesday,linea 2,san antonio abad,16120.93860638259,12240.964371853572,19883.390828156218,0.0142988,0.5038636,0.9426372,48
2026-08-28,Friday,linea 3,hospital general,19372.795341674348,15383.826979675441,23545.806679773417,0.0116769085,0.4114729,0.94262564,94
2026-08-15,Saturday,linea 8,cerro de la estrella,8682.888255843678,6845.835181148433,10547.516033323056,0.01297292,0.457142,0.94243336,69
2026-08-18,Tuesday,linea 3,coyoacán,27941.38543768187,22860.158930423786,32933.246270845644,0.015390114,0.5423195,0.9423152,44
2026-08-16,Sunday,linea 8,escuadrón 201,9657.248947659891,5540.383083955696,13720.668158887165,0.015379256,0.5419368,0.94156075,57
2026-08-20,Thursday,linea 8,san juan de letrán,23333.361604185604,16823.798185838303,29269.236672849103,0.012357952,0.43547162,0.9414975,42
2026-08-02,Sunday,linea 3,hospital general,5995.27288859426,2246.0665430747167,10234.065463064959,0.015363784,0.5413916,0.9406135,107
2026-08-23,Sunday,linea 8,salto del agua,8719.449116289277,4438.842423485416,13134.9377580627,0.015355518,0.5411004,0.94010746,35
2026-08-24,Monday,linea 8,cerro de la estrella,10817.661398868215,9068.330683914808,12742.50483920828,0.014593554,0.51425016,0.9393684,33
2026-08-12,Wednesday,linea 3,potrero,13154.120394809726,10709.32610231762,15312.8839022201,0.014241671,0.5018504,0.93887097,49
2026-08-10,Monday,linea b,morelos,4165.252947007584,3188.643319457681,5156.243829985639,0.014576221,0.5136394,0.93825275,67
2026-08-10,Monday,linea 3,la raza,29218.04134737166,23755.755541216502,34574.55838132322,0.01457514,0.51360124,0.9381831,68
2026-08-30,Sunday,linea 3,la raza,18015.07703000646,12488.50956076126,23868.392861199867,0.015321367,0.53989697,0.93801665,90
2026-08-12,Wednesday,linea 9,mixiuhca,22636.812407399517,18088.08411218,26821.430040362382,0.01422684,0.5013278,0.9378932,50
2026-08-19,Wednesday,linea 1,salto del agua,17714.2641613037,14797.983283639613,20680.969869666424,0.014225247,0.5012717,0.93778825,49
2026-08-27,Thursday,linea 12,parque de los venados,11714.887073799604,10012.830765610815,13520.479070471634,0.012305874,0.43363652,0.9375299,94
2026-08-07,Friday,linea a,canal de san juan,12072.783724695673,9858.328608087784,14281.52320073251,0.011603218,0.40887618,0.93667686,29
2026-08-18,Tuesday,linea b,olímpica,15808.515767551078,13190.688369660365,18312.195006930735,0.015297403,0.5390525,0.93663865,45
2026-08-26,Wednesday,linea 2,tacuba,32955.83017848831,27299.190904952942,38750.230721567976,0.014207746,0.500655,0.9366345,88
2026-08-24,Monday,linea 1,insurgentes,40809.86800489701,30917.378891229535,50805.04206607996,0.014550155,0.5127209,0.93657494,34
2026-08-01,Saturday,linea 8,cerro de la estrella,8135.929503893867,6244.071035333593,9867.266453291744,0.01288634,0.45409104,0.9361436,104
2026-08-15,Saturday,linea b,nezahualcóyotl,17843.088492352654,13051.402620086825,22520.2904858251,0.012880688,0.45389187,0.93573296,70
2026-08-28,Friday,linea 8,atlalilco,14515.661669874768,11972.239790989817,17402.552921684615,0.011591089,0.4084488,0.9356978,95
2026-08-25,Tuesday,linea 12,parque de los venados,11706.239680571787,9904.26658281422,13554.180770611252,0.01527495,0.5382613,0.93526393,65
2026-08-13,Thursday,linea a,guelatao,21667.758911091885,16837.573063098433,26407.271167393374,0.012274929,0.43254605,0.9351724,65
2026-08-14,Friday,linea b,río de los remedios,15762.029095611473,11985.590791696923,19305.816315798085,0.011582159,0.40813413,0.93497694,69
2026-08-16,Sunday,linea 2,hidalgo,8563.658908414118,976.3629120979248,16423.4762453423,0.015269178,0.5380579,0.9348215,58
2026-08-25,Tuesday,linea 8,uam-i,23948.779323417082,19293.49709002096,28356.8902305864,0.015259416,0.5377139,0.93431276,66
2026-08-11,Tuesday,linea 3,juárez,13833.678820881441,9665.32620861074,17829.778865766737,0.015256442,0.5376091,0.93413067,86
2026-08-14,Friday,linea 3,hospital general,19174.764256682454,15188.984817384466,23549.910917380716,0.011569732,0.4076962,0.9339737,70
2026-08-22,Saturday,linea 1,merced,42894.61919936742,35935.814127705395,49337.160161356616,0.012853651,0.45293915,0.93376887,30
2026-08-16,Sunday,linea 3,potrero,8292.113786400714,6076.0147721136955,10686.741303734603,0.015251866,0.53744787,0.93376154,59
2026-08-11,Tuesday,linea 2,viaducto,14966.459032767707,11802.082473316941,17974.849506177106,0.015247533,0.53729516,0.9335852,87
2026-08-26,Wednesday,linea 6,lindavista,18115.81551252091,13184.22237816891,23009.60154824318,0.014153777,0.49875322,0.9330766,89
2026-08-09,Sunday,linea 2,chabacano,13174.160087836577,7578.506429913682,19102.672916299383,0.015238643,0.5369819,0.932952,31
2026-08-05,Wednesday,linea 7,tacuba,8142.406919577922,6635.837075133348,9565.092038423336,0.014150803,0.4986484,0.9328806,53
2026-08-16,Sunday,linea a,canal de san juan,8420.22885120021,6120.400707644489,10533.380410181455,0.015235337,0.5368654,0.9327496,60
2026-08-10,Monday,linea 3,potrero,12848.509462395661,10488.293296236443,15102.045857690424,0.014484291,0.51039994,0.9323353,69
2026-08-13,Thursday,linea 2,viaducto,14931.368632088808,11622.87910745427,18030.54463583297,0.012234889,0.43113512,0.9321219,66
2026-08-25,Tuesday,linea 2,revolución,25566.371200170553,19049.403561159204,32510.69860770072,0.0152189,0.5362862,0.931832,67
2026-08-01,Saturday,linea 2,revolución,21867.439956720365,14900.620774547493,28272.585325347103,0.012821625,0.45181063,0.9314423,105
2026-08-09,Sunday,linea 2,popotla,1444.0036574660708,0.0,3877.4432007740243,0.015213612,0.53609985,0.93141955,32
2026-08-01,Saturday,linea 4,candelaria,9074.347494427708,5690.026922367725,12272.057716440277,0.012818656,0.451706,0.9312266,106
2026-08-10,Monday,linea 4,morelos,6096.022382772996,4967.063078266095,7311.021689085012,0.014466591,0.50977623,0.93119603,70
2026-08-14,Friday,linea 7,aquiles serdán,13497.182963227086,10437.445588415923,16144.398155472843,0.011527204,0.40619758,0.9305406,71
2026-08-04,Tuesday,linea 6,instituto del petróleo,2917.1719582928577,2154.6165027595066,3632.4270759348497,0.015197638,0.535537,0.93053025,39
2026-08-11,Tuesday,linea 3,eugenia,13370.548490551202,10677.044889278035,16166.328120965476,0.015194428,0.5354239,0.9303337,88
2026-08-21,Friday,linea b,bosque de aragón,5847.204636327859,4431.457615606394,7219.129180617409,0.011518037,0.40587455,0.9298006,31
2026-08-15,Saturday,linea 3,división del norte,9890.336613634143,6888.853894131468,13003.990402129391,0.012792386,0.4507803,0.9293182,71
2026-08-20,Thursday,linea 4,talismán,3613.822650784526,2964.005014267587,4294.249161439041,0.012192083,0.4296267,0.9288606,43
2026-08-28,Friday,linea 3,tlatelolco,16474.745170297298,12915.992061471907,19671.421572326864,0.01150503,0.40541622,0.92875063,96
2026-08-26,Wednesday,linea b,deportivo oceanía,13318.724664530466,9989.357446930606,16643.66568260665,0.014084555,0.49631396,0.9285132,90
2026-08-04,Tuesday,linea 12,parque de los venados,11073.387008818136,9303.181946792376,12802.575201998072,0.0151621895,0.5342878,0.92835975,40
2026-08-07,Friday,linea 5,valle gómez,4153.069617410831,3453.9086847444632,4880.234981942145,0.011498302,0.40517914,0.9282075,30
2026-08-14,Friday,linea 3,centro médico,17987.762240558535,14966.885780227476,20996.346875409894,0.01149601,0.40509838,0.9280225,72
2026-08-03,Monday,linea 8,salto del agua,14868.556267568987,10523.803999037767,19314.688549334238,0.014411829,0.50784653,0.9276711,68
2026-08-12,Wednesday,linea 7,san joaquín,29879.30975053693,23489.553122115653,36637.34740814491,0.014071358,0.49584892,0.92764324,51
2026-08-11,Tuesday,linea a,la paz,44880.332972189324,36927.78459712981,53818.773895670995,0.015150239,0.5338667,0.927628,89
2026-08-25,Tuesday,linea 3,coyoacán,28053.108838183107,23010.91792312769,33368.8776493857,0.015138632,0.5334577,0.9269173,68
2026-08-28,Friday,linea 4,martín carrera,24822.395970048405,20419.225077501185,29491.54384346966,0.011475081,0.40436086,0.92633295,97
2026-08-04,Tuesday,linea a,acatitla,14447.311717604034,11528.44949516568,17357.69839241647,0.015127752,0.5330743,0.9262512,41
2026-08-05,Wednesday,linea 3,centro médico,16862.942007862322,13961.179637367753,19584.21179231879,0.014047642,0.49501324,0.92607975,54
2026-08-14,Friday,linea 5,valle gómez,4301.004798763406,3534.986707249529,5007.689439580522,0.01147083,0.40421107,0.9259898,73
2026-08-12,Wednesday,linea 12,insurgentes sur,39261.38788734573,33414.27277354453,44663.32790962297,0.014045813,0.49494877,0.92595917,52
2026-08-09,Sunday,linea 2,san cosme,6681.259683668364,2398.8413675327206,10843.023160623787,0.015110028,0.5324498,0.92507786,33
2026-08-19,Wednesday,linea 12,zapata,13769.060933461247,12108.009679736704,15386.599083387993,0.014027625,0.49430788,0.92476016,50
2026-08-17,Monday,linea 7,san antonio,11476.139569960314,8998.749415275533,13700.350506878354,0.014361019,0.5060561,0.9244005,64
2026-08-30,Sunday,linea 8,atlalilco,7379.445328019861,4736.415008369711,9969.029803398435,0.015094383,0.53189844,0.92412,91
2026-08-03,Monday,linea 3,guerrero,6896.8276838181755,5603.542151164855,8227.882884135612,0.014354285,0.5058187,0.923967,69
2026-08-15,Saturday,linea 8,doctores,7188.2174998123355,4506.633012724418,9641.269947848941,0.012717546,0.44814306,0.92388135,72
2026-08-24,Monday,linea 1,salto del agua,17230.70777241462,14237.985076903176,20181.28121511644,0.014350473,0.50568444,0.9237216,35
2026-08-25,Tuesday,linea 12,calle 11,13546.630799639406,11581.052779067204,15486.448524780737,0.015086254,0.531612,0.9237103,69
2026-08-10,Monday,linea 8,santa anita,3657.810105993881,2913.0297474708177,4497.118751551828,0.01434735,0.5055744,0.9235206,71
2026-08-30,Sunday,linea 1,balderas,8512.182023451342,2549.603919680736,14152.339155400994,0.015084221,0.5315404,0.9234979,92
2026-08-12,Wednesday,linea 2,revolución,26205.814902993006,20011.32526495129,32529.75778589399,0.014001401,0.49338377,0.9230314,53
2026-08-12,Wednesday,linea 2,villa de cortés,16854.011186337026,12967.985745901302,20374.559835177355,0.0139923785,0.49306583,0.92243654,54
2026-08-29,Saturday,linea 7,san antonio,8653.115847695797,6190.672468233087,11042.156672791794,0.012695814,0.44737726,0.9223026,91
2026-08-05,Wednesday,linea 1,pantitlán,37380.16795861915,31106.937798839197,43071.6315299419,0.013984111,0.49277452,0.9218915,55
2026-08-06,Thursday,linea a,canal de san juan,11471.359133782187,9412.170381292894,13779.917397943496,0.012096961,0.42627478,0.92161375,31
2026-08-01,Saturday,linea b,olímpica,12309.489644158242,9566.500865769825,15123.210476689705,0.012682725,0.446916,0.92135173,107
2026-08-02,Sunday,linea 8,san juan de letrán,13153.494412219883,7145.537837348821,18827.852148261125,0.015044714,0.5301482,0.92107916,108
2026-08-17,Monday,linea 7,san pedro de los pinos,12425.59360112891,9751.408390341689,15321.633061967608,0.01430514,0.504087,0.9208036,65
2026-08-23,Sunday,linea 5,valle gómez,2437.196268417765,1653.6602760865453,3171.821937416713,0.015036999,0.52987635,0.92060685,36
2026-08-26,Wednesday,linea 8,iztacalco,16754.29911389547,12426.59205943135,21055.403174354447,0.013964512,0.49208388,0.9205995,91
2026-08-25,Tuesday,linea b,deportivo oceanía,12973.886482797176,9407.621546053051,16349.127331275584,0.0150273545,0.5295365,0.92010397,70
2026-08-20,Thursday,linea b,lagunilla,18136.79004706223,13178.734609456056,22941.620094671074,0.012075672,0.4255246,0.9199918,44
2026-08-12,Wednesday,linea a,peñón viejo,13700.158812873195,11278.46011129891,15999.182844978835,0.013952004,0.4916431,0.9197749,55
2026-08-04,Tuesday,linea 2,pino suárez,32191.584312881623,21272.021162586352,42748.09699696318,0.015021379,0.5293259,0.9197381,42
2026-08-28,Friday,linea b,impulsora,25627.709559690167,21263.93100352801,29857.448274212034,0.011390583,0.4013833,0.9195118,98
2026-08-21,Friday,linea b,olímpica,16278.64440494496,13404.496924795234,18951.016427435734,0.01138734,0.40126902,0.91925,32
2026-08-02,Sunday,linea 8,constitución de 1917,44932.48110146623,26807.405727970334,64112.880241387094,0.015009629,0.5289119,0.9189311,109
2026-08-14,Friday,linea 2,revolución,26671.370811806264,20363.707618500313,33647.93611043966,0.011382815,0.4011096,0.91888475,74
2026-08-27,Thursday,linea 6,martín carrera,24645.430498382968,19405.45198412421,29747.68325908988,0.012053671,0.42474934,0.9183157,95
2026-08-05,Wednesday,linea 9,mixiuhca,21870.294155645548,17509.195052138784,26105.233663686075,0.0139277,0.49078667,0.91817266,56
2026-08-15,Saturday,linea b,morelos,4403.787991598912,3441.6908123613307,5391.849993363451,0.012626578,0.44493753,0.91727287,73
2026-08-11,Tuesday,linea b,impulsora,22254.2556827346,17874.680742056735,26813.466638699265,0.014975673,0.5277153,0.91693956,90
2026-08-15,Saturday,linea 2,xola,15603.706447935245,11438.786529240235,19975.804455478752,0.012617824,0.44462904,0.91663694,74
2026-08-29,Saturday,linea 3,centro médico,13329.917346572804,10346.36367065474,16253.29213795643,0.0126177585,0.44462675,0.9166322,92
2026-08-30,Sunday,linea 3,tlatelolco,9626.219323706613,6111.156476030303,13306.55685388946,0.014969864,0.52751064,0.91649663,93
2026-08-21,Friday,linea 8,san juan de letrán,24518.338858700277,18294.461913485276,30550.687051881385,0.011352217,0.40003136,0.9164147,33
2026-08-15,Saturday,linea 5,valle gómez,3409.50806975675,2665.380177570342,4128.500150503386,0.012609255,0.4443271,0.9160144,75
2026-08-01,Saturday,linea 7,camarones,9815.722242397598,7145.6369315696,12356.929135545292,0.012605467,0.4441936,0.91573924,108
2026-08-27,Thursday,linea 8,obrera,11479.940450647506,9459.76643859466,13571.847596484373,0.012017107,0.42346087,0.91552997,96
2026-08-19,Wednesday,linea a,canal de san juan,12297.194629853439,10052.7475215201,14645.165233440144,0.013886973,0.48935154,0.9154878,51
2026-08-30,Sunday,linea 7,aquiles serdán,6655.951150563101,3965.3171944657515,9391.814414176586,0.014952942,0.5269143,0.9154606,94
2026-08-14,Friday,linea 7,polanco,43156.28035973979,35071.17038817679,51101.67999254341,0.011338701,0.39955506,0.91532356,75
2026-08-26,Wednesday,linea 2,viaducto,15643.789714066468,12376.294010623184,18752.658983627476,0.013876451,0.48898077,0.91479415,92
2026-08-22,Saturday,linea 2,san antonio abad,12133.037216480137,8240.4697410935,16205.137741655224,0.012590094,0.44365188,0.9146224,31
2026-08-29,Saturday,linea 6,instituto del petróleo,1803.8136848185968,1082.3533436105927,2509.3820931093933,0.012590058,0.44365063,0.91461986,93
2026-08-28,Friday,linea 12,calle 11,13789.41505428242,11930.750164270732,15713.380841149969,0.011327907,0.39917475,0.9144523,99
2026-08-24,Monday,linea 2,san antonio abad,16409.212716794646,12425.267956979475,20500.764429755014,0.014202811,0.50048107,0.9142168,36
2026-08-13,Thursday,linea 8,aculco,8839.578427294586,7349.991451024009,10349.204047000418,0.0119885,0.4224528,0.9133506,67
2026-08-27,Thursday,linea 4,martín carrera,24465.856477527166,19747.6002644592,29028.9622940713,0.011987003,0.42240006,0.9132365,97
2026-08-29,Saturday,linea b,impulsora,20969.70046006688,17152.960335623717,25542.56326775461,0.012567913,0.4428703,0.91301113,94
2026-08-04,Tuesday,linea b,san lázaro,15702.18574128099,11534.146907660675,19927.87490778854,0.014911511,0.5254544,0.913011,43
2026-08-19,Wednesday,linea 1,candelaria,18061.730760773582,14589.814770341522,21181.295507042872,0.0138426535,0.48778978,0.91256607,52
2026-08-10,Monday,linea a,agrícola oriental,10708.15434883614,8339.693404675141,13308.28763875972,0.014173233,0.49943882,0.9123129,72
2026-08-04,Tuesday,linea 7,san joaquín,28982.767452513264,22817.16592863501,35755.67105874625,0.014898544,0.5249975,0.9122171,44
2026-08-05,Wednesday,linea b,río de los remedios,15325.570879161194,11837.570438765762,19152.370452790754,0.0138358,0.4875483,0.91211426,57
2026-08-01,Saturday,linea 3,universidad,34753.46903748162,18809.92485827658,50259.77172403034,0.012552797,0.4423376,0.911913,109
2026-08-24,Monday,linea 8,coyuya,26846.61889132636,21870.5381820326,32108.492496183073,0.014163388,0.4990919,0.9116792,37
2026-08-03,Monday,linea a,guelatao,17839.901348616888,13279.626076036491,22593.28657317399,0.014162229,0.49905106,0.91160464,70
2026-08-16,Sunday,linea 8,aculco,3939.0878619855544,2444.595174814142,5396.473562589249,0.014885903,0.524552,0.91135633,61
2026-08-11,Tuesday,linea b,morelos,4346.807212291418,3372.6131776547095,5384.856106452953,0.014876781,0.52423054,0.91088456,91
2026-08-15,Saturday,linea b,romero rubio,13218.053545971401,11129.83813910968,15191.441894699003,0.012533466,0.44165644,0.9105087,76
2026-08-22,Saturday,linea 6,instituto del petróleo,1688.975843565493,973.2653828118476,2432.677089679221,0.012531649,0.4415924,0.91037667,32
2026-08-06,Thursday,linea 1,insurgentes,42700.478885332355,32810.82587800902,53265.72775354244,0.011946496,0.42097265,0.91015047,32
2026-08-28,Friday,linea 7,aquiles serdán,13850.032650218312,11040.634574578347,16801.87338039014,0.011272624,0.39722666,0.90998954,100
2026-08-11,Tuesday,linea 6,tezozómoc,5348.416935717511,4439.462698558614,6339.684808976157,0.014861917,0.5237068,0.90997446,92
2026-08-29,Saturday,linea 8,doctores,7053.239775993967,4351.477883926621,9649.757376292726,0.012522229,0.44126046,0.90969235,95
2026-08-28,Friday,linea 3,eugenia,13906.084428476455,11140.996954404663,16649.996013198033,0.011264932,0.3969556,0.9093686,101
2026-08-05,Wednesday,linea 2,san antonio abad,15320.415171885576,11393.221605003764,19177.211359292152,0.01378519,0.4857649,0.90877783,58
2026-08-11,Tuesday,linea 6,norte 45,6420.468300557381,5041.209633251749,7721.493629106945,0.014842013,0.52300537,0.9087558,93
2026-08-01,Saturday,linea 2,hidalgo,17721.56409243013,10231.455642424522,25512.14233489851,0.012505501,0.44067097,0.90847707,110
2026-08-04,Tuesday,linea 2,viaducto,14657.60847254835,11429.120938258067,17875.0977412862,0.014836834,0.5228229,0.9084387,45
2026-08-11,Tuesday,linea 8,uam-i,23006.75833850816,18315.355675600942,27609.89574669503,0.01483599,0.5227932,0.908387,94
2026-08-27,Thursday,linea 3,eugenia,14001.20413791125,11395.25507014332,16872.709045339918,0.011923041,0.42014617,0.9083636,98
2026-08-29,Saturday,linea 6,lindavista,11161.335644981065,6366.302916189641,16101.467908573277,0.012500649,0.44050002,0.9081246,96
2026-08-20,Thursday,linea a,pantitlán,36531.58593024842,28282.025729587825,45869.5357780287,0.011917773,0.41996053,0.9079622,45
2026-08-10,Monday,linea 9,jamaica,9763.083448101861,7224.920946807156,12430.748017921986,0.0141046,0.4970203,0.9078951,73
2026-08-18,Tuesday,linea a,pantitlán,36025.756561059716,28067.465136460833,44647.90643038288,0.014827817,0.52250516,0.90788656,46
2026-08-13,Thursday,linea b,nezahualcóyotl,21378.755251685045,16712.6341312243,26223.247569061346,0.0119141685,0.4198335,0.9076876,68
2026-08-17,Monday,linea 4,morelos,6253.319108596341,5150.490676750754,7384.29445701325,0.014096738,0.49674326,0.90738904,66
2026-08-30,Sunday,linea 1,gómez farias,14800.95872707541,11760.852261977148,17904.02059061722,0.0148207,0.52225435,0.90736437,95
2026-08-14,Friday,linea b,tepito,19008.59502055421,14435.06507202402,23962.283546300085,0.011231341,0.39577192,0.9066569,76
2026-08-21,Friday,linea 8,bellas artes,18265.99471386431,13229.196253700713,23937.01820550917,0.011230897,0.39575627,0.9066211,34
2026-08-10,Monday,linea 2,xola,17798.40498051307,13371.03285909476,21966.103061592057,0.014083555,0.49627873,0.90654045,74
2026-08-11,Tuesday,linea 7,polanco,44307.55221840309,35378.39296877944,52548.19184614784,0.014803318,0.52164185,0.90638655,95
2026-08-27,Thursday,linea 3,centro médico,17556.09706419156,14667.302072968068,20607.15910594844,0.011895978,0.4191925,0.90630174,99
2026-08-02,Sunday,linea 2,bellas artes,18249.57534882257,9457.86117916189,26710.067613560794,0.014799215,0.52149725,0.906049,110
2026-08-17,Monday,linea 2,ermita,12369.580321316478,9015.472310252986,15695.151384567836,0.01407509,0.49598044,0.9059956,67
2026-08-28,Friday,linea 2,viaducto,15563.016122997897,12418.56178256279,18780.972771739776,0.011218867,0.39533237,0.90564996,102
2026-08-12,Wednesday,linea 1,candelaria,17530.422235811133,14227.824864320231,20899.68448291384,0.013736751,0.484058,0.9055845,56
2026-08-01,Saturday,linea 9,jamaica,11232.545676211894,8507.181309867714,13911.533596818559,0.012464582,0.43922907,0.90550447,111
2026-08-15,Saturday,linea 9,centro médico,11316.055055022427,8684.416376815416,13878.784709968566,0.012461689,0.43912715,0.90529436,77
2026-08-13,Thursday,linea b,olímpica,15500.219687417713,12888.441398129373,18217.20870758203,0.011882271,0.4187095,0.90525746,69
2026-08-06,Thursday,linea b,bosque de aragón,5481.656119214328,4196.619138449673,6947.7083747282,0.011881329,0.41867632,0.9051857,33
2026-08-13,Thursday,linea 8,cerro de la estrella,10584.837078594457,8753.189292725925,12503.535100034782,0.011879908,0.41862622,0.9050774,70
2026-08-20,Thursday,linea 8,iztapalapa,10124.188013697687,7373.696388755266,12491.706697894184,0.011874754,0.4184446,0.9046848,46
2026-08-26,Wednesday,linea 4,morelos,6745.365846213075,5667.096530417221,7934.547514890306,0.013721107,0.4835067,0.9045532,93
2026-08-01,Saturday,linea b,guerrero,5739.44030623894,4342.0693943581255,7126.289032073935,0.01245112,0.43875468,0.90452653,112
2026-08-30,Sunday,linea 9,mixiuhca,10150.912429428832,5508.699785471316,14914.790105858707,0.014762191,0.5201926,0.9037823,96
2026-08-16,Sunday,linea 9,mixiuhca,9755.023971485343,5350.232604354586,14019.225894565408,0.014756645,0.5199972,0.9034428,62
2026-08-02,Sunday,linea 3,miguel ángel de quevedo,17097.551127679253,10181.598892847871,23845.192515884508,0.014754087,0.51990706,0.90328616,111
2026-08-04,Tuesday,linea 1,pantitlán,37019.06784234369,31113.868038062123,42856.360114592586,0.014751722,0.51982373,0.9032274,46
2026-08-11,Tuesday,linea 9,lázaro cárdenas,12530.926039764377,10526.34562837192,14561.918286000682,0.014750717,0.5197883,0.9031659,96
2026-08-27,Thursday,linea 8,la viga,7028.2733852235,5912.458456168412,8106.617749405721,0.011853144,0.4176831,0.9030384,100
2026-08-06,Thursday,linea 6,instituto del petróleo,2917.883729769719,2153.591087356962,3631.952589716088,0.011847554,0.41748613,0.9026125,34
2026-08-01,Saturday,linea 3,indios verdes,70367.53606383957,56232.032647799235,84529.23003608779,0.012416808,0.4375456,0.90203387,113
2026-08-26,Wednesday,linea 8,atlalilco,14187.310787300155,11685.04641895381,16891.07597570831,0.013676177,0.48192346,0.9015912,94
2026-08-27,Thursday,linea 3,división del norte,15620.964575285912,12756.02889124266,18765.134256713136,0.011831464,0.41691917,0.90138674,101
2026-08-18,Tuesday,linea 2,san antonio abad,16712.158379476976,12478.812693278793,20669.369077723175,0.014718928,0.5186681,0.9012195,47
2026-08-21,Friday,linea 4,talismán,3592.2694914973163,2940.4078744312123,4300.646514623555,0.011161409,0.39330766,0.90101165,35
2026-08-12,Wednesday,linea 5,valle gómez,4242.122144144373,3547.250216603928,4919.240155871012,0.013666127,0.48156932,0.9009287,57
2026-08-29,Saturday,linea 2,tacuba,28518.75108966257,22473.519192975906,34503.74227984407,0.01239908,0.4369209,0.90074605,97
2026-08-02,Sunday,linea 6,uam-azcapotzalco,3498.05602715363,2168.4217649471916,4752.309459764514,0.01470561,0.51819885,0.9003183,112
2026-08-21,Friday,linea b,lagunilla,19768.240505963055,14884.768862231005,24512.72537779467,0.011151572,0.392961,0.9002175,36
2026-08-13,Thursday,linea 3,eugenia,13586.600370044971,10942.048192342301,16380.276408597687,0.011815369,0.416352,0.9001605,71
2026-08-02,Sunday,linea 4,martín carrera,11164.47011085013,6583.150536557886,15725.896086557357,0.014702591,0.51809245,0.90013343,113
2026-08-16,Sunday,linea 6,tezozómoc,2648.704306178688,1691.1474279497577,3619.1639084322615,0.014702169,0.51807755,0.9001076,63
2026-08-03,Monday,linea 2,xola,17153.697382473612,12840.351324223791,21617.98791913006,0.01398356,0.4927551,0.90010387,71
2026-08-14,Friday,linea 8,escuadrón 201,20187.738558240806,16029.724251108137,24140.893728506995,0.01114405,0.39269596,0.89961034,77
2026-08-04,Tuesday,linea 4,morelos,6325.718597977423,5188.10516428398,7427.786398753733,0.014690134,0.51765347,0.89945644,47
2026-08-21,Friday,linea 6,instituto del petróleo,3040.4780003508895,2298.7803114234584,3745.8759169336286,0.011142012,0.3926241,0.8994458,37
2026-08-18,Tuesday,linea a,canal de san juan,11919.790906084963,9671.840701805435,14239.99785245322,0.014688056,0.5175802,0.8993292,48
2026-08-18,Tuesday,linea 6,instituto del petróleo,3131.2422098414345,2393.9449479250543,3850.93770493843,0.01468509,0.5174757,0.89914757,49
2026-08-26,Wednesday,linea 3,la raza,31882.749082445567,26388.154351451347,37730.97910524651,0.0136367325,0.4805335,0.89899087,95
2026-08-14,Friday,linea a,la paz,46526.96029563109,37758.06317794391,55192.23105325193,0.011135021,0.3923778,0.89888144,78
2026-08-03,Monday,linea 6,lindavista,12246.526407605636,7521.270324634347,16889.538639525403,0.01395678,0.4918114,0.8983801,72
2026-08-01,Saturday,linea 12,parque de los venados,6871.107237505688,5117.30142968055,8706.475016699684,0.012358435,0.43548867,0.89779335,114
2026-08-05,Wednesday,linea b,tepito,18169.529265073794,13609.64575743793,22999.3913415733,0.013616588,0.47982365,0.8976629,59
2026-08-27,Thursday,linea 2,viaducto,15419.331609882376,12109.185163789514,18587.637193922845,0.0117820725,0.4151787,0.8976238,102
2026-08-22,Saturday,linea 1,chapultepec,36977.29487403348,27427.2099245907,46921.41112622738,0.012343532,0.4349635,0.8967107,33
2026-08-11,Tuesday,linea 3,viveros/derechos humanos,18131.46718606484,14683.35095694344,21224.124716741462,0.01464452,0.5160461,0.89666355,97
2026-08-27,Thursday,linea 8,atlalilco,14194.43425442244,11653.619391145376,16903.931915494653,0.011765844,0.41460684,0.8963874,103
2026-08-29,Saturday,linea 6,martín carrera,14235.68818377034,9294.931296754761,18911.361679655285,0.012335758,0.43468955,0.8961459,98
2026-08-03,Monday,linea 3,miguel ángel de quevedo,31369.65583479109,24675.7624390052,38250.58800220914,0.013920302,0.49052596,0.89603204,73
2026-08-02,Sunday,linea 3,guerrero,4787.9252551476475,3511.226525729083,6029.807947275676,0.014633742,0.5156663,0.8959183,114
2026-08-16,Sunday,linea 8,la viga,4511.985992635189,3392.600896767216,5783.166336863642,0.014632285,0.5156149,0.8958291,64
2026-08-23,Sunday,linea 2,san antonio abad,6673.850896831137,2784.4414448721604,10407.207164634248,0.014630552,0.5155539,0.89572304,37
2026-08-11,Tuesday,linea 3,división del norte,14393.396939829889,11105.100752909813,17374.99878710003,0.014623274,0.5152974,0.8953627,98
2026-08-12,Wednesday,linea 1,sevilla,27357.87037200861,22056.76494893975,32969.50776803762,0.013580482,0.47855136,0.8952826,58
2026-08-13,Thursday,linea 2,revolución,26182.510577261368,19854.283292195825,32696.835364792616,0.011750729,0.41407418,0.89523584,72
2026-08-24,Monday,linea 9,puebla,28574.667612511585,21741.383412555107,36978.33068172407,0.013901177,0.48985204,0.894801,38
2026-08-22,Saturday,linea 9,centro médico,11744.32872982045,9474.492727549004,14171.59202368197,0.012315469,0.4339746,0.894672,34
2026-08-01,Saturday,linea 2,tasqueña,41790.06257213192,26762.185981540835,54546.834558490234,0.012314275,0.43393254,0.89458525,115
2026-08-10,Monday,linea 3,juárez,13000.877338661201,8852.153369303845,17005.703444033108,0.01388929,0.4894332,0.8940359,75
2026-08-08,Saturday,linea 1,salto del agua,13077.130306712406,10133.12229625967,16070.988417002796,0.012303109,0.43353906,0.8937741,31
2026-08-21,Friday,linea b,ricardo flores magón,5451.808884455037,4384.454255222402,6407.4618596003365,0.011070688,0.39011082,0.89368814,38
2026-08-14,Friday,linea 4,martín carrera,23719.108857006377,19178.677544841943,28165.13604215176,0.0110692885,0.3900615,0.89357513,79
2026-08-17,Monday,linea 12,parque de los venados,11289.826275587888,9619.166062689168,13258.110990864938,0.01388128,0.4891509,0.8935203,68
2026-08-14,Friday,linea 3,eugenia,13619.118315688158,10788.360648899466,16624.109008169118,0.011067645,0.39000356,0.89344245,80
2026-08-03,Monday,linea 6,tezozómoc,4842.466755138003,3810.2361865484895,5794.354662873477,0.01387745,0.48901594,0.8932737,74
2026-08-23,Sunday,linea 4,talismán,1603.4904827295043,906.6972756393695,2330.8068259388474,0.01458937,0.5141027,0.89320177,38
2026-08-07,Friday,linea b,bosque de aragón,5646.719011605524,4196.097131338763,7004.309243953332,0.01106261,0.38982615,0.893036,31
2026-08-09,Sunday,linea 8,san juan de letrán,13964.92691634067,8324.122740658358,20007.92113857764,0.014578317,0.51371324,0.8925251,34
2026-08-11,Tuesday,linea 7,san joaquín,29501.12823139539,22755.728995768524,36519.823688846365,0.0145761315,0.51363623,0.8924762,99
2026-08-17,Monday,linea 7,san joaquín,28567.701171065935,22159.816692799723,35092.23124396187,0.013862625,0.48849353,0.89231944,69
2026-08-29,Saturday,linea 9,chilpancingo,27111.395124844923,20560.46292579181,32954.8921496777,0.012277768,0.4326461,0.89193314,99
2026-08-09,Sunday,linea 1,insurgentes,23758.801976352122,14157.01965328984,34358.59181429404,0.014567059,0.5133165,0.8918358,35
2026-08-29,Saturday,linea a,agrícola oriental,10362.715840553328,7973.04256025132,12799.212232856908,0.012272403,0.43245703,0.8915434,100
2026-08-03,Monday,linea b,tepito,17345.12171854821,12353.818181953708,22062.20783579195,0.013847893,0.48797444,0.8913712,75
2026-08-30,Sunday,linea b,río de los remedios,8694.981047973692,4804.833987033761,12337.267298135332,0.014550901,0.51274717,0.89084655,97
2026-08-14,Friday,linea 3,la raza,30512.959553968554,25273.637358367967,36346.76715476909,0.011032924,0.38878006,0.8906396,81
2026-08-10,Monday,linea b,olímpica,15165.810497253948,12407.2883403903,17705.53261436402,0.013833881,0.48748067,0.8904693,76
2026-08-10,Monday,linea 3,guerrero,7063.621482648891,5739.042982134926,8353.937720687314,0.01383204,0.4874158,0.89035076,77
2026-08-21,Friday,linea a,pantitlán,36805.566892858704,28537.02926453839,45153.23969807488,0.011028753,0.38863307,0.89030284,39
2026-08-08,Saturday,linea 4,morelos,6630.661922615802,5571.820908027721,7714.930667075446,0.012253216,0.4317809,0.89014953,32
2026-08-04,Tuesday,linea b,guerrero,5632.94938610144,4375.390154575995,6877.769504897398,0.014519605,0.5116443,0.8890152,48
2026-08-18,Tuesday,linea 12,zapata,13569.452030374627,11982.945975718909,15156.68594641926,0.014517414,0.5115671,0.888881,50
2026-08-01,Saturday,linea 2,normal,12530.751751757669,3476.280234836914,21655.137123700733,0.012233892,0.4311,0.8887458,116
2026-08-08,Saturday,linea 3,hidalgo,19660.60230898305,15608.999860003443,23722.112003671078,0.012231621,0.43101996,0.88858074,33
2026-08-17,Monday,linea 3,guerrero,7294.299639843955,6087.88675704526,8512.805558052762,0.013802826,0.48638636,0.8884703,70
2026-08-25,Tuesday,linea 9,mixiuhca,23381.174661982513,18949.756469463096,27554.32393899272,0.014489676,0.51058966,0.88718265,71
2026-08-27,Thursday,linea b,impulsora,25024.29936051723,20801.054677407705,29208.509398444345,0.011645006,0.4103487,0.8871813,104
2026-08-06,Thursday,linea 4,morelos,6280.213366653085,5204.953427337043,7386.282680034843,0.011643102,0.41028163,0.88703626,35
2026-08-24,Monday,linea 3,potrero,14002.355713170411,11642.15523348902,16283.91202250861,0.013778968,0.48554564,0.8869346,39
2026-08-13,Thursday,linea 6,lindavista,14988.249862730674,10046.959526177347,19981.420188778073,0.011636256,0.41004038,0.88651466,73
2026-08-26,Wednesday,linea 2,general anaya,18916.802163931738,14069.331572138959,23520.7416580064,0.01344665,0.47383535,0.8864598,96
2026-08-15,Saturday,linea a,pantitlán,26746.124045628047,18978.626242393246,35024.18531518845,0.012200676,0.4299295,0.8863327,78
2026-08-27,Thursday,linea b,san lázaro,16474.40620721515,12437.126565987872,20507.774919723975,0.011630812,0.40984854,0.8860999,105
2026-08-06,Thursday,linea a,acatitla,14594.30836630034,11681.560807953927,17457.800361878315,0.011627303,0.40972492,0.8858326,36
2026-08-15,Saturday,linea 6,lindavista,8274.424471711904,3174.47816534941,12884.156663496715,0.0121786,0.4291516,0.88472897,79
2026-08-18,Tuesday,linea 9,puebla,29239.73305200101,21518.294973122363,36773.685228472044,0.014446808,0.5090791,0.8845579,51
2026-08-26,Wednesday,linea 3,centro médico,17523.144084970383,14700.73483428564,20252.514128080325,0.013414788,0.4727126,0.88435936,97
2026-08-01,Saturday,linea 8,coyuya,18829.375086075568,13304.59571193305,23917.98783388197,0.0121684335,0.42879334,0.8839904,117
2026-08-15,Saturday,linea 8,escuadrón 201,16012.818172557083,12265.825401207072,20167.731906420297,0.01216696,0.42874143,0.8838834,80
2026-08-09,Sunday,linea 2,portales,8651.954026799263,5631.800500577054,11688.559261456754,0.014437013,0.5087339,0.88387406,36
2026-08-25,Tuesday,linea 3,potrero,14151.782894600825,11799.960578135911,16690.988820939278,0.014435059,0.5086651,0.8838386,72
2026-08-10,Monday,linea 7,san joaquín,27876.726948110598,21705.023576858766,34775.7306361078,0.013728884,0.48378077,0.88371074,78
2026-08-25,Tuesday,linea b,ciudad azteca,47267.57484197354,38807.877255022344,55778.990357839335,0.014429315,0.50846267,0.88348687,73
2026-08-28,Friday,linea 3,centro médico,18369.586360275665,15280.120403003202,21442.437733199073,0.010939804,0.38549867,0.8831224,103
2026-08-30,Sunday,linea 8,coyuya,14810.53342938661,9812.508802116736,19715.668135943513,0.0144192,0.50810623,0.8827835,98
2026-08-28,Friday,linea 7,san antonio,12288.02271184328,9985.778006140199,14633.67218715949,0.010935532,0.38534814,0.8827776,104
2026-08-11,Tuesday,linea 2,ermita,12548.758036898886,9135.39280206409,15967.32624721874,0.014415819,0.5079871,0.8826605,100
2026-08-14,Friday,linea 3,niños héroes,20690.126031461914,15084.324038270479,26350.153135593842,0.010930793,0.38518116,0.882395,82
2026-08-17,Monday,linea 2,viaducto,14720.777789768017,11564.582186851561,17988.459700220043,0.013706749,0.4830008,0.88228595,71
2026-08-22,Saturday,linea a,acatitla,14044.567764228379,11136.694746219548,16833.658681967583,0.012143943,0.42793036,0.8822113,35
2026-08-12,Wednesday,linea a,canal de san juan,11827.56135469378,9439.085975890217,13959.462281637223,0.013379681,0.47147548,0.882045,59
2026-08-29,Saturday,linea 8,atlalilco,11765.312862116141,9029.607901356683,14449.141259006268,0.012139031,0.42775723,0.8818544,101
2026-08-13,Thursday,linea 7,aquiles serdán,13415.00285119883,10709.524243625134,16362.843216219595,0.01157451,0.40786454,0.8818105,74
2026-08-02,Sunday,linea b,olímpica,8292.024833424619,5664.904248802173,10834.119444407359,0.0144025935,0.50752103,0.88176674,115
2026-08-27,Thursday,linea 8,santa anita,4332.007048551543,3490.470806258814,5149.207568049257,0.011569698,0.40769503,0.8814439,106
2026-08-09,Sunday,linea 4,canal del norte,3055.4536691035437,1549.1367364274272,4715.395624388335,0.014394886,0.5072495,0.88129485,37
2026-08-12,Wednesday,linea 12,mexicaltzingo,16457.529642181762,13352.39690409718,19598.621532225832,0.013363627,0.47090977,0.8809866,60
2026-08-26,Wednesday,linea 8,obrera,11576.554731553904,9637.144821111307,13666.523941435962,0.013362124,0.47085682,0.8808875,98
2026-08-25,Tuesday,linea 6,lindavista,17952.615987677254,13287.139798615011,22831.40463169933,0.014381112,0.50676405,0.8805354,74
2026-08-06,Thursday,linea 1,pantitlán,37164.41671316983,31350.60695625355,43082.46893973847,0.01155633,0.40722394,0.88042545,37
2026-08-16,Sunday,linea 8,bellas artes,14106.65568774716,8724.144312524424,19492.40509169853,0.014380147,0.5067301,0.8803925,65
2026-08-13,Thursday,linea 5,valle gómez,4232.2904466823475,3488.1312234700954,4980.641136664905,0.011552752,0.40709785,0.8801529,75
2026-08-02,Sunday,linea 3,división del norte,4690.705970348514,1720.37416683191,7718.1108740467125,0.014376038,0.5065853,0.88014096,116
2026-08-24,Monday,linea 1,merced,33002.81843290183,26173.424150457184,39800.34695096262,0.013673218,0.48181918,0.8801276,40
2026-08-24,Monday,linea 8,salto del agua,16707.093972578667,11936.478631614043,21216.123469805294,0.013671508,0.48175895,0.8800175,41
2026-08-01,Saturday,linea b,río de los remedios,12108.891853576002,8390.897699782552,15773.327555752147,0.01211263,0.42682692,0.87993646,118
2026-08-25,Tuesday,linea 7,polanco,46001.55719195881,38083.22924682658,54377.65972009316,0.014365933,0.5062292,0.87960607,75
2026-08-25,Tuesday,linea 1,observatorio,38789.156817673516,29627.332580224287,47401.24744019002,0.014362051,0.5060924,0.87936836,76
2026-08-20,Thursday,linea 9,puebla,29398.855377755135,21254.47269823177,36969.42984715204,0.011540909,0.40668052,0.87925065,47
2026-08-24,Monday,linea a,acatitla,15754.287031199636,12831.814380321577,18387.696030878025,0.013656231,0.4812206,0.87903416,42
2026-08-20,Thursday,linea 6,lindavista,16859.858328167404,11946.689718497606,21425.04306821663,0.011537776,0.40657014,0.8790119,48
2026-08-06,Thursday,linea 7,tacuba,8132.889881740716,6734.822665748324,9524.15044010719,0.011534835,0.4064665,0.8787879,38
2026-08-11,Tuesday,linea 12,calle 11,13047.753628136044,11080.446083835193,14925.256420040318,0.014344667,0.5054798,0.878304,101
2026-08-21,Friday,linea 1,zaragoza,27961.309532780004,23524.951331400986,32852.18090837307,0.0108725745,0.38312966,0.87769526,40
2026-08-11,Tuesday,linea 8,obrera,11199.736615048958,9218.141851505936,13207.758103183955,0.01433383,0.505098,0.8776404,102
2026-08-11,Tuesday,linea 3,niños héroes,21313.747869221115,15958.454410588194,26882.896878828975,0.014333514,0.5050868,0.87762105,103
2026-08-01,Saturday,linea 6,norte 45,3866.0028178478174,2429.8842303821634,5215.579339150499,0.012074535,0.42548454,0.877169,119
2026-08-18,Tuesday,linea 1,sevilla,27486.36653070306,21678.11612432203,32897.90953828612,0.014317308,0.50451577,0.8766288,52
2026-08-14,Friday,linea b,romero rubio,14025.34422958653,11901.003724077264,16154.429103688337,0.010858906,0.382648,0.8765919,83
2026-08-12,Wednesday,linea 3,eugenia,13629.0832268495,10794.748162082833,16193.527797356914,0.013294902,0.46848804,0.87645596,61
2026-08-20,Thursday,linea a,canal de san juan,12254.260240438414,9970.272116920307,14471.488176500327,0.011503062,0.40534687,0.8763672,49
2026-08-17,Monday,linea 8,escuadrón 201,19371.53309844133,15479.116976604275,23108.850630555957,0.013613688,0.47972146,0.8762957,72
2026-08-09,Sunday,linea 8,salto del agua,7501.71051862944,2776.329196946107,12217.921409926425,0.014312678,0.5043526,0.8762619,38
2026-08-13,Thursday,linea b,río de los remedios,15441.348744399369,11947.120065165507,19344.45308917654,0.011497202,0.40514037,0.8759208,76
2026-08-21,Friday,linea 1,chapultepec,46280.741046675554,36341.96410655229,55077.65957077903,0.010849875,0.38232976,0.8758629,41
2026-08-05,Wednesday,linea 8,escuadrón 201,19386.756264757856,15542.551461610496,23001.10884974205,0.013285565,0.46815902,0.8758404,60
2026-08-28,Friday,linea b,deportivo oceanía,13148.197562315,9675.896778035158,16648.374352274444,0.010848494,0.3822811,0.8757514,105
2026-08-01,Saturday,linea a,la paz,33229.14521070673,24409.216038368857,42300.919860720125,0.012051588,0.4246759,0.87550205,120
2026-08-29,Saturday,linea 2,general anaya,14646.494920959123,9851.188819744015,19651.97500959526,0.012050453,0.42463592,0.87541956,102
2026-08-02,Sunday,linea 3,la raza,14909.385625229963,9567.25474779,20758.37539889403,0.01429489,0.50372577,0.87517285,117
2026-08-30,Sunday,linea b,buenavista,28826.814368077674,18323.17740644586,39747.99780305183,0.014280773,0.5032283,0.8743085,99
2026-08-17,Monday,linea 2,xola,18515.2505369055,14174.657312478797,22816.543359753887,0.013582361,0.47861755,0.87427926,73
2026-08-25,Tuesday,linea b,morelos,4579.75567488556,3611.194278079475,5539.757087530894,0.014276168,0.50306606,0.87410986,77
2026-08-24,Monday,linea 6,instituto del petróleo,3085.7047681278527,2336.3102401424885,3788.342311453744,0.013578617,0.47848564,0.8740382,43
2026-08-18,Tuesday,linea 1,candelaria,17275.195575491598,14055.845302883232,20506.248060942125,0.014272518,0.50293744,0.8738864,53
2026-08-13,Thursday,linea 8,escuadrón 201,20169.663002367073,16226.899778151555,24146.986379419006,0.011469911,0.40417868,0.8738416,77
2026-08-14,Friday,linea 5,autobuses del norte,19177.308503621516,14401.220285283545,23883.940688244224,0.010821537,0.38133118,0.87357527,84
2026-08-17,Monday,linea 3,división del norte,14230.059236950621,11207.85646356341,17230.1692089875,0.013571052,0.47821906,0.8735513,74
2026-08-11,Tuesday,linea 2,cuitláhuac,13950.257282181283,10779.538953707975,17085.992275381355,0.014258296,0.5024363,0.8730156,104
2026-08-14,Friday,linea b,morelos,4511.869461189155,3467.4120166097227,5547.823583910021,0.010812556,0.3810147,0.87285024,85
2026-08-13,Thursday,linea 12,mexicaltzingo,16877.21543807685,13473.396377372159,19966.652386807255,0.011450739,0.4035031,0.8723809,78
2026-08-28,Friday,linea 8,constitución de 1917,109467.48334705105,89558.21334865659,127579.63869080419,0.010803569,0.38069803,0.8721248,106
2026-08-27,Thursday,linea 6,instituto del petróleo,3271.2236056358347,2526.969405415515,3984.464845199161,0.011444188,0.40327224,0.87188184,107
2026-08-08,Saturday,linea 9,mixiuhca,14933.141395912924,10701.08746853021,19319.047459815618,0.011996517,0.42273533,0.8715013,34
2026-08-03,Monday,linea 3,la raza,28646.128301687215,23062.613821679388,34080.81926629639,0.013537082,0.47702202,0.8713647,76
2026-08-28,Friday,linea b,buenavista,52885.03254195148,42641.34627615714,63759.027773702175,0.010792867,0.3803209,0.8712609,107
2026-08-25,Tuesday,linea 8,obrera,11358.645516681194,9382.54001611451,13301.732437920227,0.014225589,0.50128376,0.871013,78
2026-08-29,Saturday,linea 7,aquiles serdán,9900.598628980706,6757.650452791735,12827.472851478004,0.011988144,0.4224403,0.8708931,103
2026-08-17,Monday,linea 6,lindavista,15330.728794033208,10188.988480772803,20074.740631077697,0.013529405,0.47675148,0.87087053,75
2026-08-06,Thursday,linea 8,san juan de letrán,22388.019986748855,16374.79159028264,28442.999581233096,0.011427951,0.4027001,0.87064487,39
2026-08-15,Saturday,linea 1,sevilla,19277.53966563793,13740.427068615958,25000.416332252284,0.011982046,0.4222254,0.8704501,81
2026-08-29,Saturday,linea 4,canal del norte,7480.350804460822,5804.9018143957155,9105.779043640941,0.011978732,0.42210862,0.87020934,104
2026-08-21,Friday,linea b,guerrero,6424.92110664043,5121.786984694399,7786.550677169386,0.010776589,0.37974727,0.8699468,42
2026-08-17,Monday,linea 9,pantitlán,48704.81764355535,40966.36092161117,56119.67934775608,0.013512997,0.4761733,0.8698144,76
2026-08-13,Thursday,linea a,la paz,45896.060303849255,37111.727984611935,54307.45876449101,0.011415281,0.40225363,0.8696796,79
2026-08-04,Tuesday,linea 8,escuadrón 201,19130.550362979237,15078.247661351508,22916.999512118204,0.014203099,0.5004912,0.86963594,49
2026-08-25,Tuesday,linea 2,villa de cortés,17437.21469564054,13814.565443283804,21272.740735239357,0.01420205,0.50045425,0.86957175,79
2026-08-26,Wednesday,linea 3,hospital general,20016.20208737005,16105.44772693185,24053.184357092792,0.013190415,0.46480608,0.86956775,99
2026-08-05,Wednesday,linea 2,tacuba,30047.565810112872,25043.261589812657,35832.81120103896,0.013190328,0.46480304,0.86956203,61
2026-08-15,Saturday,linea 2,popotla,4879.869672206838,2392.2776485488453,7414.998792927235,0.011964745,0.42161572,0.8691932,82
2026-08-18,Tuesday,linea 8,bellas artes,16355.755603651967,10588.645229182566,21698.020474192894,0.014185544,0.49987262,0.8685611,54
2026-08-17,Monday,linea 8,coyuya,25479.98383690228,20363.58805626598,31054.242373741494,0.013487403,0.47527143,0.8681669,77
2026-08-14,Friday,linea 2,cuitláhuac,14485.810691851319,11443.266802589262,17445.200640847062,0.010752657,0.37890399,0.8680149,86
2026-08-20,Thursday,linea b,ricardo flores magón,5375.984211116976,4295.864110533709,6458.892955426051,0.011392864,0.40146372,0.8679717,50
2026-08-15,Saturday,linea 8,aculco,6649.681102638106,5175.700458868081,8133.465873738246,0.011944802,0.42091295,0.86774445,83
2026-08-10,Monday,linea 7,polanco,42549.71600589967,33814.93976107851,50707.33247467079,0.013476438,0.47488502,0.8674611,79
2026-08-16,Sunday,linea b,lagunilla,14975.561182101923,10027.271997454953,20087.603257323917,0.01416783,0.49924845,0.8673939,66
2026-08-17,Monday,linea b,san lázaro,19008.467828712895,14903.734078431955,23201.317592739724,0.013473079,0.47476664,0.8672449,78
2026-08-12,Wednesday,linea 3,guerrero,7432.612281503005,6155.116477142003,8644.63309897756,0.0131532205,0.46349543,0.86711574,62
2026-08-02,Sunday,linea b,romero rubio,10207.362445694951,7958.801564145784,12377.821204039541,0.014159961,0.49897113,0.8669121,118
2026-08-23,Sunday,linea 2,revolución,14514.754080571789,8209.42226639317,20638.8043903525,0.014155089,0.49879944,0.86661386,39
2026-08-29,Saturday,linea 7,refinería,8019.883369452775,4568.343384723502,11662.912347595917,0.011923547,0.420164,0.8662003,105
2026-08-03,Monday,linea 1,insurgentes,39846.29637957993,29647.46463641097,49577.274469639604,0.013456103,0.47416848,0.8661522,77
2026-08-10,Monday,linea 8,escuadrón 201,18603.229249617405,14887.218104017791,22442.967607507184,0.01345287,0.47405455,0.8659441,80
2026-08-20,Thursday,linea 6,instituto del petróleo,3151.4307862930523,2375.879827991322,3881.6050182703248,0.011356055,0.4001666,0.8651674,51
2026-08-22,Saturday,linea 8,garibaldi/lagunilla,12545.086811357265,9025.496849111252,16049.806468688479,0.011895401,0.4191722,0.8641557,36
2026-08-21,Friday,linea 1,gómez farias,21692.515213359082,18674.05043733411,24674.770474553417,0.010703766,0.37718114,0.8640681,43
2026-08-09,Sunday,linea b,oceanía,3303.068787350086,1432.966260986233,5170.8981006922395,0.014107689,0.49712917,0.8637119,39
2026-08-19,Wednesday,linea 2,tacuba,32213.80055307542,26866.43076876705,37411.46712917349,0.013100639,0.46164256,0.8636493,53
2026-08-19,Wednesday,linea 1,sevilla,27601.47837679491,22246.28249156463,32998.77222070861,0.01309837,0.4615626,0.86349976,54
2026-08-09,Sunday,linea 2,revolución,14107.892543519618,7539.627475833742,20710.101775390463,0.014100383,0.4968717,0.8632646,40
2026-08-15,Saturday,linea 7,refinería,7949.24306947582,4614.317356905536,11350.228859214025,0.01188232,0.41871122,0.8632054,84
2026-08-11,Tuesday,linea 1,observatorio,41077.596601286416,32557.789545462187,50501.77384995145,0.014097162,0.4967582,0.8631496,105
2026-08-25,Tuesday,linea 6,instituto del petróleo,3255.6411343485493,2531.206681280908,3952.562906477305,0.014095267,0.49669144,0.8630336,80
2026-08-26,Wednesday,linea 6,martín carrera,24823.500242990274,19686.53375760326,29980.06775166164,0.013090089,0.4612708,0.86295384,100
2026-08-24,Monday,linea b,plaza aragón,17907.48396185452,14933.718531409477,20756.34614473244,0.0134029975,0.47229713,0.86273384,44
2026-08-03,Monday,linea 3,tlatelolco,14268.45818722618,10699.95708364281,17822.652658108756,0.013402657,0.47228512,0.8627119,78
2026-08-02,Sunday,linea 5,misterios,3057.405862679593,1799.8658712977904,4505.760404000744,0.014089907,0.49650255,0.8626232,119
2026-08-17,Monday,linea 9,centro médico,13910.992696430918,11573.36770734604,16424.584830119104,0.013399176,0.47216246,0.86248785,79
2026-08-16,Sunday,linea 1,gómez farias,14747.089218472764,11392.608347562698,18010.8405026281,0.014086191,0.4963716,0.8623957,67
2026-08-27,Thursday,linea b,oceanía,8552.339912493113,6873.474734006492,10359.375518478564,0.011319564,0.39888072,0.8623873,108
2026-08-28,Friday,linea 4,talismán,3614.3908525958504,2866.38218460556,4370.536939558165,0.01067598,0.37620202,0.86182505,108
2026-08-08,Saturday,linea 9,puebla,22991.62476436415,15165.076487544879,30540.859105239273,0.011862641,0.41801777,0.86177576,35
2026-08-02,Sunday,linea a,la paz,20621.966880981374,12244.49230194531,29575.73870077076,0.01407407,0.4959445,0.8616537,120
2026-08-06,Thursday,linea b,san lázaro,15353.373986553057,11500.003299269725,19264.873741975058,0.011308789,0.39850104,0.8615664,40
2026-08-26,Wednesday,linea b,buenavista,52613.1564212284,41721.22567557724,62879.01595397481,0.013061788,0.46027353,0.8610881,101
2026-08-03,Monday,linea 9,lázaro cárdenas,11546.526096448217,9431.863137758392,13682.073383408364,0.01337501,0.4713109,0.86093235,79
2026-08-24,Monday,linea a,los reyes,21734.474169180212,18225.7405163662,25574.648232137537,0.013372752,0.4712313,0.860787,45
2026-08-09,Sunday,linea a,peñón viejo,7537.123080248898,5126.208725274117,9722.551541910852,0.014058967,0.4954123,0.860729,41
2026-08-07,Friday,linea b,río de los remedios,15577.904203333084,11891.228553258768,18932.62155154568,0.010656868,0.37552854,0.86028224,32
2026-08-23,Sunday,linea a,pantitlán,17094.923812167548,8358.598008746378,25170.826223659064,0.014051334,0.49514332,0.8602617,40
2026-08-03,Monday,linea 2,revolución,24061.509215294263,17479.935806782792,30269.253617160542,0.013363966,0.47092173,0.86022145,80
2026-08-03,Monday,linea 6,martín carrera,22865.34411213947,18142.30119115307,28306.748495706808,0.013362953,0.47088605,0.86015624,81
2026-08-23,Sunday,linea 1,boulevard puerto aéreo,13261.125936561499,10841.551375574103,15756.374392900387,0.014049194,0.4950679,0.86013067,41
2026-08-11,Tuesday,linea 7,tacubaya,6052.097578838987,4728.471820762497,7524.854150278135,0.014045113,0.4949241,0.8599627,106
2026-08-14,Friday,linea 4,canal del norte,6273.56207184148,4801.687673476197,7705.9085853964125,0.010652888,0.37538826,0.8599609,87
2026-08-21,Friday,linea 8,iztapalapa,10521.135025238775,7850.34847172537,13209.63474060091,0.010652611,0.37537852,0.85993856,44
2026-08-15,Saturday,linea 3,hospital general,10125.412931535935,5824.42235001545,14119.911433706942,0.011836265,0.41708833,0.85985965,85
2026-08-29,Saturday,linea a,tepalcates,23537.111266566386,17441.254464793292,29619.929292792578,0.011830745,0.41689384,0.8594587,106
2026-08-27,Thursday,linea 7,san antonio,12369.935916919425,10084.716237273857,14672.559112970406,0.011281083,0.39752474,0.85945565,109
2026-08-13,Thursday,linea b,morelos,4427.833095748324,3360.6689628329386,5441.122596961239,0.011276787,0.39737335,0.85912836,80
2026-08-26,Wednesday,linea 8,doctores,11542.7547381054,9123.80519018851,14133.685668744529,0.013031998,0.45922378,0.8591242,102
2026-08-03,Monday,linea 8,aculco,7920.305214573787,6433.414192825795,9400.428625831335,0.013345363,0.47026616,0.8590239,82
2026-08-10,Monday,linea 6,tezozómoc,5011.075669925372,4060.3500655890693,5990.887210090181,0.013343209,0.4701903,0.85888535,81
2026-08-01,Saturday,linea 7,san pedro de los pinos,7048.390642613073,4402.1465458158145,9852.130941018062,0.011817892,0.4164409,0.8585249,121
2026-08-01,Saturday,linea 2,cuitláhuac,10978.318931221707,7961.647295902968,14164.621068624961,0.011817101,0.41641304,0.85846746,122
2026-08-03,Monday,linea 7,mixcoac,17745.642447440765,13646.411193120613,21733.760238374933,0.013336349,0.46994856,0.8584438,83
2026-08-13,Thursday,linea b,tepito,17613.35776342661,12721.280952974561,22353.66422450686,0.011261257,0.39682612,0.8579452,81
2026-08-03,Monday,linea 7,polanco,41955.9443282339,33655.24382130281,50674.72855610545,0.013323392,0.46949196,0.85760975,84
2026-08-10,Monday,linea 8,obrera,10607.37387640786,8574.383086747499,12555.380005672921,0.013316912,0.4692636,0.8571926,82
2026-08-29,Saturday,linea 9,pantitlán,41115.71372928565,33397.71316946844,50336.33673037555,0.01179232,0.41553977,0.8566672,107
2026-08-24,Monday,linea b,olímpica,15981.00103111802,13390.490165198604,18523.343516953595,0.013301772,0.46873012,0.8562181,46
2026-08-10,Monday,linea 1,observatorio,52402.6300328737,43535.79738539071,61100.99954678331,0.013300652,0.46869063,0.856146,83
2026-08-16,Sunday,linea b,impulsora,13589.806687010523,9312.486516011764,17928.953523028915,0.013981916,0.49269715,0.8560117,68
2026-08-08,Saturday,linea 7,tacuba,6704.254704224805,5290.69776534744,8135.439017218018,0.011782184,0.41518262,0.85593086,36
2026-08-19,Wednesday,linea 3,copilco,45439.7186683398,32453.846771959514,58418.30416393264,0.012982632,0.45748422,0.8558698,55
2026-08-28,Friday,linea 2,bellas artes,17635.60314028363,8872.490724181524,26324.12139608009,0.010600048,0.3735263,0.8556954,109
2026-08-22,Saturday,linea 12,zapata,11309.112561927075,9679.08814820396,12965.158996467453,0.01177842,0.41504997,0.8556574,37
2026-08-30,Sunday,linea 3,hospital general,6949.879881533681,3062.777020387354,10983.745502835834,0.013972269,0.49235722,0.8554211,100
2026-08-28,Friday,linea 6,norte 45,6201.312537849652,4822.235450113299,7579.414094332656,0.010595984,0.3733831,0.8553673,110
2026-08-06,Thursday,linea 12,zapata,13397.378733530226,11730.565275750972,15175.694522227528,0.01122176,0.3954343,0.85493606,41
2026-08-27,Thursday,linea 5,politécnico,29323.714794864507,20809.71253317901,38484.810096399924,0.011217434,0.39528185,0.85460645,110
2026-08-17,Monday,linea 5,autobuses del norte,21127.24396970977,16599.20156939916,25752.97324069648,0.013267268,0.46751428,0.8539971,80
2026-08-09,Sunday,linea b,deportivo oceanía,3301.7626432617435,0.0,6729.308114576727,0.013941583,0.4912759,0.85354245,42
2026-08-14,Friday,linea b,impulsora,23556.05318117762,19157.079380481624,27943.111276631833,0.010572374,0.3725511,0.8534614,88
2026-08-04,Tuesday,linea 1,balbuena,8781.853249586618,7222.423029613494,10288.612835108315,0.013930294,0.49087808,0.85293245,50
2026-08-02,Sunday,linea 1,balderas,5345.910656014639,0.0,11893.547815911128,0.013929854,0.49086258,0.85282433,121
2026-08-05,Wednesday,linea b,romero rubio,12881.731278877178,10741.109649180104,14928.968351393474,0.012927025,0.4555247,0.85220397,62
2026-08-24,Monday,linea 5,terminal aérea,17585.09783412419,14518.739948322163,20613.509311836464,0.013232245,0.46628013,0.85174274,47
2026-08-03,Monday,linea a,la paz,44074.380959443995,35123.686828356644,52706.521816631124,0.013224496,0.46600705,0.8512439,85
2026-08-14,Friday,linea 9,centro médico,14635.657921615733,12224.251203070682,17036.328125721404,0.010543981,0.3715506,0.85116935,89
2026-08-28,Friday,linea 6,instituto del petróleo,3157.807938376555,2396.8032009711424,3930.7643624933853,0.010543104,0.3715197,0.8510986,111
2026-08-09,Sunday,linea 6,lindavista,3163.1216291956116,0.0,8260.715047445829,0.013901398,0.48985982,0.85108215,43
2026-08-25,Tuesday,linea 7,san pedro de los pinos,13340.491063754132,10627.140967589916,15893.84189272707,0.013898275,0.4897498,0.850972,81
2026-08-28,Friday,linea 3,indios verdes,92546.4395619341,78045.04578635214,107313.5744293121,0.01053503,0.3712352,0.85044676,112
2026-08-15,Saturday,linea 9,tacubaya,35044.65183839823,22778.593643709526,47088.01456520974,0.011705591,0.41248363,0.8503667,86
2026-08-09,Sunday,linea 2,pino suárez,30823.464263493734,19537.587452262724,40839.892472983665,0.013887104,0.48935613,0.85020703,44
2026-08-06,Thursday,linea b,morelos,4362.51683997868,3425.478287357209,5304.404698427664,0.011158731,0.39321327,0.85013413,42
2026-08-25,Tuesday,linea 7,tacuba,8838.048311837949,7374.376796867829,10311.469539542424,0.013884303,0.48925745,0.85011655,82
2026-08-26,Wednesday,linea 8,aculco,9246.976121856364,7747.012288592095,10784.491580861017,0.012891212,0.45426273,0.84984297,103
2026-08-05,Wednesday,linea 1,chapultepec,43778.53985595654,34908.1708400378,53011.95323043517,0.012888336,0.45416138,0.8496534,63
2026-08-25,Tuesday,linea 3,hospital general,20044.217748602485,16273.503882615605,24046.12295035089,0.013874551,0.4889138,0.84951943,83
2026-08-27,Thursday,linea 7,san pedro de los pinos,13405.715738433595,10422.131422578968,15896.642110862718,0.01114528,0.39273927,0.84910935,111
2026-08-23,Sunday,linea 3,potrero,8872.139785115194,6650.099674943327,11435.041751511553,0.013865324,0.48858866,0.8488736,42
2026-08-04,Tuesday,linea 5,valle gómez,4050.6791123273633,3301.1684899558263,4770.163136988755,0.013863551,0.4885262,0.84884596,51
2026-08-29,Saturday,linea 6,tezozómoc,4463.974148413608,3452.589540112709,5474.8224241572925,0.011681367,0.41163,0.8486069,108
2026-08-19,Wednesday,linea 7,tacuba,8737.182733265332,7275.627753402961,10391.644670700962,0.012866563,0.45339414,0.8482181,56
2026-08-04,Tuesday,linea b,río de los remedios,14990.396761893307,11322.317318395253,18725.03944125982,0.0138436295,0.4878242,0.84762615,52
2026-08-09,Sunday,linea 8,bellas artes,13635.23332204983,7994.100926670198,18466.52315606072,0.01384281,0.4877953,0.84749526,45
2026-08-15,Saturday,linea 3,coyoacán,19328.37589452366,14515.630645593359,24171.802310257786,0.011664198,0.411025,0.8473596,87
2026-08-10,Monday,linea 6,norte 45,5747.353085858349,4340.432720709737,7034.317861949614,0.013163529,0.4638587,0.8473196,84
2026-08-04,Tuesday,linea 6,tezozómoc,5155.922394534082,4198.680301575167,6109.789094181962,0.013836399,0.4875694,0.8471834,53
2026-08-11,Tuesday,linea 12,lomas estrella,9779.24755553502,8566.425980483995,11001.665621879534,0.013831625,0.48740116,0.8468911,107
2026-08-09,Sunday,linea a,pantitlán,15803.458765052925,7197.827188320016,23707.59096407222,0.013831787,0.48740688,0.8468204,46
2026-08-03,Monday,linea 12,zapata,12798.791085448183,11207.149029812488,14377.80778139537,0.013148808,0.46333995,0.846372,86
2026-08-07,Friday,linea a,los reyes,20204.182023531084,16297.639120427257,23972.017507740453,0.010484098,0.36944047,0.8463353,33
2026-08-07,Friday,linea 1,insurgentes,43252.119496815445,33055.0272887666,53802.835736341185,0.010483535,0.3694206,0.8462898,34
2026-08-17,Monday,linea 8,la viga,6261.173602538689,5157.927284394739,7381.723005502733,0.013146723,0.46326646,0.8462378,81
2026-08-11,Tuesday,linea 3,tlatelolco,15751.735901408832,12059.094610905062,19411.25937996292,0.013817894,0.48691732,0.8460504,108
2026-08-26,Wednesday,linea 9,patriotismo,18410.558808815207,14662.107761211359,22203.758472569018,0.012833598,0.45223254,0.84604484,104
2026-08-02,Sunday,linea b,múzquiz,13003.276569047652,8179.201874637711,17378.608513111485,0.013813931,0.48677766,0.8457272,122
2026-08-08,Saturday,linea 2,popotla,4213.004693690671,1540.0673290967347,6658.680613862253,0.011638383,0.41011536,0.8454843,37
2026-08-25,Tuesday,linea 7,san joaquín,30475.88605049375,24671.512875089637,36833.93812247942,0.013807715,0.48655862,0.84542716,84
2026-08-05,Wednesday,linea 3,miguel ángel de quevedo,33281.402513722496,26418.362732812006,39629.280098051655,0.012815808,0.45160565,0.84487206,64
2026-08-11,Tuesday,linea b,oceanía,7897.009620799049,6261.271893612883,9710.511087713176,0.013794073,0.4860779,0.84459186,109
2026-08-13,Thursday,linea 4,morelos,6453.853413928725,5273.605570545708,7525.357869713009,0.011080606,0.39046028,0.84418213,82
2026-08-27,Thursday,linea a,guelatao,23798.38787450218,18978.97261133843,28290.627553309674,0.011080241,0.39044744,0.84415436,112
2026-08-06,Thursday,linea 3,potrero,12848.19492291771,10406.164010186383,15263.296335802926,0.0110784015,0.39038262,0.8440142,43
2026-08-08,Saturday,linea 8,san juan de letrán,26306.162174892925,20446.6475593193,32455.259487977608,0.011612797,0.40921372,0.84362555,38
2026-08-22,Saturday,linea 4,talismán,2754.102791746251,2041.6406177696376,3440.6903633894153,0.011612584,0.4092062,0.84361005,38
2026-08-08,Saturday,linea 1,pantitlán,32281.634425401528,26058.438479905682,38156.08362440338,0.011607648,0.4090323,0.84325147,39
2026-08-26,Wednesday,linea 5,politécnico,29363.60247217203,20700.398712644725,37556.09908599681,0.012790103,0.45069987,0.8431775,105
2026-08-16,Sunday,linea 2,general anaya,9007.521560564324,4228.099826998874,14019.908476496805,0.013770105,0.48523334,0.8430441,69
2026-08-03,Monday,linea b,múzquiz,23528.327137846023,18803.29992907442,28784.50112951429,0.013094229,0.46141666,0.8428588,87
2026-08-21,Friday,linea 8,salto del agua,17735.518112495258,13448.199506108404,22236.930361951887,0.010440439,0.36790198,0.84281087,45
2026-08-27,Thursday,linea 3,juárez,14096.570713384912,10382.630474157142,18186.88274310482,0.011062209,0.389812,0.84278053,113
2026-08-12,Wednesday,linea b,morelos,4443.739254224354,3496.543687403607,5480.778640033309,0.012782586,0.45043495,0.84268194,63
2026-08-13,Thursday,linea 9,centro médico,14470.872975560167,12036.64645585025,16989.893302782915,0.011059726,0.3897245,0.8425914,83
2026-08-16,Sunday,linea a,agrícola oriental,6556.264472991151,4196.939422713349,9008.59932514344,0.013761036,0.48491374,0.8424888,70
2026-08-09,Sunday,linea 8,la viga,4351.2145692855665,3168.0239611998977,5474.083123356463,0.013758067,0.48480913,0.84230703,47
2026-08-28,Friday,linea 7,barranca del muerto,41278.1192501019,32424.102776827905,50520.827114920685,0.010433289,0.36765003,0.8422337,113
2026-08-26,Wednesday,linea b,san lázaro,16772.038054441346,12775.082755744888,20821.20705864914,0.01276721,0.44989312,0.84166825,106
2026-08-29,Saturday,linea 3,tlatelolco,13405.279586246861,9596.940942776877,16874.97290202582,0.0115779415,0.40798548,0.8410934,109
2026-08-02,Sunday,linea 2,panteones,4492.406980463772,2654.5818373241636,6551.184289602835,0.013738095,0.48410535,0.8410843,123
2026-08-28,Friday,linea 8,salto del agua,17791.71171929704,12851.198628140635,22788.837083606013,0.010415055,0.3670075,0.8407617,114
2026-08-30,Sunday,linea 7,auditorio,9061.64190391521,1780.9415690362973,16093.289710873109,0.013727548,0.48373368,0.84043854,101
2026-08-09,Sunday,linea b,río de los remedios,7315.87265134253,3578.2567186372235,11103.606127475676,0.013724365,0.48362154,0.84024376,48
2026-08-22,Saturday,linea b,guerrero,6152.785170713087,4883.540896838037,7514.107896538505,0.011565195,0.40753633,0.84016746,39
2026-08-14,Friday,linea 7,san pedro de los pinos,12774.908526920322,9931.818394277476,15450.762005687282,0.010404999,0.36665314,0.83994997,90
2026-08-13,Thursday,linea 6,tezozómoc,5423.541398553624,4479.480751674584,6425.12955989684,0.011012979,0.38807723,0.83902997,84
2026-08-29,Saturday,linea 3,coyoacán,19560.290610638345,14382.72175305708,24550.37353000037,0.011549001,0.40696567,0.838991,110
2026-08-29,Saturday,linea 3,balderas,4291.342778269017,0.0,11853.586048640995,0.011548989,0.40696526,0.83899015,111
2026-08-28,Friday,linea 7,san joaquín,29580.240774968133,23276.61794594705,36356.61599727149,0.01039181,0.36618838,0.83888525,115
2026-08-08,Saturday,linea a,canal de san juan,11206.83385302366,8920.4036434721,13473.477230250388,0.011546661,0.4068832,0.83882105,40
2026-08-28,Friday,linea 12,mexicaltzingo,16280.221447101667,13064.229255614098,19464.94393905074,0.010389658,0.36611253,0.8387115,116
2026-08-18,Tuesday,linea 8,cerro de la estrella,10943.861599465516,9228.825067699696,12847.732756044283,0.013697566,0.4826772,0.8386829,55
2026-08-13,Thursday,linea 2,general anaya,18578.237813539385,13875.407603047328,23362.105659189307,0.01100774,0.38789263,0.83863086,85
2026-08-22,Saturday,linea b,bosque de aragón,5964.476956275147,4477.553239535821,7306.431470602909,0.011540486,0.4066656,0.8383724,40
2026-08-12,Wednesday,linea 3,centro médico,17079.945982576366,14118.31776296843,20040.009387531296,0.012714655,0.4480412,0.83820367,64
2026-08-16,Sunday,linea 8,garibaldi/lagunilla,8993.313105685931,5042.220148356266,12581.051389957038,0.013679425,0.48203793,0.8374924,71
2026-08-30,Sunday,linea 4,canal del norte,4894.087172319907,3475.3114390611045,6405.569085725652,0.013677006,0.48195267,0.8373442,102
2026-08-10,Monday,linea 6,martín carrera,23542.451490502262,18413.49743027364,28545.01939090092,0.013004053,0.45823905,0.8370543,85
2026-08-06,Thursday,linea 9,mixiuhca,22523.871517783577,18170.446518559846,26637.17665381634,0.010986274,0.38713622,0.8369954,44
2026-08-20,Thursday,linea 2,villa de cortés,16904.98849330951,13296.045098266637,20707.029843299486,0.010984555,0.38707563,0.8368645,52
2026-08-27,Thursday,linea 9,patriotismo,18416.225865967644,14662.304769897122,22002.299081255238,0.01098255,0.38700497,0.8367117,114
2026-08-25,Tuesday,linea 2,general anaya,18429.974395669487,13523.990496371423,22948.983172582342,0.013664384,0.48150793,0.8366512,85
2026-08-05,Wednesday,linea 3,guerrero,7235.818083333354,5867.959840107622,8571.06132384449,0.012689904,0.44716904,0.836572,65
2026-08-08,Saturday,linea a,los reyes,17692.46042314792,13878.285504408144,21695.415054947585,0.011514383,0.4057458,0.83647615,41
2026-08-16,Sunday,linea b,olímpica,9052.278504733447,6556.58590008624,11732.09769232731,0.013661409,0.48140305,0.83638936,72
2026-08-15,Saturday,linea 2,revolución,23082.954424340875,16939.061353997076,30046.291297077616,0.011506717,0.40547565,0.8359192,88
2026-08-12,Wednesday,linea 8,aculco,8836.477515402574,7427.849701878158,10287.13932453914,0.012678576,0.44676983,0.83582515,65
2026-08-24,Monday,linea 8,iztapalapa,9839.738843886262,7153.897291721959,12479.25973460839,0.012981923,0.45745924,0.8356298,48
2026-08-28,Friday,linea 3,etiopía/plaza de la transparencia,26301.457762682192,21391.51380497715,31203.08493630618,0.010348545,0.3646638,0.8353927,117
2026-08-03,Monday,linea 4,canal del norte,5256.2160011891965,3712.9799674483556,6720.270296046892,0.012976469,0.45726702,0.8352787,88
2026-08-29,Saturday,linea 8,santa anita,3476.8766859266493,2602.659415875094,4342.984571261811,0.011495782,0.40509033,0.83512485,112
2026-08-03,Monday,linea 3,viveros/derechos humanos,16859.484605208163,13633.498221188303,20012.49039796429,0.012969269,0.45701334,0.8348153,89
2026-08-15,Saturday,linea 7,aquiles serdán,9608.353210805879,6790.496307446716,12308.59463525384,0.011486623,0.4047676,0.83445954,89
2026-08-03,Monday,linea 8,cerro de la estrella,9698.801342517763,7844.2365093014205,11437.555623095313,0.012961172,0.45672798,0.8342941,90
2026-08-09,Sunday,linea 1,merced,31850.947026161237,24404.181060779476,38631.30023826571,0.013625442,0.48013565,0.8341874,49
2026-08-17,Monday,linea 3,centro médico,16375.228904473697,13353.420700087197,19425.891635210282,0.0129593415,0.4566635,0.8341763,82
2026-08-16,Sunday,linea 2,normal,6302.956732588496,0.0,15224.866540039166,0.0136197535,0.4799352,0.8338391,73
2026-08-27,Thursday,linea 2,hidalgo,18506.89437465869,11463.626547489368,25804.40330397582,0.010943803,0.3856396,0.8337597,115
2026-08-03,Monday,linea 6,vallejo,6776.454793032614,5204.347732172317,8343.3059317164,0.012949982,0.45633367,0.8335738,91
2026-08-14,Friday,linea 6,tezozómoc,5456.813409965639,4510.0781008638205,6438.105397425168,0.010324941,0.36383203,0.8334872,91
2026-08-28,Friday,linea a,tepalcates,30481.360689111953,24080.996473643117,37095.126534878094,0.010320678,0.36368182,0.8331431,118
2026-08-05,Wednesday,linea a,la paz,44524.164915514535,35660.51479655972,52735.912936202796,0.012635023,0.4452351,0.832954,66
2026-08-22,Saturday,linea 1,gómez farias,19711.01840701464,16542.03174857813,22958.92542137857,0.011465489,0.40402287,0.8329242,41
2026-08-03,Monday,linea 9,pantitlán,46954.60441971121,39139.07928764365,54404.876296546216,0.012938834,0.45594084,0.83285624,92
2026-08-25,Tuesday,linea 12,mexicaltzingo,16485.504049852603,13487.551685514187,19511.48662099033,0.013600261,0.47924832,0.83272505,86
2026-08-07,Friday,linea 7,tacuba,8238.77494815701,6869.758123841428,9653.927031680996,0.010307006,0.36320004,0.83203936,35
2026-08-27,Thursday,linea 12,mixcoac,17912.093992473914,15407.906729461367,20850.204845965585,0.010920891,0.3848322,0.83201414,116
2026-08-20,Thursday,linea 8,cerro de la estrella,11063.424771371783,9136.02199771476,12999.528861067833,0.010920704,0.38482565,0.83199996,53
2026-08-05,Wednesday,linea b,olímpica,15131.21862353163,12401.633406569512,17631.005135256062,0.01261805,0.444637,0.83183503,67
2026-08-15,Saturday,linea b,tepito,22900.038802399624,18010.122978014566,27325.156806694064,0.011447409,0.40338576,0.83161074,90
2026-08-19,Wednesday,linea 1,zaragoza,27331.79956328508,22829.866281384137,32627.972095029803,0.012609914,0.4443503,0.83129865,57
2026-08-27,Thursday,linea 9,velódromo,13180.75818406858,73.57702202205002,27795.404134746394,0.010911468,0.3845002,0.8312963,117
2026-08-11,Tuesday,linea 2,popotla,7105.426934832097,4717.502432875551,9616.135390199865,0.013576618,0.4784152,0.83127743,110
2026-08-03,Monday,linea 8,la viga,5977.672541014065,4796.377614723895,7155.31841688087,0.012913098,0.45503396,0.8311996,93
2026-08-03,Monday,linea 2,general anaya,17346.890844798603,12186.348556605606,22477.497756583194,0.012909604,0.45491084,0.83097476,94
2026-08-03,Monday,linea 1,merced,32789.90687703472,25391.130102441795,39630.76277373508,0.012907654,0.45484212,0.83084923,95
2026-08-09,Sunday,linea 8,escuadrón 201,8890.089797112196,4851.443186864641,12830.427691549181,0.013568919,0.4781439,0.8307269,50
2026-08-26,Wednesday,linea 8,santa anita,4295.528238886743,3467.7898236253304,5081.531965956325,0.012598864,0.44396093,0.8305702,107
2026-08-12,Wednesday,linea b,lagunilla,17801.047676667833,12562.689811080105,22869.61264580761,0.012597339,0.4439072,0.83046967,66
2026-08-13,Thursday,linea 9,lázaro cárdenas,12764.367902913704,10928.477243431727,14745.323367095909,0.010895742,0.38394603,0.8300982,86
2026-08-28,Friday,linea 3,división del norte,15671.054292671317,12665.066355054227,18988.78753737316,0.010278983,0.36221257,0.82977724,119
2026-08-05,Wednesday,linea 7,polanco,44024.58429495322,36367.47525531095,52055.08258424475,0.012585826,0.4435015,0.8297107,68
2026-08-03,Monday,linea 7,tacubaya,5695.162597675594,4357.76705749189,7092.542994088934,0.012884527,0.45402718,0.8293606,96
2026-08-17,Monday,linea 6,vallejo,7063.503258812112,5576.237148285978,8568.112006548534,0.012882283,0.45394808,0.8292161,83
2026-08-11,Tuesday,linea b,romero rubio,12780.942544911139,10725.847358824778,14996.341306973462,0.01354226,0.47720447,0.8291737,111
2026-08-28,Friday,linea b,oceanía,8361.961328410063,6399.421378690399,10157.54133832517,0.010268903,0.36185738,0.8289635,120
2026-08-28,Friday,linea 6,tezozómoc,5937.978046086961,4944.986496196559,6899.900150287864,0.010265104,0.36172348,0.8286568,121
2026-08-02,Sunday,linea 8,atlalilco,6369.234868951662,3559.639371923787,9088.812180294279,0.013529659,0.47676045,0.8283233,124
2026-08-21,Friday,linea a,canal de san juan,12897.522526596738,10838.57574773219,15186.898182277615,0.010260111,0.36154753,0.82825375,46
2026-08-18,Tuesday,linea b,romero rubio,13208.436900358827,11061.511204130351,15100.226150069968,0.0135231,0.4765293,0.82800055,56
2026-08-17,Monday,linea 3,niños héroes,21796.33017292303,16208.111240282546,27380.25670022629,0.012863275,0.45327827,0.82799256,84
2026-08-05,Wednesday,linea 2,bellas artes,16682.565632936086,7777.085991058312,24836.84934700781,0.012550628,0.44226116,0.82739025,69
2026-08-24,Monday,linea 4,morelos,6335.040840893863,5227.843123306531,7400.159479732214,0.012853416,0.45293087,0.82735795,49
2026-08-11,Tuesday,linea 5,aragón,6548.296946539756,5094.143674581292,7909.1096930475,0.01351135,0.4761153,0.8272812,112
2026-08-19,Wednesday,linea 3,coyoacán,28925.25074923577,23624.126666462,33973.16842443603,0.012548306,0.44217935,0.8272372,58
2026-08-11,Tuesday,linea b,ecatepec,23234.919105576326,18654.52495829611,28156.692623576528,0.013509762,0.4760593,0.82718384,113
2026-08-12,Wednesday,linea 3,hospital general,19690.40450085058,15671.161717055144,23775.961646822827,0.012546274,0.44210774,0.82710326,67
2026-08-01,Saturday,linea 5,oceanía,5348.648684672539,3445.031331274705,7011.343431880475,0.011383459,0.4011323,0.82696503,123
2026-08-10,Monday,linea 7,san pedro de los pinos,11947.540845263327,9240.164139124096,14827.623712330107,0.012846375,0.45268276,0.8269048,86
2026-08-16,Sunday,linea b,río de los remedios,7566.628109380298,3898.5400267614345,11155.116658048428,0.013497515,0.47562772,0.82635534,74
2026-08-17,Monday,linea 1,observatorio,51353.309408205525,42671.573992452446,59917.87820034961,0.012829219,0.45207822,0.8258005,85
2026-08-10,Monday,linea 2,general anaya,17678.762383816873,12583.941097901343,22384.103594634977,0.012826369,0.4519778,0.825617,87
2026-08-02,Sunday,linea 9,lázaro cárdenas,6778.305607919265,4787.708557339862,8745.985670202717,0.013482735,0.47510692,0.8254504,125
2026-08-11,Tuesday,linea 3,indios verdes,86638.25683179466,72319.19336143475,101660.65075899653,0.013479386,0.47498894,0.82532406,114
2026-08-10,Monday,linea 2,ermita,11817.941723829292,8292.84131979433,14998.346130759472,0.012820344,0.4517655,0.8252292,88
2026-08-04,Tuesday,linea 2,villa de cortés,16512.97063603693,12636.908047880917,20266.608761253636,0.013476667,0.4748931,0.8251575,54
2026-08-07,Friday,linea b,san lázaro,16023.360916733336,12011.471077650755,20060.252109836034,0.010219564,0.36011875,0.82498056,36
2026-08-11,Tuesday,linea 7,barranca del muerto,40203.24203380614,31178.86964022063,48391.06489311879,0.013468859,0.47461796,0.82467943,115
2026-08-27,Thursday,linea 8,constitución de 1917,108466.14300864133,90939.26142166683,127332.06999429107,0.010822429,0.38136262,0.82451284,118
2026-08-29,Saturday,linea 8,iztacalco,12812.785930404627,8264.310728353264,17184.98099411178,0.011347748,0.3998739,0.82437074,113
2026-08-30,Sunday,linea 9,tacubaya,17936.19000654927,4715.501007296713,29001.728246349874,0.013461352,0.47435343,0.8241414,103
2026-08-25,Tuesday,linea 2,tacuba,32499.19818001734,26759.726404906625,37871.57408223262,0.013458503,0.47425306,0.8240454,87
2026-08-27,Thursday,linea 3,miguel ángel de quevedo,34642.01725105958,27517.622502023132,41769.21053645525,0.010814515,0.38108373,0.8239099,119
2026-08-20,Thursday,linea 4,morelos,6583.794340376611,5368.395381185403,7729.1912862754425,0.010814408,0.38107994,0.8239017,54
2026-08-28,Friday,linea 1,balderas,20422.033501324626,14437.650450670248,26006.422156437686,0.010205938,0.35963857,0.8238806,122
2026-08-09,Sunday,linea 8,doctores,3156.600614271574,766.9323284618233,5682.0774692113655,0.013456738,0.47419083,0.82385886,51
2026-08-05,Wednesday,linea a,guelatao,19266.872645380787,14742.99234318151,23786.42843344443,0.012495641,0.44032353,0.8237653,70
2026-08-07,Friday,linea 8,san juan de letrán,23712.5198991361,17469.890659439883,29770.542504261022,0.010203848,0.35956493,0.8237119,37
2026-08-04,Tuesday,linea a,agrícola oriental,11045.398613290728,8409.639515675606,13601.181317265491,0.013445353,0.47378966,0.8232402,55
2026-08-27,Thursday,linea 3,tlatelolco,16253.0085979129,12939.140009938315,19843.839110011082,0.0108052455,0.3807571,0.8232037,120
2026-08-10,Monday,linea 9,centro médico,13401.697486520436,11127.149008729215,15779.099368835052,0.012787617,0.45061222,0.82312256,89
2026-08-02,Sunday,linea 3,viveros/derechos humanos,8417.939763767918,4845.9628728726475,11758.73326016222,0.013444329,0.47375357,0.82309914,126
2026-08-03,Monday,linea 3,universidad,55344.192419599356,39161.80943703632,71345.91124024826,0.012784867,0.45051533,0.82294554,97
2026-08-11,Tuesday,linea 9,centro médico,14126.634420534618,11643.421987134461,16498.63362067172,0.013439308,0.47357664,0.8228701,116
2026-08-09,Sunday,linea 6,tezozómoc,2371.457818637571,1397.0071709456909,3351.652630166116,0.013439181,0.47357216,0.822784,52
2026-08-16,Sunday,linea 9,jamaica,7900.121749365875,5033.313917494836,10390.196376275775,0.013438492,0.47354788,0.8227418,75
2026-08-15,Saturday,linea 2,ermita,10278.791754244903,6957.58660930869,13710.134308030287,0.011323023,0.3990026,0.82257456,91
2026-08-18,Tuesday,linea b,lagunilla,13344.711064400959,8083.0781503325625,18195.338821450357,0.013430769,0.47327572,0.8223472,57
2026-08-08,Saturday,linea a,acatitla,12903.489795351627,10111.432233466148,15736.508000379588,0.011317888,0.39882168,0.82220155,42
2026-08-06,Thursday,linea 1,gómez farias,21587.597767486906,18330.824271190162,24752.854112000296,0.010792078,0.3802931,0.82220054,45
2026-08-19,Wednesday,linea 1,moctezuma,18962.561285508385,15867.93537417623,22204.953725240917,0.012470295,0.4394304,0.8220944,59
2026-08-27,Thursday,linea 2,general anaya,18862.012736313147,14050.023634904772,23691.27082330787,0.010785158,0.38004923,0.8216733,121
2026-08-19,Wednesday,linea 8,cerro de la estrella,10952.37474306338,9157.678531828293,12847.685246987701,0.0124638425,0.43920302,0.82166904,60
2026-08-14,Friday,linea 9,lázaro cárdenas,12823.427295335736,10791.78509821603,14928.152916194116,0.010173119,0.3584821,0.82123125,92
2026-08-26,Wednesday,linea 9,velódromo,12847.481760338742,0.0,26096.396985061205,0.012456949,0.4389601,0.82121456,108
2026-08-21,Friday,linea 9,puebla,30208.99633771504,22509.811659102346,37957.18864488413,0.0101716975,0.35843202,0.82111657,47
2026-08-29,Saturday,linea 3,división del norte,10612.493510065788,7543.994744102196,13691.747428646928,0.011302138,0.39826667,0.8210573,114
2026-08-07,Friday,linea 3,guerrero,7518.651878625431,6211.701235133957,8847.447296901337,0.010170637,0.35839465,0.8210309,38
2026-08-02,Sunday,linea 3,copilco,8570.927738529877,0.0,20234.732400531753,0.013410301,0.47255448,0.82101583,127
2026-08-06,Thursday,linea 1,salto del agua,16276.951769809084,13269.646520524255,19116.736874756865,0.0107758315,0.3797206,0.8209627,46
2026-08-07,Friday,linea 2,villa de cortés,16436.450179362117,12675.308867758344,20105.63500266493,0.010169696,0.35836148,0.820955,39
2026-08-12,Wednesday,linea a,los reyes,20699.844177375326,16788.075097475285,24847.394306361453,0.012450627,0.43873733,0.8207978,68
2026-08-29,Saturday,linea 4,bondojito,5176.17421672215,4243.860051225966,6063.04437382228,0.011298104,0.39812452,0.8207643,115
2026-08-11,Tuesday,linea b,guerrero,5723.569907763934,4489.040824415802,6978.866234442071,0.013402946,0.4722953,0.8206437,117
2026-08-14,Friday,linea b,guerrero,6197.705668847961,4919.229646662298,7523.073578569525,0.010165526,0.35821453,0.82061833,93
2026-08-03,Monday,linea 4,candelaria,8243.201974793523,4943.738359174183,11040.65161130994,0.012748027,0.44921717,0.8205742,98
2026-08-03,Monday,linea 2,tacuba,28666.759851630977,23090.682334967252,34626.72574990071,0.012746599,0.44916683,0.82048225,99
2026-08-16,Sunday,linea 1,balderas,7638.476276596015,1787.7290420804695,13867.172408993662,0.013398338,0.47213292,0.8202835,76
2026-08-13,Thursday,linea 8,salto del agua,16537.138592382005,11744.933396037664,20787.192184437856,0.010766036,0.37937543,0.8202165,87
2026-08-01,Saturday,linea 8,atlalilco,10703.104228009188,8044.446054346794,13450.025155833806,0.011290294,0.39784932,0.8201969,124
2026-08-11,Tuesday,linea 7,aquiles serdán,13342.968143800148,10490.1242293853,16274.572817929053,0.013392257,0.47191864,0.8199892,118
2026-08-26,Wednesday,linea 8,constitución de 1917,108164.5893959099,88700.40044071636,126713.5280933516,0.012437542,0.43827623,0.8199352,109
2026-08-18,Tuesday,linea 1,zaragoza,26965.715910533152,22153.128601742574,31739.99874800271,0.013390228,0.47184715,0.819865,58
2026-08-05,Wednesday,linea 3,hospital general,19218.738307862484,15273.547165951051,23420.076748438376,0.012435328,0.43819824,0.81978923,71
2026-08-08,Saturday,linea 5,valle gómez,3256.8790441067645,2497.2275764648293,3983.751827598081,0.011284301,0.39763814,0.8197616,43
2026-08-14,Friday,linea 2,xola,19561.0713997345,15301.420320182498,24056.38595924994,0.010151798,0.3577308,0.81951016,94
2026-08-27,Thursday,linea 1,balderas,20606.089455443107,14571.092915140125,26872.511440885384,0.010753702,0.37894082,0.8192768,122
2026-08-23,Sunday,linea 6,instituto del petróleo,961.5524116674192,203.3288489986081,1680.6652704669125,0.013379788,0.47147927,0.81914777,43
2026-08-07,Friday,linea 8,iztapalapa,10114.37760522617,7632.935476353287,12582.97473163504,0.01014697,0.35756066,0.8191204,40
2026-08-15,Saturday,linea 6,tezozómoc,4008.4472869642914,3058.523512198222,5064.996312830647,0.011273348,0.39725217,0.81896585,92
2026-08-17,Monday,linea a,guelatao,21892.463135784095,17259.11569699091,26141.163427844283,0.012719324,0.4482057,0.81872666,86
2026-08-08,Saturday,linea 3,eugenia,8799.484983883583,6247.78967782298,11328.41606355905,0.011262568,0.39687228,0.8181827,44
2026-08-04,Tuesday,linea 4,canal del norte,5414.510451187472,3747.6626291948423,6922.40452727381,0.013357756,0.4707029,0.81787676,56
2026-08-01,Saturday,linea 6,uam-azcapotzalco,5432.35178294957,4002.9363716125577,6725.889187775042,0.011256177,0.3966471,0.81771845,125
2026-08-26,Wednesday,linea 12,mixcoac,18234.39432295894,15472.112103449785,21188.713707778326,0.012402513,0.43704188,0.81762594,110
2026-08-10,Monday,linea b,río de los remedios,14960.048071399013,11220.388272106415,18635.87569265057,0.012696441,0.44739938,0.8172537,90
2026-08-30,Sunday,linea 6,martín carrera,7789.843854875648,2860.9972402582985,12826.765616100502,0.013347447,0.47033963,0.81716776,104
2026-08-14,Friday,linea b,múzquiz,25423.572494757733,20853.552080350884,30206.323193143166,0.010121984,0.3566802,0.81710345,95
2026-08-26,Wednesday,linea 6,norte 45,6462.7817966258235,5116.2578852515135,7757.397855077029,0.012394146,0.43674704,0.81707436,111
2026-08-25,Tuesday,linea 9,lázaro cárdenas,13099.455088892873,11267.38142785663,15157.22439442586,0.013344208,0.47022548,0.81704724,88
2026-08-07,Friday,linea 1,salto del agua,16660.147081739415,13647.463791491022,19444.317233885937,0.0101207,0.35663497,0.81699973,41
2026-08-03,Monday,linea 3,división del norte,13366.90124970239,10214.391374641413,16627.063364154405,0.012691511,0.44722563,0.8169364,100
2026-08-05,Wednesday,linea 9,centro médico,13891.757907616904,11540.651793328787,16306.699462099054,0.012385505,0.43644255,0.8165047,72
2026-08-22,Saturday,linea 1,insurgentes,33951.65273327114,24027.165764559784,44438.728235561226,0.011233416,0.39584506,0.816065,42
2026-08-04,Tuesday,linea 2,bellas artes,16110.416759661712,7655.620582729298,24728.19134827992,0.013328138,0.4696592,0.8160633,57
2026-08-07,Friday,linea 1,balbuena,8830.212352391445,7333.632032055437,10292.539951164194,0.0101079345,0.35618514,0.8159692,42
2026-08-19,Wednesday,linea 8,salto del agua,17566.411451260235,13065.848107553882,22056.738346130733,0.012375937,0.43610537,0.8158739,61
2026-08-28,Friday,linea 2,cuitláhuac,14181.998392510226,11205.070635660053,17228.100421032817,0.010105443,0.35609734,0.8157681,123
2026-08-13,Thursday,linea a,tepalcates,26389.660785764172,20147.502027291714,32976.22815599834,0.010706149,0.37726513,0.815654,88
2026-08-05,Wednesday,linea 8,salto del agua,16121.138478896719,12053.04275769414,20878.61984385921,0.012365451,0.43573588,0.8151826,73
2026-08-06,Thursday,linea 1,balbuena,8740.582253591705,7274.334586288405,10315.094433531864,0.010698597,0.376999,0.8150786,47
2026-08-27,Thursday,linea 4,talismán,3648.212007686873,2899.605547430086,4324.3162981617215,0.010695191,0.37687898,0.8148191,123
2026-08-17,Monday,linea 6,martín carrera,24020.800007427864,18887.078238148624,28991.340756463473,0.012655925,0.44597167,0.81464577,87
2026-08-07,Friday,linea 6,tezozómoc,5205.37396680352,4210.29455757249,6152.872552550397,0.010090882,0.35558423,0.81459266,43
2026-08-28,Friday,linea 3,niños héroes,20322.7322986471,14832.94673843299,26222.614886692656,0.010081541,0.35525507,0.8138386,124
2026-08-09,Sunday,linea 2,hidalgo,8881.466436982208,1118.6501864301024,16834.909781958253,0.013290142,0.46832028,0.81365937,53
2026-08-26,Wednesday,linea 7,aquiles serdán,14026.039076822466,11297.467138745254,16863.668297542154,0.01233405,0.43462935,0.81311256,112
2026-08-26,Wednesday,linea 3,tlatelolco,15695.797416063444,12264.811872367476,18920.97522040958,0.01232642,0.4343605,0.81260955,113
2026-08-13,Thursday,linea 8,obrera,11336.866045932085,9379.335976720815,13236.730252819882,0.0106597645,0.37563062,0.81212014,89
2026-08-28,Friday,linea 2,hidalgo,19551.436233466855,11760.17071693675,27415.389779585363,0.010058577,0.35444587,0.81198484,125
2026-08-28,Friday,linea 8,doctores,11143.391050162674,8551.03119563715,13593.056375238732,0.01005635,0.3543674,0.81180507,126
2026-08-03,Monday,linea 5,aragón,6103.2973043982365,4766.912169845985,7502.534735313773,0.012609308,0.44432893,0.81164503,101
2026-08-19,Wednesday,linea 12,insurgentes sur,39845.19637773134,33715.60485443757,45401.44253732752,0.012309572,0.43376678,0.8114988,62
2026-08-24,Monday,linea b,bosque de aragón,4813.475012565711,3330.390116283476,6116.6819957810285,0.012602862,0.4441018,0.8112301,50
2026-08-12,Wednesday,linea a,agrícola oriental,11486.310262959709,8867.672658476795,13881.832430940847,0.0123029705,0.43353418,0.81106365,69
2026-08-19,Wednesday,linea b,múzquiz,25428.27546734597,20846.88788379245,30192.459800639124,0.012284164,0.4328715,0.8098239,63
2026-08-03,Monday,linea 9,centro médico,13085.006220477706,10582.296140455916,15490.199240383263,0.012580956,0.4433299,0.8098201,102
2026-08-21,Friday,linea 8,apatlaco,11977.76424625304,9654.622823728763,14250.530263943667,0.010031507,0.35349196,0.8097996,48
2026-08-16,Sunday,linea 4,morelos,5019.773682908187,3923.679398684651,6098.289510648755,0.013214699,0.46566182,0.80904055,77
2026-08-19,Wednesday,linea b,ecatepec,24430.996343388822,19469.78513153956,29462.78187171587,0.012268525,0.4323204,0.8087928,64
2026-08-06,Thursday,linea b,guerrero,5956.782628711077,4660.252461724485,7251.860292236911,0.010612032,0.3739486,0.8084836,48
2026-08-24,Monday,linea 8,garibaldi/lagunilla,13373.575761850945,9607.619321297145,16693.476102397508,0.012559412,0.44257072,0.8084333,51
2026-08-05,Wednesday,linea 6,vallejo,7593.904104511296,6053.77252720886,8998.594689705753,0.012258913,0.43198168,0.80815923,74
2026-08-04,Tuesday,linea b,olímpica,14987.057016993751,12476.975546481228,17684.959990161777,0.013198001,0.46507344,0.8080952,58
2026-08-21,Friday,linea 1,isabel la católica,20373.154765281557,16228.583597713334,24694.688653054225,0.010009029,0.35269988,0.807985,49
2026-08-20,Thursday,linea 3,potrero,13951.977000323946,11564.560772289831,16450.379917126706,0.010603214,0.37363786,0.80781174,55
2026-08-26,Wednesday,linea 3,eugenia,14171.74198098319,11465.631112391031,16797.14212442684,0.012250337,0.43167946,0.8075938,114
2026-08-13,Thursday,linea 4,martín carrera,23263.882819250743,18882.778792742814,28212.56456894545,0.010597778,0.37344632,0.8073976,90
2026-08-23,Sunday,linea a,acatitla,10663.332891802225,7819.581598728985,13596.322676561018,0.013187839,0.46471533,0.8073961,44
2026-08-14,Friday,linea 3,etiopía/plaza de la transparencia,25295.833753477596,20576.132975836223,30240.020512754665,0.009996125,0.35224515,0.8069433,96
2026-08-30,Sunday,linea b,oceanía,4069.0760668949647,2310.1249354023143,5852.588259247651,0.01318032,0.4644504,0.8069358,105
2026-08-07,Friday,linea 2,san antonio abad,15751.431956423688,11793.265761695957,19755.17555004987,0.009988327,0.35197037,0.8063138,44
2026-08-19,Wednesday,linea 2,revolución,26440.841265434043,20396.647580775978,32799.303990535656,0.012229732,0.4309534,0.8062355,65
2026-08-28,Friday,linea 6,martín carrera,24132.186987387093,18941.367051767695,29444.358415112052,0.0099845175,0.35183614,0.8060063,127
2026-08-24,Monday,linea 8,bellas artes,15640.00945684273,10096.359850583158,20842.558694427953,0.012514819,0.44099936,0.805563,52
2026-08-26,Wednesday,linea 9,chilpancingo,40020.069988837946,33524.662190311945,46238.36974842054,0.012217077,0.43050748,0.8054012,115
2026-08-04,Tuesday,linea 3,hospital general,19172.504140069028,15569.37382858437,23239.094165726736,0.0131532075,0.463495,0.80535257,59
2026-08-06,Thursday,linea a,los reyes,19470.710447828067,15747.60619776314,23453.599026104697,0.01056316,0.37222645,0.8047603,49
2026-08-11,Tuesday,linea 12,hospital 20 de noviembre,11840.829213997122,10195.773014761224,13558.80986363835,0.013143036,0.46313655,0.80472976,119
2026-08-10,Monday,linea 9,tacubaya,44162.67163961027,32957.618828852545,55163.437289754256,0.012500809,0.44050562,0.8046611,91
2026-08-15,Saturday,linea 2,tacuba,27014.456002339437,21355.164589966425,33150.498068715904,0.011075549,0.3902821,0.8045965,93
2026-08-19,Wednesday,linea 3,guerrero,7659.524031967768,6409.427401121392,9012.033946224543,0.012200855,0.4299358,0.8043318,66
2026-08-29,Saturday,linea 5,instituto del petróleo,3721.2144079657655,2476.8932038195444,5085.288940251573,0.011067917,0.39001313,0.80404204,116
2026-08-14,Friday,linea 8,coyuya,26583.353926524207,21429.02419730999,31603.732569396347,0.009959731,0.35096273,0.80400544,97
2026-08-08,Saturday,linea 6,tezozómoc,3742.6084805211685,2773.766129495919,4722.809148110833,0.011066637,0.38996804,0.8039491,45
2026-08-28,Friday,linea 9,patriotismo,18246.274436556065,14526.469728616363,21904.387663378617,0.009957174,0.3508726,0.803799,128
2026-08-03,Monday,linea 2,tasqueña,49585.160657704626,35640.22720835934,62828.0792209118,0.012485448,0.43996435,0.8036724,103
2026-08-15,Saturday,linea 5,instituto del petróleo,3489.5506113424494,2229.2001614495384,4760.328787517983,0.011058166,0.38966954,0.8033337,94
2026-08-19,Wednesday,linea 12,lomas estrella,9957.408384275965,8665.016876796648,11227.043795489304,0.012183724,0.42933217,0.80320245,67
2026-08-30,Sunday,linea 5,instituto del petróleo,2059.129225219746,771.1333343459191,3428.74227957117,0.013118931,0.46228713,0.80317736,106
2026-08-04,Tuesday,linea 3,centro médico,16521.716256599662,13503.449369840646,19375.383405801662,0.013114703,0.46213815,0.80299497,60
2026-08-09,Sunday,linea 4,jamaica,3269.92894523228,1981.9169013348335,4567.208821794807,0.01311453,0.46213204,0.80290794,54
2026-08-01,Saturday,linea 8,iztapalapa,8328.597584151228,5716.50650802773,10926.258615558754,0.011047892,0.38930753,0.8025874,126
2026-08-15,Saturday,linea 1,balderas,15830.61684546425,10198.232646105036,21872.321965592986,0.011043939,0.3891682,0.80230016,95
2026-08-28,Friday,linea 7,tacubaya,6474.433254341575,5188.584942907406,7775.679636773999,0.009936892,0.35015792,0.80216175,129
2026-08-10,Monday,linea b,romero rubio,12610.755374703664,10669.43685532374,14751.209625967304,0.012460239,0.43907604,0.8020497,92
2026-08-14,Friday,linea b,ecatepec,23544.905869448976,18549.901474676386,28604.41253847871,0.009935241,0.35009974,0.8020285,98
2026-08-15,Saturday,linea 8,santa anita,3187.088781452996,2364.7247155350055,4011.109477960381,0.011039654,0.38901722,0.8019889,96
2026-08-11,Tuesday,linea 9,jamaica,10300.752644567314,7722.597661797682,12764.118330230263,0.0130977975,0.46154243,0.8019599,120
2026-08-07,Friday,linea 1,gómez farias,22323.974547855192,19077.85087264101,25400.12362167807,0.00993208,0.34998834,0.8017733,45
2026-08-01,Saturday,linea b,morelos,4294.351991766152,3254.469134423973,5294.1989882569205,0.0110349795,0.3888525,0.80164933,127
2026-08-23,Sunday,linea 8,iztapalapa,7568.4127798664185,4973.253668074954,10144.404795457653,0.013092947,0.4613715,0.80158657,45
2026-08-02,Sunday,linea 3,tlatelolco,8660.248351757164,4930.267959704482,12366.809220760497,0.013092473,0.46135482,0.80155754,128
2026-08-10,Monday,linea 12,zapata,12968.426067707635,11409.29339615158,14696.12165854254,0.0124493195,0.43869126,0.8013468,93
2026-08-01,Saturday,linea 5,hangares,3598.9418780682454,2473.1532632783437,4826.762431210874,0.011021738,0.3883859,0.8006874,128
2026-08-13,Thursday,linea 3,la raza,30084.383338255433,24452.655211940655,35692.81509261796,0.0105091985,0.37032494,0.80064917,91
2026-08-16,Sunday,linea 6,ferrería/arena ciudad de méxico,5016.822953418368,0.0,11093.937313603834,0.013076199,0.46078134,0.8005612,78
2026-08-24,Monday,linea 9,mixiuhca,22366.551001697386,18184.199617677812,26596.623725892267,0.012436962,0.4382558,0.80055135,53
2026-08-16,Sunday,linea 5,politécnico,7900.308572016889,0.0,16287.278728298605,0.01307407,0.46070632,0.8004309,79
2026-08-26,Wednesday,linea 2,cuitláhuac,13499.070353998874,10652.852755616526,16341.719398371351,0.01213859,0.4277417,0.80022705,116
2026-08-08,Saturday,linea 3,centro médico,12715.22869338795,9937.859903504277,15646.650040545683,0.011015192,0.38815522,0.8002118,46
2026-08-16,Sunday,linea 9,centro médico,7882.445598144738,5371.005153474042,10280.859927666519,0.013068842,0.4605221,0.80011076,80
2026-08-29,Saturday,linea 3,viveros/derechos humanos,14879.105226414467,11588.219199231138,18148.71918234829,0.011013175,0.38808417,0.80006534,117
2026-08-11,Tuesday,linea 3,miguel ángel de quevedo,33526.93408951722,26710.27305772604,40536.7538639339,0.013066265,0.46043128,0.80002916,121
2026-08-22,Saturday,linea 9,mixiuhca,16312.896292941306,11972.923386072505,20544.091433130357,0.011012631,0.38806495,0.80002576,43
2026-08-30,Sunday,linea 8,iztacalco,8672.728939200082,4236.4184108505615,12977.11003567268,0.013067383,0.4604707,0.80002147,107
2026-08-02,Sunday,linea 5,hangares,2009.8342387423459,801.1333918110506,3282.4071775754796,0.013065872,0.46041742,0.79992896,129
2026-08-28,Friday,linea 3,juárez,13833.25308927878,10006.087695546115,18150.10818352868,0.00990749,0.3491218,0.7997882,130
2026-08-07,Friday,linea 2,viaducto,14763.52203435437,11537.924629308309,18229.21065518625,0.009897077,0.3487549,0.7989477,46
2026-08-25,Tuesday,linea 8,aculco,9149.18935828302,7632.030467936341,10655.271744833017,0.013046614,0.45973882,0.798826,89
2026-08-13,Thursday,linea 6,uam-azcapotzalco,7413.248324983257,6205.750832599955,8660.413002272999,0.010484772,0.3694642,0.7987882,92
2026-08-09,Sunday,linea 3,balderas,995.8821762474954,0.0,8862.70195832245,0.013047222,0.45976025,0.7987872,55
2026-08-21,Friday,linea 2,villa de cortés,17090.14908937481,13517.974225065189,20888.2890749855,0.009893555,0.3486308,0.7986633,50
2026-08-25,Tuesday,linea 8,atlalilco,13957.026695546745,11259.673768583518,16375.647965396667,0.0130411815,0.4595474,0.7984934,90
2026-08-30,Sunday,linea 6,tezozómoc,3075.711005459557,2203.342761225981,4106.988166322863,0.013038279,0.4594451,0.7982396,108
2026-08-15,Saturday,linea 2,cuitláhuac,11283.966093761781,8502.894507521276,14199.146693197874,0.010986632,0.3871488,0.798137,97
2026-08-29,Saturday,linea b,oceanía,6596.585216937867,4681.087002647293,8380.240653103207,0.010983053,0.3870227,0.797877,118
2026-08-10,Monday,linea 5,valle gómez,3926.4201287290216,3197.0281826674977,4703.855106761394,0.012394847,0.43677175,0.7978405,94
2026-08-20,Thursday,linea b,ecatepec,24408.433952319167,19336.153007398458,29623.022520222003,0.010472248,0.36902288,0.7978341,56
2026-08-01,Saturday,linea 1,balderas,13616.198039378345,7877.91419291942,19331.44265752724,0.010982099,0.3869891,0.79780775,129
2026-08-30,Sunday,linea a,tepalcates,16539.917659163017,10232.324118408485,23249.367831913354,0.013026423,0.45902732,0.7975138,109
2026-08-05,Wednesday,linea 4,canal del norte,5622.6675659188495,4102.597269453779,7128.4993780413715,0.0120946765,0.42619428,0.79733205,75
2026-08-03,Monday,linea 8,santa anita,3646.4420407930265,2803.9642801454324,4551.83486926045,0.012384701,0.4364142,0.7971874,104
2026-08-04,Tuesday,linea b,romero rubio,12717.537928560812,10500.251769900886,14880.904010220174,0.0130193075,0.4587766,0.79715407,61
2026-08-25,Tuesday,linea 8,cerro de la estrella,11374.461991408318,9444.521378761267,13163.401331185261,0.013013402,0.45856848,0.79679245,91
2026-08-28,Friday,linea 5,politécnico,29315.264753666226,21056.517888948736,38089.15843433182,0.009869794,0.3477935,0.79674524,131
2026-08-11,Tuesday,linea 8,cerro de la estrella,10484.747550704253,8572.820947435228,12176.850456124883,0.013012073,0.45852166,0.7967111,122
2026-08-09,Sunday,linea a,los reyes,13266.001808890593,9314.928079056384,16987.921812252487,0.013010249,0.45845738,0.7965235,56
2026-08-28,Friday,linea 4,fray servando,8582.990622551068,6176.039541214058,10887.416133612476,0.009865532,0.3476433,0.79640114,132
2026-08-11,Tuesday,linea 3,etiopía/plaza de la transparencia,24038.787659200298,19311.70076485424,28592.127675300944,0.01300491,0.45826924,0.7962725,123
2026-08-11,Tuesday,linea 5,hangares,5192.413929391844,3931.163383360389,6349.175525719352,0.012998039,0.45802712,0.7958518,124
2026-08-19,Wednesday,linea 8,escuadrón 201,20799.440682295077,17022.35886974168,24715.676882562646,0.012072066,0.42539752,0.79584146,68
2026-08-09,Sunday,linea 4,morelos,4855.962856695329,3798.63214324006,5909.725545538665,0.012994694,0.45790923,0.7955712,57
2026-08-27,Thursday,linea 4,candelaria,10163.92847105274,6888.497733587192,13106.430292185596,0.010440159,0.3678921,0.79538935,124
2026-08-18,Tuesday,linea b,san lázaro,16723.942935547697,12658.787040752153,20549.833595676744,0.012983696,0.45752168,0.7949736,59
2026-08-14,Friday,linea 5,aragón,6700.551975261483,5329.184668060905,8037.1605720194475,0.009843664,0.34687272,0.79463583,99
2026-08-18,Tuesday,linea a,agrícola oriental,11575.095051124035,9121.178335543338,13939.483625551495,0.012976895,0.45728207,0.7945572,60
2026-08-25,Tuesday,linea 7,aquiles serdán,13886.473701333278,11002.476477350441,16622.56782707519,0.012971187,0.4570809,0.7942077,92
2026-08-15,Saturday,linea 8,obrera,9679.571746288215,7775.623465680851,11712.069239235601,0.010930598,0.38517427,0.79406637,98
2026-08-05,Wednesday,linea 9,jamaica,10322.476407481685,7729.635874268432,12875.318716728794,0.012039394,0.42424622,0.7936876,76
2026-08-13,Thursday,linea 3,juárez,14493.232545725936,10089.832341338659,18414.858457620172,0.010416499,0.3670584,0.79358685,93
2026-08-14,Friday,linea 12,hospital 20 de noviembre,11564.088147076525,9795.81009555494,13197.218683041281,0.009829911,0.3463881,0.79352564,100
2026-08-13,Thursday,linea 1,observatorio,38334.99351794297,29962.49862328893,47645.64935304717,0.010410677,0.3668532,0.7931432,94
2026-08-23,Sunday,linea 1,salto del agua,9144.205061157805,6171.774797747875,12103.266247112866,0.012950269,0.45634377,0.7928514,46
2026-08-18,Tuesday,linea 12,insurgentes sur,39491.845474631795,33991.137191631286,45154.35333634211,0.012946065,0.45619565,0.7926695,61
2026-08-24,Monday,linea 5,autobuses del norte,21823.087997753246,17092.482626689718,26411.202888811615,0.01231384,0.4339172,0.79262614,54
2026-08-04,Tuesday,linea a,guelatao,18934.795058236246,14293.948443677187,23532.658997666498,0.012944029,0.4561239,0.79254484,62
2026-08-28,Friday,linea 12,hospital 20 de noviembre,11930.13604360994,10194.153693017948,13538.288339430048,0.009816522,0.34591627,0.79244477,133
2026-08-25,Tuesday,linea 4,morelos,6715.160390444216,5700.934890109005,7885.808964211306,0.012931613,0.4556864,0.79178464,93
2026-08-20,Thursday,linea b,múzquiz,25647.16592240867,20687.899797943915,30564.970263507385,0.010389138,0.36609423,0.7915023,57
2026-08-27,Thursday,linea 9,chilpancingo,39599.91388965742,33383.77036110545,46247.63233461355,0.010387873,0.36604965,0.7914059,125
2026-08-03,Monday,linea 12,parque de los venados,10765.104924154155,8980.775543499905,12567.886612049218,0.012293738,0.43320885,0.79133224,105
2026-08-09,Sunday,linea 1,boulevard puerto aéreo,13092.33005806461,10644.957451026561,15479.78537264348,0.012921988,0.45534724,0.79112,58
2026-08-11,Tuesday,linea 5,instituto del petróleo,5767.198535535888,4530.456184435349,7077.928315067904,0.012918971,0.4552409,0.79101056,125
2026-08-26,Wednesday,linea 4,talismán,3684.594370680046,3005.371707247164,4400.423986911044,0.011995669,0.42270544,0.7908051,117
2026-08-12,Wednesday,linea b,nezahualcóyotl,21307.037453483874,16368.610535021442,25914.78800180578,0.0119952625,0.4226911,0.7907783,70
2026-08-30,Sunday,linea 4,talismán,1604.3781517226523,930.5829920487743,2269.9356405415924,0.012916247,0.45514494,0.7907685,110
2026-08-05,Wednesday,linea 8,la viga,6505.93145527655,5426.638569390807,7696.3018844844055,0.011994737,0.4226726,0.79074365,77
2026-08-10,Monday,linea 8,salto del agua,15583.502184908235,11086.3849401664,20173.18416116256,0.012281406,0.43277428,0.79053843,95
2026-08-03,Monday,linea 6,norte 45,5698.562611857436,4458.998108425052,7089.92306397922,0.012281342,0.43277204,0.7905343,106
2026-08-29,Saturday,linea 9,tacubaya,36110.531014761655,24245.084126997186,46795.91090055646,0.010880399,0.38340536,0.7904196,119
2026-08-05,Wednesday,linea b,guerrero,5910.0857184670795,4588.958059293521,7228.962477230288,0.011983689,0.4222833,0.7900153,78
2026-08-16,Sunday,linea 9,tacubaya,17257.008867654262,5365.770950109606,29879.404431792962,0.012902115,0.45464692,0.7899033,81
2026-08-30,Sunday,linea 7,refinería,5449.579034820177,2119.4842046631798,8884.779662940387,0.01289957,0.45455727,0.7897475,111
2026-08-14,Friday,linea 2,tacuba,32061.164015390244,26501.115778118787,37556.57098647649,0.009782676,0.3447236,0.7897125,101
2026-08-30,Sunday,linea 6,norte 45,1145.9512788355696,0.0,2480.698852349181,0.01289756,0.45448643,0.78962445,112
2026-08-29,Saturday,linea 4,fray servando,8570.921568347007,6288.67117487604,10959.629591684874,0.010866054,0.38289988,0.7893775,120
2026-08-16,Sunday,linea b,san lázaro,12473.265021504592,8490.398838654348,16400.430803998468,0.012889197,0.45419174,0.78911245,82
2026-08-14,Friday,linea 3,división del norte,14920.260266722005,11721.423237213081,18031.230321979674,0.009773063,0.34438485,0.7889365,102
2026-08-12,Wednesday,linea b,olímpica,15526.473210019509,12685.054398680835,18185.61481297814,0.011965371,0.42163777,0.7888077,71
2026-08-04,Tuesday,linea 7,tacuba,8096.089614276894,6683.046565433745,9618.155190768146,0.01287827,0.45380667,0.7885185,63
2026-08-21,Friday,linea 3,potrero,14360.26970978268,12035.968489095654,16750.04918310158,0.009761062,0.34396198,0.7879678,51
2026-08-19,Wednesday,linea 4,morelos,6689.489462338325,5527.482880301339,7824.769826145457,0.011947593,0.42101133,0.7876357,69
2026-08-02,Sunday,linea a,guelatao,9091.339336703324,4770.095576869089,13917.401145212716,0.012864353,0.45331627,0.7875914,130
2026-08-02,Sunday,linea 9,chilpancingo,12963.672306643832,6204.689352130248,19020.21528240199,0.012859898,0.45315927,0.78731865,131
2026-08-17,Monday,linea 5,instituto del petróleo,5697.006452707071,4454.3791736169815,6938.133922294783,0.012224767,0.43077844,0.78689265,88
2026-08-29,Saturday,linea b,deportivo oceanía,10407.579502097535,7147.499601974695,13768.72535076149,0.010830595,0.38165036,0.7868016,121
2026-08-03,Monday,linea 7,camarones,12803.613696217877,10056.360392669088,15257.417978509351,0.012219725,0.43060076,0.7865681,107
2026-08-19,Wednesday,linea b,morelos,4556.947246667405,3617.315914460278,5522.454103313351,0.011918711,0.41999355,0.7857316,70
2026-08-23,Sunday,linea 8,san juan de letrán,14471.048242881978,8389.961596203635,20382.9460770829,0.012832615,0.45219788,0.7856483,47
2026-08-26,Wednesday,linea a,guelatao,23848.787813615847,19143.664330057676,28713.740855033,0.011910353,0.41969904,0.7851806,118
2026-08-10,Monday,linea b,nezahualcóyotl,19727.0949231172,15061.996046214768,24543.24033236688,0.012197068,0.42980236,0.7851097,96
2026-08-28,Friday,linea 2,ermita,13733.433609347756,10117.71722518892,17203.834766504966,0.009725605,0.34271255,0.78510547,134
2026-08-04,Tuesday,linea 9,mixiuhca,21564.384297657085,17257.75596195884,25946.134404513654,0.012819724,0.45174363,0.78493387,64
2026-08-04,Tuesday,linea 3,miguel ángel de quevedo,32657.375795529802,26082.40710784208,39394.56547930989,0.012818812,0.4517115,0.784878,65
2026-08-27,Thursday,linea b,nezahualcóyotl,23254.15381050101,18276.104929373752,27904.543360470296,0.010301015,0.36298895,0.7847886,126
2026-08-20,Thursday,linea 12,zapata,13851.253931724956,12216.500093474537,15479.780227581,0.010299533,0.3629367,0.78467566,58
2026-08-27,Thursday,linea 12,hospital 20 de noviembre,12218.888498340148,10568.557726389947,13951.093298962756,0.010298716,0.36290792,0.78461343,127
2026-08-13,Thursday,linea b,ecatepec,23607.1619188751,18780.80066469145,28450.64734416214,0.010293939,0.3627396,0.7842495,95
2026-08-17,Monday,linea b,romero rubio,12999.871868224796,10979.033610118651,15126.801134929405,0.012174391,0.42900327,0.78365004,89
2026-08-26,Wednesday,linea 6,ferrería/arena ciudad de méxico,22973.00464499035,16910.41499181204,28989.61398889042,0.011876656,0.41851163,0.7829592,119
2026-08-04,Tuesday,linea 8,la viga,6451.637770348606,5291.328152636954,7625.3407680444325,0.01278725,0.4505993,0.7829455,66
2026-08-25,Tuesday,linea 3,guerrero,7709.511531732406,6353.502665064013,9052.941997212582,0.012786864,0.45058572,0.7829219,94
2026-08-27,Thursday,linea 6,norte 45,6352.8745650707415,4896.489945305303,7699.600708229553,0.010272766,0.3619935,0.78263646,128
2026-08-17,Monday,linea 2,tacuba,30661.25839605737,25056.53721811369,36324.80957255919,0.012156031,0.42835632,0.7824682,90
2026-08-14,Friday,linea 8,atlalilco,14131.514192996216,11463.792076405525,16807.168219990996,0.009691195,0.34149998,0.78232765,103
2026-08-20,Thursday,linea 3,copilco,45137.12267807612,32471.83670621937,57280.82219148412,0.010267066,0.36179262,0.7822021,59
2026-08-23,Sunday,linea a,guelatao,14339.080932630884,9476.7279027174,19151.97866797752,0.012775378,0.45018098,0.7821441,48
2026-08-24,Monday,linea 3,la raza,31109.61990128034,25990.72478334599,36606.85659009503,0.012150678,0.42816767,0.7821236,55
2026-08-25,Tuesday,linea 5,autobuses del norte,19111.609145914063,14068.01464271782,24215.976206455995,0.012773533,0.45011595,0.7821056,95
2026-08-01,Saturday,linea 2,cuatro caminos,83459.67612246702,69654.80308285421,97587.59571384332,0.010765803,0.3793672,0.78209466,130
2026-08-29,Saturday,linea 3,indios verdes,75076.82929579467,60756.80758614002,89951.32371656671,0.010763278,0.37927824,0.78191125,122
2026-08-20,Thursday,linea 1,zaragoza,26996.293206528888,22191.662144239224,31811.063597791526,0.010259253,0.3615173,0.7816069,60
2026-08-03,Monday,linea 2,cuitláhuac,12941.750901876645,9827.77756004647,15892.283600245526,0.012138618,0.42774272,0.78134733,108
2026-08-02,Sunday,linea 3,universidad,20624.12227013715,5178.772687452423,36129.81885485398,0.012761788,0.44970208,0.7813121,132
2026-08-16,Sunday,linea 8,uam-i,10831.86129619318,6277.587431006249,15259.946313368737,0.012756402,0.44951227,0.7809823,83
2026-08-15,Saturday,linea 9,jamaica,11365.291033903706,8828.48645394431,14152.679843215432,0.010748961,0.37877372,0.78087115,99
2026-08-28,Friday,linea 3,viveros/derechos humanos,19425.785952220882,16029.409294066007,22933.216256600226,0.009672449,0.34083942,0.7808144,135
2026-08-27,Thursday,linea b,villa de aragón,15240.519602244418,11196.870085252627,19375.15700696659,0.010247485,0.3611026,0.78071034,129
2026-08-13,Thursday,linea b,múzquiz,24891.926358606728,19977.520496413705,29452.808472874272,0.010243418,0.36095932,0.7804005,96
2026-08-19,Wednesday,linea 3,centro médico,17356.25710376368,14569.897349466835,20068.753727537736,0.011836885,0.41711017,0.78033733,71
2026-08-17,Monday,linea 5,valle gómez,4083.0405538740806,3311.6657139754557,4863.237307613634,0.012119936,0.4270844,0.7801448,91
2026-08-13,Thursday,linea 6,vallejo,7715.804605208055,6230.441313957797,9295.987571859108,0.010238512,0.36078647,0.7800268,97
2026-08-28,Friday,linea 8,santa anita,4275.004028250086,3395.5951879923255,5150.889878548971,0.009661922,0.34046847,0.7799646,136
2026-08-03,Monday,linea b,morelos,4124.598717615336,3089.5526561751926,5113.033441387341,0.012116996,0.42698076,0.77995557,109
2026-08-25,Tuesday,linea 9,patriotismo,18394.730908205882,14837.100210880164,22056.47758047316,0.01273658,0.4488138,0.7798431,96
2026-08-13,Thursday,linea 2,cuitláhuac,14117.442496398202,10895.719311654015,17098.943089842,0.0102357445,0.36068892,0.7798159,98
2026-08-08,Saturday,linea 3,potrero,10496.177641045044,7988.436209029093,12894.509878458235,0.010731426,0.37815583,0.7795973,47
2026-08-05,Wednesday,linea 8,obrera,11315.693018132275,9387.134475258881,13230.988586186922,0.011818059,0.41644678,0.77909625,79
2026-08-11,Tuesday,linea 8,la viga,6583.968053601626,5399.206396581925,7691.270502017533,0.01272423,0.4483786,0.7790869,126
2026-08-28,Friday,linea 9,chilpancingo,39961.1225310013,33685.25958985045,46307.61774068365,0.009645538,0.33989114,0.778642,137
2026-08-10,Monday,linea 2,tasqueña,50533.40772756501,36771.57631922018,63897.092689995916,0.012094054,0.42617235,0.77847886,97
2026-08-17,Monday,linea 9,jamaica,9838.236180379521,7128.666166707258,12716.371714168192,0.012093245,0.42614385,0.77842677,92
2026-08-22,Saturday,linea 8,iztapalapa,8963.719221943038,6460.307562725936,11631.105753773407,0.010713147,0.3775117,0.7782694,44
2026-08-01,Saturday,linea 9,patriotismo,9471.42666813952,5565.126607607842,13128.667631295095,0.010712991,0.3775062,0.778258,131
2026-08-13,Thursday,linea 12,lomas estrella,9791.112833525118,8559.307637076123,11051.735347252405,0.0102150645,0.3599602,0.7782404,99
2026-08-15,Saturday,linea 2,pino suárez,42587.96656357855,31910.572166840047,53509.91900283644,0.010711302,0.3774467,0.77813536,100
2026-08-28,Friday,linea 2,general anaya,19372.397521608,14166.636389586476,24298.606052443898,0.009636619,0.33957684,0.77792203,138
2026-08-28,Friday,linea 4,bondojito,6064.042965724768,5158.105394014328,7022.708097913735,0.009631641,0.33940142,0.7775202,139
2026-08-29,Saturday,linea 2,bellas artes,21995.544864015894,13230.108521999828,31135.142753779637,0.010702277,0.37712866,0.7774797,123
2026-08-04,Tuesday,linea 2,tacuba,29569.91885803674,24029.65960763836,34883.73872351777,0.012695407,0.4473629,0.77732205,67
2026-08-09,Sunday,linea 3,guerrero,4936.906001574322,3709.0729710444425,6191.879541171942,0.012694851,0.44734332,0.777214,59
2026-08-29,Saturday,linea 1,balderas,16903.5860220915,11074.24877142238,23195.743006986773,0.010697245,0.37695134,0.77711415,124
2026-08-27,Thursday,linea a,tepalcates,29765.115272861363,22700.380455341998,35978.786170426545,0.01019396,0.3592165,0.77663255,130
2026-08-26,Wednesday,linea 3,división del norte,15797.357466340158,12817.868582970952,19054.033194785276,0.011780662,0.415129,0.77663094,120
2026-08-27,Thursday,linea 3,etiopía/plaza de la transparencia,25956.74824126283,20840.92039125498,30793.434743512822,0.010191063,0.35911444,0.7764119,131
2026-08-28,Friday,linea 5,valle gómez,4542.867841746542,3795.163382040124,5290.966803804602,0.009613951,0.33877805,0.7760921,140
2026-08-29,Saturday,linea b,buenavista,46020.8114611943,34845.23965672637,56495.29642286603,0.010682927,0.3764468,0.77607405,125
2026-08-06,Thursday,linea b,lagunilla,17229.113662166743,12413.76351224833,22046.158828361145,0.010183318,0.35884148,0.77582175,50
2026-08-29,Saturday,linea 7,polanco,28730.53238058212,19723.98157335673,36499.020359770395,0.010676443,0.37621832,0.77560294,126
2026-08-08,Saturday,linea 2,viaducto,11469.807160501325,8294.972980226737,14597.098388375389,0.01067105,0.3760283,0.7752112,48
2026-08-17,Monday,linea b,morelos,4264.431327235614,3271.3369599307025,5296.595240229903,0.012042263,0.4243473,0.77514505,93
2026-08-25,Tuesday,linea 2,viaducto,15555.669976461159,12277.927949507364,18512.029319080055,0.0126559725,0.44597334,0.7749075,97
2026-08-13,Thursday,linea 5,aragón,6664.513529547626,5270.849424463917,8058.411376933984,0.010164437,0.35817617,0.7743833,100
2026-08-18,Tuesday,linea 9,mixiuhca,23061.41659796323,18644.341427139792,27202.55973269543,0.0126464665,0.44563836,0.7743255,62
2026-08-15,Saturday,linea 8,atlalilco,11455.18792043518,8795.303575676728,13948.798538306062,0.010657955,0.37556684,0.7742599,101
2026-08-27,Thursday,linea b,buenavista,52047.84866075782,40683.77629879208,62788.53664519565,0.010161905,0.35808694,0.77419037,132
2026-08-27,Thursday,linea 3,niños héroes,21993.444855523583,16664.281626802927,28079.26760651356,0.010159875,0.35801542,0.77403575,133
2026-08-12,Wednesday,linea 2,viaducto,15102.181111439731,12145.316397677308,18170.738245063832,0.011738912,0.41365778,0.7738786,72
2026-08-27,Thursday,linea 3,indios verdes,89947.27542563052,75620.25593133982,104251.96000947214,0.01015488,0.35783938,0.7736552,134
2026-08-21,Friday,linea 1,moctezuma,19179.58208965292,16026.66615973051,22185.170104866404,0.009582447,0.3376679,0.7735489,52
2026-08-19,Wednesday,linea b,romero rubio,13464.25968608847,11114.971346076756,15458.24990278532,0.011733792,0.41347736,0.773541,72
2026-08-29,Saturday,linea 4,talismán,2764.990206748664,2051.7204922533074,3481.469819781517,0.010645718,0.37513566,0.773371,127
2026-08-12,Wednesday,linea a,guelatao,21425.8053966402,16762.208675189973,26472.207873929376,0.011730214,0.41335127,0.7733051,73
2026-08-04,Tuesday,linea b,múzquiz,23933.029734184773,19338.620561130854,28547.07294022793,0.0126282545,0.4449966,0.7732104,68
2026-08-11,Tuesday,linea 5,misterios,7130.140518079537,5784.284018883525,8418.186742213336,0.012628178,0.4449939,0.77320576,127
2026-08-08,Saturday,linea 9,tacubaya,33362.781819696145,22117.605145681646,45504.940290653925,0.010640698,0.37495872,0.7730062,49
2026-08-16,Sunday,linea 8,iztapalapa,7402.946760846728,4825.400053444761,10101.68165708266,0.012625627,0.44490403,0.7729759,84
2026-08-14,Friday,linea 9,tacubaya,46602.33042876194,34425.42362038057,57969.762477412216,0.009575209,0.33741283,0.7729646,104
2026-08-29,Saturday,linea 2,hidalgo,16997.108488014597,9873.913699519704,24474.677679552537,0.010639779,0.37492636,0.7729395,128
2026-08-13,Thursday,linea 12,calle 11,13144.345525305618,11226.899991539409,15064.153830265705,0.010144791,0.35748386,0.7728866,101
2026-08-21,Friday,linea 8,cerro de la estrella,11479.560066789334,9495.320536704998,13402.997541064668,0.009573731,0.33736077,0.77284527,53
2026-08-05,Wednesday,linea 6,tezozómoc,5179.245567112168,4250.977854024988,6246.742914429079,0.011722478,0.4130787,0.77279514,80
2026-08-09,Sunday,linea b,bosque de aragón,5732.804575797652,4403.231807504168,7055.814323263878,0.012619916,0.44470277,0.77262634,60
2026-08-14,Friday,linea a,tepalcates,27326.52688364479,20900.11626100017,33768.10353065089,0.009569427,0.3372091,0.7724979,105
2026-08-23,Sunday,linea 2,nativitas,8842.283432428458,5144.295707049341,12514.482189980874,0.012616601,0.44458595,0.7724233,49
2026-08-16,Sunday,linea 3,guerrero,5165.839194019107,3971.473527593771,6428.490282602763,0.012616309,0.44457567,0.7724055,85
2026-08-10,Monday,linea 2,cuitláhuac,13146.857876496306,9965.082257512087,16328.70597205999,0.011997873,0.4227831,0.7722878,98
2026-08-10,Monday,linea a,la paz,45610.24800648399,37029.80451433643,54679.48528715417,0.011995635,0.42270425,0.7721437,99
2026-08-09,Sunday,linea b,plaza aragón,10853.208536742304,7980.301518674674,13547.781964635891,0.012611938,0.44442162,0.7721378,61
2026-08-13,Thursday,linea 5,autobuses del norte,17205.747950839537,12583.000457052112,22220.03527109438,0.010133506,0.3570862,0.7720268,102
2026-08-25,Tuesday,linea 9,jamaica,10353.15500099318,7849.1465898871265,13251.07472938549,0.012608803,0.44431114,0.77201945,98
2026-08-03,Monday,linea 6,uam-azcapotzalco,6841.619087231695,5557.383415505443,8196.811594647228,0.011992081,0.42257902,0.77191496,110
2026-08-30,Sunday,linea 9,chilpancingo,14095.343340633142,7566.1936355841835,20551.656974972168,0.012606483,0.4442294,0.77180386,113
2026-08-07,Friday,linea b,lagunilla,18861.581774773087,13935.284125217415,23721.803345031887,0.009555991,0.33673564,0.77141327,47
2026-08-20,Thursday,linea 8,escuadrón 201,20887.857988432712,17064.9575106591,24555.082266745798,0.010124484,0.3567683,0.7713395,61
2026-08-24,Monday,linea 3,coyoacán,26885.081422458195,21570.93492712715,32150.591585664202,0.01198055,0.4221727,0.77117276,56
2026-08-17,Monday,linea 3,copilco,41913.31239033394,29589.41089923369,54133.547112550885,0.011980047,0.42215496,0.77114034,94
2026-08-27,Thursday,linea 2,ermita,13563.468519615366,10119.290687179424,17189.056067830763,0.010118742,0.35656595,0.770902,135
2026-08-21,Friday,linea b,ecatepec,24293.50977644812,19649.17064168908,29255.873698446823,0.009548935,0.33648703,0.7708437,54
2026-08-27,Thursday,linea 2,bellas artes,15085.499033142816,6273.218546017308,24120.379920977182,0.010115413,0.35644865,0.7706484,136
2026-08-30,Sunday,linea 4,martín carrera,13636.168686846251,9248.129022719553,18186.41000498438,0.0125869755,0.443542,0.77060956,114
2026-08-03,Monday,linea 8,coyuya,23375.11130232536,18036.283603272255,28610.247765790184,0.011969086,0.4217687,0.7704348,111
2026-08-13,Thursday,linea 9,jamaica,10746.590033478713,8080.164876838485,13422.688459336288,0.01011189,0.3563245,0.77037996,103
2026-08-28,Friday,linea b,nezahualcóyotl,23292.55007175131,18280.19816807109,28064.84227929587,0.009535294,0.3360063,0.7697425,141
2026-08-10,Monday,linea 7,mixcoac,18442.73750601505,14226.872696644987,22399.05882811916,0.011957931,0.42137563,0.7697168,100
2026-08-29,Saturday,linea 5,valle gómez,3638.7855172082354,2915.6978151910544,4386.041917285813,0.010594703,0.37333795,0.7696649,129
2026-08-05,Wednesday,linea 9,lázaro cárdenas,12403.075935766761,10371.119542574883,14525.074240835616,0.011670026,0.4112304,0.7693373,81
2026-08-13,Thursday,linea b,romero rubio,13244.295913229314,11151.459602318439,15607.139818741503,0.010094937,0.3557271,0.7690884,104
2026-08-17,Monday,linea b,impulsora,22639.956689870905,18360.266315761404,27020.45037402149,0.011946607,0.4209766,0.7689879,95
2026-08-29,Saturday,linea 3,eugenia,9653.92135336439,6948.551515759253,12318.386965291693,0.010580692,0.37284425,0.7686471,130
2026-08-29,Saturday,linea 12,lomas estrella,8545.935521815669,7352.03888867321,9854.095532314614,0.010580652,0.37284285,0.76864415,131
2026-08-29,Saturday,linea 7,camarones,11393.192452288275,8867.121868496788,13933.39036418626,0.010578042,0.37275085,0.76845455,132
2026-08-17,Monday,linea 4,martín carrera,23478.72861477333,19155.373529342436,28093.981888296985,0.011935698,0.42059216,0.76828563,96
2026-08-10,Monday,linea 3,viveros/derechos humanos,17316.620968315594,14233.761119473053,20706.950602225974,0.011935001,0.42056763,0.7682408,101
2026-08-26,Wednesday,linea 2,san cosme,19635.86058394347,15536.995036805933,23741.684631884313,0.011650682,0.41054875,0.76806206,121
2026-08-17,Monday,linea 7,tacubaya,6038.825530152535,4816.261315410441,7432.461621767613,0.011932135,0.4204666,0.7680563,97
2026-08-11,Tuesday,linea 12,mixcoac,17280.656764083742,14506.15068347093,20060.93777092289,0.012541626,0.44194394,0.76790625,128
2026-08-13,Thursday,linea 7,polanco,44161.02012461488,35561.75793211996,52248.38798080678,0.01007724,0.3551035,0.76774013,105
2026-08-19,Wednesday,linea 12,parque de los venados,11689.344815040124,9951.104202926454,13498.495474558134,0.011645736,0.41037443,0.767736,73
2026-08-14,Friday,linea 1,observatorio,41037.71505477164,31732.619187159704,49677.67769270672,0.009508051,0.33504632,0.76754326,106
2026-08-14,Friday,linea 2,ermita,13160.739201226905,9797.268489253138,16513.90933724746,0.009502767,0.33486012,0.76711667,107
2026-08-04,Tuesday,linea 2,revolución,24720.01219791051,18457.480996150996,31100.32784307858,0.012527578,0.44144893,0.7670461,69
2026-08-28,Friday,linea 2,xola,20230.545405058794,15611.873647155418,24617.966918766302,0.009496925,0.33465427,0.76664513,142
2026-08-22,Saturday,linea 8,bellas artes,20424.76168814604,15115.716467614533,25920.974204719518,0.010551913,0.3718301,0.7665563,45
2026-08-01,Saturday,linea 3,balderas,4541.50717125819,0.0,12627.749108995233,0.010551111,0.37180185,0.7664981,132
2026-08-26,Wednesday,linea 3,niños héroes,22397.329381776166,16967.904964703685,27899.450771228865,0.011626076,0.40968165,0.7664399,122
2026-08-24,Monday,linea a,canal de san juan,11974.149710201335,9674.538223661892,14094.541177631188,0.011895765,0.41918498,0.7657152,57
2026-08-02,Sunday,linea b,tepito,13742.700013266553,8611.129531792732,18880.403656653187,0.012506078,0.44069132,0.7656568,133
2026-08-07,Friday,linea 12,parque de los venados,10922.032110331851,8989.34411155493,12645.680557328742,0.0094826985,0.33415297,0.7654967,48
2026-08-09,Sunday,linea 7,tacuba,4798.678107715652,3382.9444393082526,6255.489902418426,0.012502903,0.44057944,0.76546246,62
2026-08-23,Sunday,linea a,los reyes,15401.956763106242,11542.817533754021,19151.650061576634,0.012499389,0.44045562,0.7652473,50
2026-08-30,Sunday,linea 5,aragón,3978.3783911427645,2536.7625070512368,5320.984328106385,0.012474512,0.43957898,0.76372427,115
2026-08-12,Wednesday,linea 6,tezozómoc,5393.734914180074,4449.768758122952,6416.6111748028,0.011572589,0.4077969,0.7629138,74
2026-08-17,Monday,linea 7,camarones,13898.054705571047,11293.941363210035,16585.471684846652,0.011842698,0.417315,0.76229936,98
2026-08-14,Friday,linea 3,juárez,14325.984511909155,9932.103686081333,18449.38607696152,0.009440118,0.3326525,0.7620594,108
2026-08-27,Thursday,linea 2,xola,19932.36819642871,15462.541124626527,24377.171836566064,0.009996582,0.35226128,0.7615952,137
2026-08-20,Thursday,linea 8,coyuya,27697.636055408875,22461.180777592275,33118.82492625579,0.009995855,0.35223567,0.7615398,62
2026-08-02,Sunday,linea 7,san pedro de los pinos,4078.839276474062,1409.3707875928246,6897.000468233568,0.012438713,0.43831748,0.76153255,134
2026-08-05,Wednesday,linea 2,xola,18447.309117250297,13914.994076554956,23109.46612755807,0.011551336,0.40704796,0.76151276,82
2026-08-11,Tuesday,linea 2,tasqueña,50801.78390015139,37539.53191851651,65047.73488480216,0.012436447,0.43823764,0.7614663,129
2026-08-08,Saturday,linea b,morelos,4321.095010835326,3388.760373004634,5319.24996021931,0.010480043,0.36929753,0.76133525,50
2026-08-10,Monday,linea 3,división del norte,13776.425754586247,10624.543130223168,16994.24916769565,0.01182364,0.41664347,0.76107264,102
2026-08-27,Thursday,linea 8,doctores,11369.291884760587,8659.062922851801,14034.822187965086,0.009989025,0.351995,0.76101947,138
2026-08-11,Tuesday,linea 7,san pedro de los pinos,12701.43945272031,9774.534074422709,15489.82692735836,0.012426213,0.43787703,0.7608397,130
2026-08-21,Friday,linea 7,aquiles serdán,13792.878954409964,11032.887797594629,16634.901314029725,0.009424824,0.33211356,0.76082474,55
2026-08-22,Saturday,linea a,canal de san juan,12064.577201632503,9808.541750236904,14201.66296483933,0.01046792,0.36887038,0.7604546,46
2026-08-21,Friday,linea 2,revolución,26758.105359191646,20492.1598099489,32917.888634363444,0.009417245,0.3318465,0.7602129,56
2026-08-11,Tuesday,linea 9,chilpancingo,39233.12986894589,33073.505062174416,45434.47277381481,0.012415592,0.43750274,0.76018935,131
2026-08-18,Tuesday,linea 2,ermita,13091.062754379464,9669.235977512231,16452.613133232288,0.012415083,0.43748483,0.76015824,63
2026-08-01,Saturday,linea 9,chilpancingo,25926.86274637004,20188.132932969107,32214.309628755058,0.010461146,0.36863166,0.7599625,133
2026-08-01,Saturday,linea 7,san antonio,7988.47416727648,5593.374776966137,10419.108208441845,0.010459823,0.36858502,0.75986636,134
2026-08-21,Friday,linea 3,coyoacán,28839.529187211534,23524.47618615326,33845.31188909461,0.009412096,0.33166504,0.7597972,57
2026-08-18,Tuesday,linea b,ecatepec,24149.135802590194,19196.09955602817,28920.8142450645,0.01240801,0.43723556,0.75972515,64
2026-08-21,Friday,linea 2,san antonio abad,17548.17911013765,13312.059970609782,21581.71162323527,0.00941074,0.33161727,0.7596878,58
2026-08-07,Friday,linea 12,zapata,13996.465453651002,12391.574800586697,15499.322115980856,0.009410403,0.33160537,0.75966054,49
2026-08-19,Wednesday,linea 8,uam-i,24219.13512626897,19762.77320932693,28952.402645488364,0.011514904,0.40576416,0.759111,74
2026-08-07,Friday,linea b,guerrero,6036.536529422389,4582.349153827742,7261.160010242102,0.009399793,0.33123153,0.7588041,50
2026-08-19,Wednesday,linea a,agrícola oriental,11785.910948364513,9285.355207853536,14293.318737457366,0.011509446,0.40557185,0.7587512,75
2026-08-16,Sunday,linea 1,zaragoza,15384.702913151728,10786.007091629788,20331.83030726717,0.012391194,0.436643,0.7586233,86
2026-08-13,Thursday,linea 2,tacuba,30845.399487723033,25091.664674098305,36265.081843313616,0.009956996,0.35086632,0.7585793,106
2026-08-30,Sunday,linea 2,general anaya,9435.846698764402,4515.396053018219,14687.740013983897,0.012384502,0.4364072,0.7582136,116
2026-08-26,Wednesday,linea b,oceanía,8586.768782373834,6791.204734576796,10527.662215281924,0.011497647,0.40515605,0.7579733,123
2026-08-07,Friday,linea 7,san joaquín,28283.12488045352,22152.450170964712,35402.739219433155,0.009389494,0.33086857,0.75797266,51
2026-08-13,Thursday,linea 2,xola,19152.92779200416,14742.872106830338,23682.308678823367,0.009947548,0.3505334,0.75785947,107
2026-08-10,Monday,linea 3,miguel ángel de quevedo,32239.6778548942,25184.557931543062,39291.79122256941,0.011769138,0.41472292,0.7575644,103
2026-08-14,Friday,linea 9,pantitlán,51763.35358838485,43558.67865638104,59631.338175786266,0.009382276,0.33061424,0.75739,109
2026-08-23,Sunday,linea 8,aculco,4145.841011797836,2583.708111188111,5602.798082115106,0.012365142,0.43572497,0.75702834,51
2026-08-25,Tuesday,linea 12,mixcoac,18102.695027922608,15441.448526236243,20923.983694283652,0.012360909,0.43557584,0.75684124,99
2026-08-18,Tuesday,linea 3,guerrero,7538.202031640063,6288.676690418337,8860.368024435347,0.012360753,0.43557033,0.75683165,65
2026-08-30,Sunday,linea 2,xola,10025.450382051793,6039.764204030661,14100.61073854928,0.012360158,0.43554938,0.7567232,117
2026-08-07,Friday,linea b,olímpica,15425.835099728007,12732.203464049566,18063.714705571238,0.009373656,0.3303105,0.75669414,52
2026-08-10,Monday,linea 2,viaducto,14335.364892195834,11146.42058732926,17532.209647721276,0.011753869,0.41418487,0.75658154,104
2026-08-28,Friday,linea 6,uam-azcapotzalco,7919.995091332235,6676.827383418163,9267.344468522275,0.009364481,0.3299872,0.7559535,143
2026-08-15,Saturday,linea a,la paz,36405.69891863251,28012.841517192443,45522.18948041929,0.010405692,0.36667755,0.755934,102
2026-08-21,Friday,linea 12,zapata,14451.205571473762,12929.155934577135,16058.668386793595,0.009361672,0.3298882,0.75572675,59
2026-08-16,Sunday,linea 9,puebla,13281.799667603029,5696.606960933999,20816.037942519404,0.012342754,0.43493608,0.7556577,87
2026-08-28,Friday,linea 5,aragón,7122.4619225830675,5677.874516990696,8482.123008975523,0.009358838,0.32978836,0.755498,144
2026-08-29,Saturday,linea 3,hospital general,10265.606425050544,6196.255776152765,14276.961577983493,0.010398491,0.36642382,0.75541085,133
2026-08-20,Thursday,linea 9,mixiuhca,24004.10013192006,19409.431575239378,28219.003056893016,0.0099127665,0.34930778,0.7552097,63
2026-08-28,Friday,linea 7,camarones,15120.618119637871,12741.161454672229,17389.37986377998,0.0093503585,0.32948953,0.75481343,145
2026-08-21,Friday,linea 9,mixiuhca,23262.840640808867,19013.72387050799,27981.949535440996,0.009349851,0.32947165,0.7547725,60
2026-08-10,Monday,linea 6,lindavista,13465.789642347934,8550.096042898125,18342.92121817195,0.011721787,0.41305435,0.7545165,105
2026-08-05,Wednesday,linea 2,general anaya,18371.81805114699,13535.568369662582,23305.952822636475,0.011445148,0.4033061,0.75451237,83
2026-08-29,Saturday,linea 2,cuitláhuac,10968.160035176354,7690.616639787928,14057.751383860661,0.010385246,0.36595708,0.75444865,134
2026-08-11,Tuesday,linea 8,coyuya,25350.672286853613,20151.220522604577,30868.926204501575,0.012320773,0.4341615,0.75438374,132
2026-08-19,Wednesday,linea 7,san joaquín,30528.36837929554,24035.46063387821,37027.05992756611,0.011441302,0.40317056,0.7542588,76
2026-08-19,Wednesday,linea 7,san pedro de los pinos,13302.150364168152,10720.444788412327,16086.206294084921,0.011439221,0.40309724,0.75412166,77
2026-08-25,Tuesday,linea 8,doctores,11538.302629042246,8931.650248661286,14053.669854129603,0.012311753,0.43384364,0.75383145,100
2026-08-30,Sunday,linea 3,indios verdes,51153.616433384246,35327.76790519714,66073.78831101905,0.0123101575,0.43378744,0.753662,118
2026-08-18,Tuesday,linea 8,escuadrón 201,20513.900278137666,16315.311410093105,24549.401698246056,0.012301894,0.43349624,0.75322783,66
2026-08-30,Sunday,linea 1,observatorio,29959.855836742245,19831.612603557278,38997.2471790203,0.012301018,0.4334654,0.7531025,119
2026-08-01,Saturday,linea b,oceanía,5667.386114651784,3842.116992341809,7679.231107259164,0.010365354,0.36525613,0.75300354,135
2026-08-25,Tuesday,linea 3,eugenia,14039.032944935425,11354.587515734862,16849.559711479353,0.012293733,0.43320867,0.7527281,101
2026-08-26,Wednesday,linea 5,valle gómez,4507.033118481505,3689.9623102476116,5207.83576849088,0.011415163,0.4022495,0.75253564,124
2026-08-26,Wednesday,linea b,garibaldi/lagunilla,5520.792791409861,3688.245850927919,7285.04939264321,0.011410042,0.402069,0.75219804,125
2026-08-20,Thursday,linea b,tepito,18087.761783573806,13350.96736335326,23044.734741999226,0.0098731825,0.3479129,0.7521939,64
2026-08-14,Friday,linea 7,mixcoac,20311.890572319146,15938.12969751451,24260.804790668135,0.00931633,0.32829043,0.75206643,110
2026-08-15,Saturday,linea 7,tacubaya,4736.08114869968,3373.258561976472,6056.63363534443,0.010346685,0.36459824,0.7516473,103
2026-08-04,Tuesday,linea 8,santa anita,3925.7193753561137,3076.759866690463,4859.121859072273,0.012272588,0.43246356,0.75143343,70
2026-08-11,Tuesday,linea 9,tacubaya,44868.54320603606,32759.157784836465,56844.55537523538,0.012269213,0.43234462,0.7512268,133
2026-08-17,Monday,linea 8,aculco,8422.343053472425,6938.777321173566,9894.050412471195,0.01166848,0.4111759,0.75108516,99
2026-08-10,Monday,linea 6,vallejo,6918.025824836967,5314.000807957445,8467.519620131608,0.01166517,0.41105926,0.75087214,106
2026-08-13,Thursday,linea b,impulsora,22784.948629836807,18642.51369257908,27132.746009819373,0.0098523125,0.34717748,0.7506039,108
2026-08-13,Thursday,linea 6,martín carrera,24182.919822156422,19383.44158187335,29337.80127998139,0.009851554,0.34715077,0.75054616,109
2026-08-05,Wednesday,linea 7,aquiles serdán,13069.83755460654,10186.20661601167,15828.929409030356,0.011380744,0.40103662,0.7502666,84
2026-08-17,Monday,linea 8,cerro de la estrella,10366.434352444254,8292.730824459159,12226.3603283627,0.011650424,0.41053966,0.74992293,100
2026-08-10,Monday,linea 5,autobuses del norte,20642.42268529452,15357.752334665833,25315.75241924491,0.011648833,0.41048357,0.7498205,107
2026-08-13,Thursday,linea 12,mixcoac,17218.058022691966,14436.457613027074,20225.07232238037,0.009839709,0.34673336,0.74964374,110
2026-08-29,Saturday,linea 7,auditorio,16079.194071769141,8471.316915038544,24389.292585219348,0.010318657,0.36361063,0.7496112,135
2026-08-27,Thursday,linea 2,cuitláhuac,13836.56021928219,10784.9872671113,16877.454925259462,0.00983603,0.34660372,0.7493635,139
2026-08-15,Saturday,linea 6,norte 45,3944.9312956716794,2710.088698733502,5379.792875993291,0.010313657,0.3634344,0.74924797,104
2026-08-13,Thursday,linea 12,hospital 20 de noviembre,11790.409452000169,10074.935516995412,13441.511843891156,0.009832915,0.34649393,0.74912614,111
2026-08-29,Saturday,linea 7,san pedro de los pinos,8248.688137899446,5329.83670977382,11154.524232062797,0.010308792,0.36326298,0.7488945,136
2026-08-15,Saturday,linea 1,observatorio,37955.13331351803,29074.286169529296,46672.32495388354,0.010307834,0.36322922,0.7488249,105
2026-08-17,Monday,linea 8,obrera,10710.983431752979,8886.22557272882,12736.927794638768,0.011631102,0.40985876,0.7486792,101
2026-08-25,Tuesday,linea 4,talismán,3605.989382073124,2956.9733529336254,4334.954689558682,0.012214511,0.43041703,0.7478775,102
2026-08-08,Saturday,linea b,río de los remedios,12133.207044442628,8652.979034254777,15873.140560145437,0.010290025,0.36260167,0.7475312,51
2026-08-07,Friday,linea 3,coyoacán,28000.967535835694,22964.541902573354,32944.29370698881,0.00925948,0.32628715,0.74747723,53
2026-08-26,Wednesday,linea 2,xola,20051.85727551085,15816.001036903932,24548.88718115108,0.011337551,0.3995146,0.7474192,126
2026-08-07,Friday,linea a,agrícola oriental,11494.786001714694,9109.679184379233,13848.843476678545,0.009256413,0.3261791,0.74722964,54
2026-08-10,Monday,linea b,múzquiz,23775.564339528188,19021.157288074686,28332.94099562479,0.0116076255,0.4090315,0.74716806,108
2026-08-26,Wednesday,linea 6,vallejo,7919.266581834377,6262.717849573033,9390.432848707116,0.01133232,0.39933023,0.7470743,127
2026-08-05,Wednesday,linea 12,insurgentes sur,38447.21332137944,32941.35734893027,43971.11588492926,0.011331625,0.39930576,0.74702847,85
2026-08-11,Tuesday,linea 4,candelaria,8807.908918210502,5699.871918079585,12011.585905782678,0.012197556,0.42981955,0.74683934,134
2026-08-29,Saturday,linea 5,aragón,5737.694231190046,4420.1375334538525,7106.282707272574,0.010276068,0.36210984,0.74651724,137
2026-08-05,Wednesday,linea 9,puebla,29044.704231515927,21453.39356597046,36836.90239621912,0.011320114,0.39890012,0.74626964,86
2026-08-27,Thursday,linea 2,san cosme,19981.697821238755,15688.001852923591,24097.492716343502,0.009795233,0.3451661,0.7462553,140
2026-08-11,Tuesday,linea 8,santa anita,3951.19136219669,3061.2677936287623,4806.92541755299,0.012186387,0.42942598,0.74615544,135
2026-08-22,Saturday,linea 1,zaragoza,23581.732288549792,18886.71897747144,28445.772871683683,0.010267692,0.36181468,0.74590874,47
2026-08-19,Wednesday,linea 3,eugenia,14145.219766500251,11412.58636711508,16833.793147828746,0.011305084,0.3983705,0.74527884,78
2026-08-14,Friday,linea 3,viveros/derechos humanos,19072.527484183232,15747.265699364729,22531.081069490123,0.00923142,0.32529837,0.7452121,111
2026-08-29,Saturday,linea 6,uam-azcapotzalco,6189.125232020018,4870.790848186388,7556.464650261102,0.010255506,0.3613853,0.74502355,138
2026-08-08,Saturday,linea b,romero rubio,12923.43110976492,10857.250856636076,14942.642646023809,0.010254417,0.3613469,0.7449444,52
2026-08-20,Thursday,linea b,san lázaro,16391.956194363316,12608.66526312319,20506.18092492376,0.009777439,0.34453908,0.74489963,65
2026-08-05,Wednesday,linea 8,iztapalapa,9625.970212214344,7095.20575698308,12099.922780875808,0.011296709,0.39807537,0.74472666,87
2026-08-16,Sunday,linea b,bosque de aragón,5842.540977237385,4354.546064538787,7306.854464106943,0.012161965,0.42856538,0.7445892,88
2026-08-08,Saturday,linea 3,guerrero,6885.516085282718,5518.84702272011,8194.200345914629,0.010248805,0.36114916,0.74453676,53
2026-08-22,Saturday,linea b,olímpica,13431.393630377643,10626.430719814947,16010.58664203911,0.010248186,0.36112735,0.74449176,48
2026-08-06,Thursday,linea 8,escuadrón 201,19462.28403558798,15595.815161475663,23351.640784551524,0.009769718,0.344267,0.74431145,51
2026-08-19,Wednesday,linea 5,valle gómez,4396.021677678904,3642.2583424131485,5141.32675488125,0.011288181,0.39777485,0.74416447,79
2026-08-14,Friday,linea 6,martín carrera,23715.042918490533,18689.77573009119,29060.75360748067,0.009216766,0.32478198,0.7440291,112
2026-08-04,Tuesday,linea 1,moctezuma,18429.969154726907,15326.402039905319,21379.112412434177,0.012149808,0.428137,0.7439158,71
2026-08-05,Wednesday,linea 3,universidad,60607.53237777044,44815.27644053989,76535.18968822983,0.011284041,0.39762896,0.74389154,88
2026-08-14,Friday,linea 6,uam-azcapotzalco,7537.600253353588,6317.50878784214,8969.958436358016,0.009215002,0.32471982,0.7438867,113
2026-08-29,Saturday,linea 2,xola,16162.880278139213,11708.55223618158,20865.077196728194,0.010233459,0.36060837,0.7434219,139
2026-08-04,Tuesday,linea 1,chapultepec,43172.32102033142,34477.62563942006,52434.76571310717,0.012137836,0.42771515,0.7431828,72
2026-08-14,Friday,linea 3,miguel ángel de quevedo,35103.501315373156,28316.659378653712,41996.92878712705,0.009203837,0.3243264,0.7429854,114
2026-08-19,Wednesday,linea 8,obrera,11518.831108704646,9457.58939681295,13354.839797236502,0.011268782,0.3970913,0.74288565,80
2026-08-02,Sunday,linea 3,etiopía/plaza de la transparencia,8693.4920407705,4096.317326372815,13910.850392780852,0.0121331485,0.42754996,0.74282503,135
2026-08-01,Saturday,linea b,villa de aragón,5378.46701543507,817.7343966749356,9832.667012191201,0.010223197,0.36024675,0.7426764,136
2026-08-01,Saturday,linea 1,candelaria,21129.631833056003,17818.168371392705,24575.19823626876,0.010220799,0.36016226,0.74250215,137
2026-08-13,Thursday,linea 9,tacubaya,46007.754002322145,34406.94097648607,57001.10473520818,0.009742166,0.3432961,0.74221236,112
2026-08-30,Sunday,linea 2,bellas artes,16051.502942611698,6917.899676037013,24987.90287516745,0.012120797,0.42711473,0.7420689,120
2026-08-09,Sunday,linea a,canal de san juan,8016.685870672774,5696.472909414549,10198.128189561132,0.012119017,0.427052,0.74195987,63
2026-08-06,Thursday,linea 2,pino suárez,33448.96089749072,23413.925745104174,43992.13982910584,0.009737392,0.34312788,0.74184865,52
2026-08-25,Tuesday,linea 6,norte 45,6419.093303717552,5130.050583201146,7794.659431616977,0.012114969,0.42690936,0.74178267,103
2026-08-10,Monday,linea 7,san antonio,11214.953452000316,8914.120240311444,13591.208874396349,0.011522429,0.40602934,0.7416841,109
2026-08-17,Monday,linea 6,tezozómoc,5296.609874492786,4276.252494896438,6267.654029605998,0.011518297,0.40588373,0.74141806,102
2026-08-23,Sunday,linea 2,portales,9376.41128569852,6072.2668449894245,13004.45863135715,0.012093616,0.4261569,0.7404047,52
2026-08-23,Sunday,linea 1,sevilla,14203.142429447798,8620.523353769619,20282.896947451158,0.012091025,0.4260656,0.7402461,53
2026-08-05,Wednesday,linea 4,candelaria,8779.463133133937,5657.181422520762,11859.697596196369,0.011227,0.39561895,0.74013114,89
2026-08-23,Sunday,linea 8,iztacalco,7170.996713260862,3137.8111447424008,11369.2091622249,0.012085028,0.4258543,0.73987895,54
2026-08-25,Tuesday,linea b,villa de aragón,14856.361815761447,10459.360460113148,19392.40292995207,0.01208332,0.4257941,0.73984486,104
2026-08-18,Tuesday,linea 8,coyuya,26866.419754794737,21817.677679144374,32200.673290604234,0.0120775895,0.42559215,0.73949397,67
2026-08-28,Friday,linea 2,san cosme,19839.839385487965,15646.330819607934,24154.911365829787,0.009159897,0.32277805,0.73943835,146
2026-08-11,Tuesday,linea 2,san cosme,17020.170897484175,12911.627887305889,21100.504391117174,0.01207474,0.42549175,0.7393195,136
2026-08-19,Wednesday,linea 1,isabel la católica,19620.68546670976,15102.897963249172,23690.30081492054,0.011212315,0.3951015,0.7391631,81
2026-08-03,Monday,linea 5,instituto del petróleo,5299.2692528380085,4010.293259747249,6522.350809323918,0.011480681,0.40455818,0.73899674,112
2026-08-27,Thursday,linea 6,tezozómoc,5926.888718148326,4910.611368143306,6883.5035489891425,0.00969781,0.3417331,0.73883307,141
2026-08-22,Saturday,linea b,lagunilla,23894.174219794535,18837.20296062563,29152.55394894258,0.010169326,0.35834846,0.7387629,49
2026-08-29,Saturday,linea 2,ermita,10759.121797091539,7201.149316925127,14332.273751442523,0.01016697,0.35826543,0.73859173,140
2026-08-09,Sunday,linea 2,villa de cortés,7630.765833057649,3916.8319916951573,11758.502061707164,0.012060982,0.42500696,0.73840684,64
2026-08-13,Thursday,linea 3,división del norte,14843.364785206919,11793.049797545873,18110.524749235366,0.009691845,0.34152287,0.7383786,113
2026-08-05,Wednesday,linea 8,santa anita,3971.248089710385,3143.578468757577,4905.739555457422,0.011196319,0.3945378,0.7381085,90
2026-08-12,Wednesday,linea 7,polanco,44761.9251825428,36697.86459779988,53773.15096050185,0.011193706,0.39444572,0.73793626,75
2026-08-12,Wednesday,linea 12,lomas estrella,9882.25850565023,8575.163882613102,11107.952916560625,0.011193015,0.39442137,0.7378907,76
2026-08-20,Thursday,linea 8,aculco,9094.585776611533,7586.282436969237,10571.720407931043,0.009682486,0.34119308,0.7376656,66
2026-08-08,Saturday,linea 6,martín carrera,13285.026811644664,8311.609527088247,18542.628712651578,0.010152091,0.35774112,0.73751086,54
2026-08-01,Saturday,linea 1,sevilla,17828.86784763248,12249.93788333468,23117.10580510669,0.010143866,0.3574513,0.73691326,138
2026-08-19,Wednesday,linea 9,mixiuhca,23369.663209162216,18948.69391249087,28030.737980678347,0.011174533,0.3937701,0.7366723,82
2026-08-02,Sunday,linea 3,indios verdes,46628.73469012396,32606.55031060403,61104.193607240246,0.012031053,0.4239523,0.7365745,136
2026-08-14,Friday,linea 8,uam-i,24154.78861291522,19534.6958218572,28847.766375465817,0.009124369,0.32152608,0.73657036,115
2026-08-27,Thursday,linea b,garibaldi/lagunilla,5438.5078378858125,3659.525770743949,7122.182283435313,0.00966691,0.34064424,0.736479,142
2026-08-03,Monday,linea 2,popotla,6244.420959593255,3533.6223743331702,8918.2889857565,0.011439004,0.40308958,0.73631406,113
2026-08-04,Tuesday,linea 6,uam-azcapotzalco,7171.680100631857,5912.163021831611,8430.739752401578,0.012023138,0.4236734,0.73616,73
2026-08-05,Wednesday,linea 12,mexicaltzingo,16597.577137265023,13293.419504598081,19806.48946610618,0.011166241,0.39347792,0.73612565,91
2026-08-05,Wednesday,linea 8,aculco,8582.456661455188,7097.779742871274,10169.908151538893,0.01116152,0.39331156,0.73581445,92
2026-08-18,Tuesday,linea 2,villa de cortés,17115.24825327486,13367.892282465824,20888.314880431924,0.012015777,0.423414,0.73570925,68
2026-08-04,Tuesday,linea 4,martín carrera,22041.84580449319,17491.342634014483,26288.46978999113,0.012014955,0.42338505,0.73565894,74
2026-08-21,Friday,linea 4,morelos,6787.1481889118695,5638.697104417736,7971.739180644054,0.009108269,0.32095873,0.7352706,61
2026-08-08,Saturday,linea b,san lázaro,14510.976789090766,10345.466508387524,18571.908978992287,0.0101205325,0.35662904,0.7352182,55
2026-08-03,Monday,linea 2,cuatro caminos,93686.27230242529,79419.990113095,108243.74304825839,0.011416407,0.40229332,0.7348596,114
2026-08-05,Wednesday,linea b,múzquiz,24383.104751813185,19356.154486002313,29157.09492960056,0.011145375,0.39274263,0.7347501,93
2026-08-04,Tuesday,linea a,la paz,43211.741139426835,34645.176135360634,51420.093439626435,0.011998444,0.42280322,0.734648,75
2026-08-06,Thursday,linea 3,coyoacán,27996.64204950859,22870.182751530298,33023.27567495503,0.009642519,0.33978474,0.7346207,53
2026-08-16,Sunday,linea 3,hospital general,6862.056940943725,2930.950000741971,10857.287137927835,0.011993662,0.42263472,0.7342853,89
2026-08-07,Friday,linea b,romero rubio,13784.912490397148,11549.00215123451,15904.470178068485,0.009091826,0.32037932,0.7339433,55
2026-08-08,Saturday,linea 8,escuadrón 201,15256.22842740385,11390.091639280254,19395.207616446904,0.010102391,0.35598978,0.7339003,56
2026-08-05,Wednesday,linea 6,uam-azcapotzalco,7190.928891811517,5890.657889213498,8505.060104753462,0.011132397,0.39228532,0.7338945,94
2026-08-26,Wednesday,linea 12,eje central,13465.990988113517,11560.096882796077,15544.103586561883,0.011131766,0.39226308,0.7338529,128
2026-08-20,Thursday,linea 5,autobuses del norte,17765.778179071775,12940.689859602415,23044.037554317612,0.009628491,0.3392904,0.7335519,67
2026-08-10,Monday,linea 8,cerro de la estrella,9924.63310370662,8145.644951989427,11807.381436762982,0.0113927135,0.40145838,0.7333344,110
2026-08-20,Thursday,linea 8,salto del agua,17169.389582530563,12390.53392422057,21592.26873590189,0.009624408,0.33914652,0.7332409,68
2026-08-24,Monday,linea 2,viaducto,14965.11838487733,11748.8591571362,17835.15116852379,0.011386346,0.401234,0.7329246,58
2026-08-16,Sunday,linea 1,sevilla,14180.700324897583,8442.290788446087,19512.035869860938,0.0119701745,0.42180705,0.73284733,90
2026-08-10,Monday,linea 3,etiopía/plaza de la transparencia,22733.5783354175,18203.05253593504,27259.182786806137,0.011384988,0.40118617,0.73283714,111
2026-08-28,Friday,linea 6,ferrería/arena ciudad de méxico,22151.196616228903,15605.291858302386,28204.13533467298,0.009077639,0.3198794,0.73279804,147
2026-08-30,Sunday,linea 4,fray servando,5899.254830525723,3446.3286327086003,8277.745086223524,0.011962574,0.42153922,0.732382,121
2026-08-03,Monday,linea 1,chapultepec,39159.85497384382,29988.567575515503,48481.09562460673,0.011377156,0.40091017,0.732333,115
2026-08-26,Wednesday,linea 4,martín carrera,24388.934177520743,19578.17971208195,28731.886636276795,0.0111077,0.39141503,0.73226637,129
2026-08-29,Saturday,linea 6,norte 45,3937.9537526750805,2596.223908104492,5295.274718273847,0.010077583,0.3551156,0.73209804,141
2026-08-08,Saturday,linea 2,villa de cortés,12868.56190612586,9012.456124747163,16806.18790403221,0.010074909,0.35502136,0.7319038,57
2026-08-26,Wednesday,linea 1,balderas,20728.53287426188,14602.997707056895,27447.968069718536,0.011094607,0.3909537,0.7314033,130
2026-08-07,Friday,linea 8,santa anita,3914.9116748412057,3056.2818634871096,4780.837976956285,0.009050576,0.31892574,0.7306133,56
2026-08-17,Monday,linea b,ecatepec,23271.419862147075,18220.980131104585,28355.839659037705,0.01134906,0.3999201,0.7305245,103
2026-08-29,Saturday,linea 12,mexicaltzingo,9845.525403448988,6619.971789802186,13091.433892017098,0.01005402,0.3542853,0.7303863,142
2026-08-27,Thursday,linea 3,deportivo 18 de marzo,29224.283437138798,23980.357081657054,35059.87811494529,0.009583986,0.33772215,0.73016137,143
2026-08-17,Monday,linea 6,norte 45,5762.120700813791,4471.505251792962,7177.470969499889,0.011343009,0.3997069,0.730135,104
2026-08-18,Tuesday,linea 12,parque de los venados,11594.112593841732,9847.3698452748,13319.53569343677,0.011923395,0.42015862,0.7300529,69
2026-08-05,Wednesday,linea b,deportivo oceanía,10259.283256881597,6685.85742998318,13791.115011570708,0.0110710645,0.39012405,0.72985125,95
2026-08-10,Monday,linea a,tepalcates,24200.523489165484,17923.686365802587,30556.314597258228,0.011336568,0.39947993,0.7297204,112
2026-08-12,Wednesday,linea 1,observatorio,38480.65449933058,29740.492591838774,47580.38255841084,0.011068428,0.39003116,0.72967744,77
2026-08-18,Tuesday,linea 3,centro médico,16994.647655549932,14146.419146061113,19851.956779138585,0.0119152125,0.4198703,0.72955185,70
2026-08-03,Monday,linea 3,indios verdes,86084.87031285552,71575.37654530794,101218.03729277874,0.011333565,0.39937413,0.7295271,116
2026-08-22,Saturday,linea 8,salto del agua,16304.700134254417,11983.369815752521,20671.559885186995,0.010040371,0.3538043,0.72939473,50
2026-08-20,Thursday,linea 3,la raza,31070.505860855334,25767.962955201718,36800.16591295124,0.009573436,0.3373504,0.7293576,69
2026-08-14,Friday,linea 12,calle 11,13319.03358455548,11444.357485997612,15175.952932133994,0.009033801,0.31833464,0.72925913,116
2026-08-25,Tuesday,linea 6,martín carrera,24637.94534675044,19746.921728475,29804.44098979391,0.011910353,0.41969904,0.7292543,105
2026-08-12,Wednesday,linea 4,morelos,6549.290058195239,5402.073824508176,7686.665164242085,0.01106104,0.3897708,0.72919035,78
2026-08-28,Friday,linea 5,instituto del petróleo,6011.931243604659,4696.766588963207,7263.213934267457,0.009032713,0.31829628,0.72917134,148
2026-08-14,Friday,linea 8,la viga,6946.882508884613,5766.079146577438,8102.693245736273,0.009029969,0.31819957,0.7289498,117
2026-08-07,Friday,linea 7,polanco,42304.455061392444,33614.61709472242,50925.28908563144,0.009029853,0.31819552,0.7289404,57
2026-08-22,Saturday,linea 6,martín carrera,14096.736877370364,8965.74757595167,19214.197604636644,0.01002976,0.35343042,0.7286239,51
2026-08-28,Friday,linea b,garibaldi/lagunilla,5966.170515193049,4171.808163250419,7709.987818871452,0.0090251565,0.31803,0.72856134,149
2026-08-13,Thursday,linea 8,doctores,11275.675517428104,8677.243332936632,13728.041228268896,0.009559973,0.33687598,0.7283319,114
2026-08-08,Saturday,linea 6,lindavista,6508.422779301877,1335.4257395725292,11511.174443203785,0.010022798,0.35318506,0.7281181,58
2026-08-10,Monday,linea 5,aragón,6332.298126992378,4968.1364189376,7667.973007009075,0.011311605,0.39860025,0.72811353,113
2026-08-21,Friday,linea b,san lázaro,17047.444239306264,12923.306808883524,21251.53747679619,0.009015383,0.3176856,0.72777236,62
2026-08-16,Sunday,linea 6,vallejo,2418.3979225886446,952.5372372227133,3959.230448592348,0.011886258,0.41884997,0.7277097,91
2026-08-25,Tuesday,linea 8,santa anita,4227.38390568277,3446.2967311021384,5088.620858326208,0.011884494,0.41878784,0.72767097,106
2026-08-11,Tuesday,linea 4,jamaica,5977.9888903105575,4620.52879046872,7340.00879582769,0.011883032,0.4187363,0.72758144,137
2026-08-02,Sunday,linea 7,san antonio,4711.516199227441,2402.5935684749834,7254.286648365199,0.011882646,0.41872272,0.7274886,137
2026-08-15,Saturday,linea 9,lázaro cárdenas,10840.897042941328,8738.119501777663,12943.749341589895,0.01001305,0.3528416,0.72741,106
2026-08-18,Tuesday,linea 7,san joaquín,30177.141119467684,23651.844214146942,36437.028628869346,0.011879248,0.41860297,0.72734976,71
2026-08-07,Friday,linea 4,canal del norte,5876.710635806135,4331.779191310373,7358.805520266401,0.009009838,0.31749022,0.7273247,58
2026-08-26,Wednesday,linea 7,san antonio,12475.614158553868,10195.029339026752,14873.624547763382,0.011029018,0.38864243,0.72707933,131
2026-08-09,Sunday,linea a,acatitla,9556.016549033098,6702.588218661639,12425.622947916718,0.011868484,0.41822368,0.72662157,65
2026-08-28,Friday,linea 7,mixcoac,20962.803672305054,16865.16305252373,25231.71786746066,0.0089984825,0.31709006,0.72640806,150
2026-08-13,Thursday,linea 8,coyuya,26151.757612283676,21311.434878546086,31489.18326715187,0.009534052,0.33596253,0.72635704,115
2026-08-21,Friday,linea 8,coyuya,28112.914825669974,22556.78674589716,33424.58937073621,0.00899554,0.31698638,0.72617054,63
2026-08-10,Monday,linea 9,pantitlán,47693.29979118699,40119.8387795418,55577.86280514162,0.01127792,0.39741325,0.7259453,114
2026-08-09,Sunday,linea 8,garibaldi/lagunilla,8916.014758504363,5391.649963005741,12376.0705759987,0.011855634,0.41777086,0.72583485,66
2026-08-07,Friday,linea 9,mixiuhca,21822.78110857718,17267.071655615302,26307.904754811167,0.008990955,0.3168248,0.72580034,59
2026-08-20,Thursday,linea 12,insurgentes sur,39535.724924302864,33889.86737785547,45185.26851720912,0.009523871,0.3356038,0.72558147,70
2026-08-12,Wednesday,linea 2,xola,19165.23094496229,15017.326590074108,23435.80432496004,0.011000905,0.38765177,0.72522604,79
2026-08-25,Tuesday,linea 3,la raza,31413.634603464092,25785.319528378648,37127.77056763628,0.011843055,0.41732758,0.7251337,107
2026-08-01,Saturday,linea 1,observatorio,38673.56249810403,30344.207204394737,48078.39132556311,0.009972792,0.35142297,0.72448546,139
2026-08-05,Wednesday,linea 1,moctezuma,18637.610080991086,15541.048676955901,21919.067822102472,0.010984788,0.38708383,0.7241635,96
2026-08-01,Saturday,linea b,deportivo oceanía,6851.1794040931245,3341.977900933231,10628.333660470307,0.009965615,0.35117006,0.72396404,140
2026-08-04,Tuesday,linea 8,aculco,8469.233832784834,7017.233533946745,9985.211779760026,0.011821918,0.4165828,0.7238396,76
2026-08-01,Saturday,linea a,guelatao,13389.163715857956,8685.908886611272,18117.411225557375,0.009963321,0.3510892,0.7237974,141
2026-08-14,Friday,linea 2,tasqueña,53221.944593485,39282.05920500267,66335.83775124392,0.008962643,0.31582716,0.7235149,118
2026-08-19,Wednesday,linea a,tepalcates,28338.990846347202,22376.708758887493,34600.1964447137,0.010974628,0.3867258,0.7234937,83
2026-08-19,Wednesday,linea 3,la raza,30965.602026814784,25722.90729127235,36700.48659378749,0.010974322,0.38671505,0.7234736,84
2026-08-09,Sunday,linea 1,gómez farias,15132.237280447105,12066.209416141239,18108.231449657575,0.011813177,0.41627476,0.7232355,67
2026-08-14,Friday,linea 6,norte 45,6209.610478386506,4940.52355715976,7616.407466120957,0.008959027,0.31569973,0.723223,119
2026-08-12,Wednesday,linea 4,martín carrera,23091.49260786031,18605.847054696544,27897.404420583847,0.010970069,0.38656518,0.72319317,80
2026-08-23,Sunday,linea 4,morelos,5114.255933645321,4047.8993673234536,6173.866201990291,0.0118113505,0.41621038,0.72312367,55
2026-08-04,Tuesday,linea 2,san antonio abad,15009.284137071227,11100.489490535034,19433.19803364744,0.011809681,0.41615155,0.7230903,77
2026-08-26,Wednesday,linea 2,bellas artes,14777.476738427458,6422.440253735077,23067.715673766463,0.010965087,0.38638964,0.72286475,132
2026-08-13,Thursday,linea 3,viveros/derechos humanos,18608.045522687393,15218.665652144522,21925.617464100844,0.009486166,0.33427513,0.7227088,116
2026-08-13,Thursday,linea 8,atlalilco,13739.271196008507,11006.104363124956,16333.575472014114,0.009485874,0.33426487,0.72268665,117
2026-08-24,Monday,linea 3,división del norte,14618.965950545224,11595.213010019364,17838.169511024447,0.011225348,0.39556074,0.72256136,59
2026-08-03,Monday,linea 7,san antonio,11020.939982587006,8693.084494261955,13322.329648510578,0.0112202745,0.39538196,0.7222347,117
2026-08-05,Wednesday,linea 5,aragón,6449.878960996121,5043.454252945721,7782.187221075009,0.010954379,0.3860123,0.72215885,97
2026-08-19,Wednesday,linea 9,jamaica,10467.175690685846,7805.530090012774,12948.885246245542,0.010950257,0.38586703,0.7218871,85
2026-08-04,Tuesday,linea 2,xola,18156.595637241895,13792.52994198534,22475.659720213484,0.011788509,0.41540548,0.72179395,78
2026-08-20,Thursday,linea 2,ermita,13400.328439949077,10080.700163441543,16704.349764913673,0.009473571,0.3338313,0.72174925,71
2026-08-17,Monday,linea b,tepito,17693.237327764848,12859.720167412474,22676.775281919116,0.011209635,0.39500704,0.7215499,105
2026-08-03,Monday,linea 5,hangares,4797.798274379709,3528.358577963708,6006.3600584023725,0.011204393,0.3948223,0.72121245,118
2026-08-19,Wednesday,linea 8,aculco,9102.5978028859,7622.6207823111035,10667.839751280388,0.010937848,0.38542977,0.72106904,86
2026-08-03,Monday,linea 8,doctores,9885.931759330795,7233.532800536202,12602.65765289905,0.011201583,0.3947233,0.7210316,119
2026-08-21,Friday,linea 3,eugenia,14004.450398719584,11492.369436158719,16745.20009861711,0.008930174,0.314683,0.72089374,64
2026-08-20,Thursday,linea b,morelos,4546.6493289415375,3584.0337333352722,5579.0647483806715,0.009461859,0.3334186,0.720857,72
2026-08-12,Wednesday,linea 12,calle 11,13292.212931126589,11452.907718576762,15351.50122784116,0.010934212,0.38530165,0.72082937,81
2026-08-22,Saturday,linea a,los reyes,19804.372324044063,16212.124121832047,24087.9508607329,0.009922131,0.34963775,0.7208051,52
2026-08-30,Sunday,linea 3,coyoacán,13863.930413228773,8649.21747072498,18921.14109075226,0.0117723225,0.41483513,0.72073424,122
2026-08-16,Sunday,linea 9,lázaro cárdenas,7246.816901992249,5070.623879463562,9219.741358750714,0.011772027,0.41482472,0.7207162,92
2026-08-28,Friday,linea 4,canal del norte,7661.4664149014725,5957.094958070055,9292.63718806421,0.0089274645,0.31458753,0.72067505,151
2026-08-24,Monday,linea 2,revolución,25045.90663513008,18736.155012056584,31892.02978520164,0.01119333,0.3944325,0.7205004,60
2026-08-10,Monday,linea 7,camarones,13292.191716473877,10633.805310604643,15717.71400359481,0.0111927455,0.3944119,0.72046274,115
2026-08-20,Thursday,linea 1,moctezuma,18781.29540010687,15776.960261111071,22064.817953161313,0.009454492,0.333159,0.7202957,73
2026-08-26,Wednesday,linea a,tepalcates,29815.643918602345,23366.31145543665,36216.26632956328,0.010919454,0.38478157,0.7198564,133
2026-08-06,Thursday,linea b,olímpica,15084.33152467216,12524.238918126299,17641.211650974492,0.009445061,0.33282667,0.71957725,54
2026-08-06,Thursday,linea a,pantitlán,35086.6482476459,26755.16357305948,43679.654629289704,0.009444664,0.3328127,0.71954703,55
2026-08-20,Thursday,linea 1,sevilla,27329.012010544757,21772.53986342511,32769.397321178185,0.0094418805,0.33271462,0.71933496,74
2026-08-19,Wednesday,linea b,san lázaro,16610.07817546023,12344.254726411444,20800.9276007312,0.010910851,0.38447842,0.7192893,87
2026-08-06,Thursday,linea 2,san antonio abad,15410.177461386613,11493.119278628903,19194.992836706126,0.00944031,0.33265927,0.71921533,56
2026-08-09,Sunday,linea 8,aculco,3658.29441075865,2088.704636112074,5172.205113692493,0.011747495,0.41396025,0.71921426,68
2026-08-22,Saturday,linea 8,apatlaco,10476.04556484092,8073.349491718712,12847.620294566668,0.009899504,0.34884042,0.7191613,53
2026-08-11,Tuesday,linea b,buenavista,50587.95143984002,41025.16443007057,61200.26489134802,0.011745376,0.41388556,0.719153,138
2026-08-20,Thursday,linea b,romero rubio,13726.947048332488,11618.223675560617,15882.271928341788,0.00943859,0.33259866,0.71908426,75
2026-08-22,Saturday,linea 3,potrero,11646.796391358383,9307.396383207499,14145.041301833233,0.009894607,0.34866783,0.71880555,54
2026-08-28,Friday,linea 4,jamaica,6898.078611537913,5635.358001804936,8229.933224071761,0.008904021,0.3137614,0.7187826,152
2026-08-16,Sunday,linea 4,jamaica,3461.721888530056,2058.826161832438,4858.824150740481,0.011735754,0.4135465,0.7184954,93
2026-08-11,Tuesday,linea 4,canal del norte,5623.149430061636,4142.632524687523,7194.663925929893,0.011731485,0.41339606,0.7183025,139
2026-08-16,Sunday,linea 3,centro médico,9441.983844555041,6634.5761082004265,12412.623890958375,0.01172713,0.4132426,0.71796745,94
2026-08-05,Wednesday,linea 3,tlatelolco,14930.02681608717,11449.927270795915,18536.098424928732,0.010889496,0.3837259,0.71788144,98
2026-08-08,Saturday,linea 8,iztapalapa,8569.78475746626,5981.979471629649,11097.628586823812,0.009881283,0.34819835,0.71783763,59
2026-08-12,Wednesday,linea 8,salto del agua,16886.870259387946,12397.517901270356,21435.962115856393,0.01088474,0.38355833,0.717568,82
2026-08-25,Tuesday,linea 8,iztacalco,16267.384204094102,12197.407664505052,20652.532081863043,0.011719484,0.4129732,0.7175677,108
2026-08-03,Monday,linea 2,hidalgo,18514.14936965811,10599.257899301952,26072.794736816726,0.011145853,0.3927595,0.71744436,120
2026-08-30,Sunday,linea 6,uam-azcapotzalco,4253.956807990111,2831.5778254475913,5508.202720923348,0.011718219,0.4129286,0.7174219,123
2026-08-21,Friday,linea b,tepito,19491.328655464677,14722.636245004305,24400.32712571509,0.008886419,0.31314117,0.7173617,65
2026-08-06,Thursday,linea 8,iztapalapa,9705.452430905396,7115.390012555692,12315.92090245495,0.009412692,0.33168605,0.7171112,57
2026-08-22,Saturday,linea b,múzquiz,21896.23577646517,16903.529787790387,26949.222122456355,0.009863468,0.34757057,0.71654344,55
2026-08-27,Thursday,linea 6,ferrería/arena ciudad de méxico,22726.72904761369,16510.303609439223,29044.077120958107,0.0094047105,0.3314048,0.71650314,144
2026-08-12,Wednesday,linea a,la paz,46303.7198124562,37340.871160467905,55011.440859136696,0.010857488,0.382598,0.7157714,83
2026-08-19,Wednesday,linea b,tepito,18707.40063691837,13662.494439761222,23637.358900458203,0.010857437,0.38259622,0.715768,88
2026-08-27,Thursday,linea 5,valle gómez,4486.152099162588,3775.5873876472424,5261.60124509567,0.009392599,0.330978,0.7155804,145
2026-08-08,Saturday,linea b,guerrero,5749.196758164249,4389.125134255542,7126.709795979961,0.009845295,0.3469302,0.71522325,60
2026-08-13,Thursday,linea b,guerrero,6096.431427776265,4841.866838625375,7469.823515074839,0.009382586,0.33062518,0.7148176,118
2026-08-19,Wednesday,linea 8,coyuya,27478.59368127043,21688.562628850996,32673.15260110859,0.010835801,0.38183382,0.7143417,89
2026-08-10,Monday,linea 8,uam-i,22414.84109338717,17778.1665921824,27040.468484351968,0.0110959215,0.39099997,0.7142303,116
2026-08-02,Sunday,linea 1,zaragoza,15911.965117793134,11259.650405449489,20568.277967561073,0.011665939,0.41108638,0.7142212,138
2026-08-27,Thursday,linea 7,mixcoac,20590.878534667765,16361.828968059443,24752.00003566511,0.009372363,0.33026493,0.7140387,146
2026-08-26,Wednesday,linea 5,aragón,7155.972320962775,5785.064434291945,8417.282422070492,0.010830759,0.38165614,0.7140093,134
2026-08-21,Friday,linea 8,uam-i,24670.100752920454,19692.132692995012,29354.505276737294,0.008840951,0.31153896,0.71369123,66
2026-08-18,Tuesday,linea 5,valle gómez,4329.984641505422,3575.782006536427,5083.509802739389,0.011655725,0.41072643,0.71366376,72
2026-08-16,Sunday,linea 8,doctores,3673.015386116009,1201.9410761802883,6350.232891847686,0.011656048,0.4107378,0.7136156,95
2026-08-15,Saturday,linea b,múzquiz,21046.06534150688,16375.779091112021,25438.740649392108,0.009822623,0.34613127,0.7135762,107
2026-08-27,Thursday,linea 3,viveros/derechos humanos,19058.81315096878,15861.620928918677,22626.614121751925,0.009363871,0.32996568,0.7133918,147
2026-08-17,Monday,linea a,tepalcates,26266.473423093823,19718.458218958516,32053.526202838075,0.0110804755,0.3904557,0.7132361,106
2026-08-01,Saturday,linea 3,tlatelolco,12427.365058939164,8708.0627744184,16277.834757246323,0.009816257,0.34590694,0.7131138,142
2026-08-04,Tuesday,linea 7,aquiles serdán,12872.39045777275,9984.724671516922,15568.319421651326,0.011645901,0.41038024,0.7130623,79
2026-08-17,Monday,linea 8,doctores,10987.569518539001,8328.395132968422,13402.206011421991,0.0110759875,0.39029753,0.7129472,107
2026-08-05,Wednesday,linea b,morelos,4386.987952501501,3338.5965598283315,5354.849894162043,0.010807253,0.38082784,0.7124597,99
2026-08-13,Thursday,linea 8,la viga,6758.866162567787,5636.104576754689,7849.253439462489,0.009348323,0.3294178,0.7122072,119
2026-08-28,Friday,linea 6,vallejo,7811.752347100793,6223.327820883063,9504.481516881217,0.008815721,0.31064987,0.7116545,153
2026-08-11,Tuesday,linea 7,camarones,14128.885031829814,11650.813449716798,16891.48617316652,0.011615583,0.4093119,0.71120596,140
2026-08-22,Saturday,linea 12,parque de los venados,7554.275634046491,5693.207441718562,9396.32570846458,0.009787318,0.3448872,0.71101147,56
2026-08-18,Tuesday,linea b,múzquiz,24878.2522832484,19841.28280170215,29737.898593201313,0.011612381,0.40919906,0.7110099,73
2026-08-06,Thursday,linea b,romero rubio,13061.242531597221,11048.05011301616,15300.250410536062,0.009331169,0.3288133,0.7109003,58
2026-08-06,Thursday,linea 7,san joaquín,29000.03692409237,22149.81122806744,35174.69180602756,0.009330296,0.32878256,0.7108338,59
2026-08-26,Wednesday,linea 6,tezozómoc,5915.277393968222,4987.650068495556,6987.869564592232,0.0107816225,0.37992465,0.71077,135
2026-08-06,Thursday,linea b,tepito,17466.881668901002,12543.589847953217,21887.79351278323,0.009328142,0.32870665,0.7106697,60
2026-08-29,Saturday,linea 2,san cosme,15269.562411827588,10985.75272586496,19872.485372759227,0.00978147,0.3446811,0.71058655,143
2026-08-22,Saturday,linea 8,coyuya,21935.61343277079,16260.850196313186,27123.374708871706,0.009779069,0.3445965,0.71041214,57
2026-08-01,Saturday,linea 8,iztacalco,9190.203195564278,4916.783998169842,13221.986797367546,0.009778029,0.34455988,0.7103366,143
2026-08-27,Thursday,linea 4,canal del norte,7386.019936623125,5829.713348971528,8895.140501334234,0.009323216,0.32853308,0.7102944,148
2026-08-30,Sunday,linea b,garibaldi/lagunilla,7582.366885417301,5816.9422095694235,9430.565660426719,0.011601609,0.4088195,0.71028274,124
2026-08-19,Wednesday,linea 7,aquiles serdán,13910.087520160161,10890.61438015409,16854.337594946366,0.01077143,0.3795655,0.7100981,90
2026-08-10,Monday,linea 6,uam-azcapotzalco,7030.312512298388,5710.878026329035,8327.976218555032,0.0110311555,0.38871774,0.7100614,117
2026-08-15,Saturday,linea b,ecatepec,17607.420566241934,12695.290340797026,22910.79352810957,0.009771115,0.3443162,0.70983434,108
2026-08-05,Wednesday,linea 7,san pedro de los pinos,12390.111048412964,9536.221923749732,14852.740213226252,0.010766133,0.37937883,0.70974886,100
2026-08-24,Monday,linea 7,aquiles serdán,13407.68352531689,10641.10957176825,16253.975903876884,0.011025939,0.38853392,0.7097256,61
2026-08-15,Saturday,linea 8,constitución de 1917,80814.0757823857,62814.613382435826,98731.11051665992,0.009769414,0.34425628,0.7097108,109
2026-08-01,Saturday,linea b,múzquiz,20391.342967730736,15418.963775745464,25385.95605535184,0.009766936,0.34416896,0.7095308,144
2026-08-04,Tuesday,linea 9,lázaro cárdenas,12316.3914935638,10287.01690656294,14465.635124466718,0.011582192,0.40813527,0.70916146,80
2026-08-03,Monday,linea 8,iztapalapa,9233.968524064196,6580.200102670221,11837.54548019367,0.011015363,0.38816124,0.7090449,121
2026-08-19,Wednesday,linea 5,autobuses del norte,17750.98995263179,12823.720099901113,22614.082506276536,0.010750132,0.378815,0.708694,91
2026-08-16,Sunday,linea 6,norte 45,1149.6932193902126,0.0,2401.982138088,0.011572288,0.40778628,0.70848763,96
2026-08-07,Friday,linea 3,potrero,13227.656229083239,10687.775087232134,15706.885672774797,0.008776093,0.30925345,0.7084555,60
2026-08-25,Tuesday,linea b,san lázaro,16961.638701869877,12896.433465093673,21069.648579207926,0.011570391,0.40771943,0.70843893,109
2026-08-18,Tuesday,linea 4,morelos,6646.364947314935,5528.590201020087,7814.816963143823,0.011570119,0.40770984,0.7084223,74
2026-08-21,Friday,linea 2,ermita,13624.446475043327,10375.865182022753,16834.07626290014,0.008775471,0.30923155,0.70840526,67
2026-08-12,Wednesday,linea 5,autobuses del norte,17220.46032308413,12365.077095560175,22319.089105289444,0.010745457,0.37865028,0.7083858,84
2026-08-13,Thursday,linea 3,niños héroes,21924.987651536798,16213.112020130066,27531.40376634343,0.009297439,0.32762474,0.7083306,120
2026-08-23,Sunday,linea 8,escuadrón 201,10258.713667894988,6193.240064524952,14193.967592832665,0.011568325,0.4076466,0.708245,56
2026-08-25,Tuesday,linea 8,constitución de 1917,106998.80968152868,88991.65591344162,125084.87096973795,0.011539419,0.40662804,0.70654255,110
2026-08-23,Sunday,linea b,bosque de aragón,5916.446797278569,4568.439492897804,7387.535681022741,0.01153769,0.4065671,0.7063694,57
2026-08-01,Saturday,linea 3,etiopía/plaza de la transparencia,15312.361563341214,10408.000506122715,20601.294890104036,0.009721831,0.34257957,0.70625407,145
2026-08-03,Monday,linea 8,atlalilco,12587.665710167252,10010.79180515136,15338.731479865843,0.010970928,0.38659543,0.7061846,122
2026-08-21,Friday,linea 1,candelaria,19213.475490663754,15821.611408810048,22473.431175268182,0.008746918,0.3082254,0.70610034,68
2026-08-05,Wednesday,linea 6,lindavista,13296.55000917826,8590.243113040746,18227.441243744877,0.010708867,0.37736088,0.7059736,101
2026-08-15,Saturday,linea 5,autobuses del norte,17653.883215295442,12238.588192174979,22551.36472173822,0.0097117545,0.34222448,0.70552206,110
2026-08-17,Monday,linea b,río de los remedios,15245.916109018839,11454.530272405977,19194.935289941262,0.010955562,0.38605398,0.70519555,108
2026-08-12,Wednesday,linea 2,general anaya,18657.53185087987,13979.32338710692,23764.876697082134,0.010696628,0.3769296,0.7051668,85
2026-08-29,Saturday,linea 6,el rosario,11141.934880013214,7743.950749211305,14798.754422557202,0.009704448,0.34196702,0.7049913,144
2026-08-05,Wednesday,linea 3,indios verdes,85925.13490805485,71897.84121164226,100251.4047745969,0.010687399,0.37660438,0.7045584,102
2026-08-21,Friday,linea b,romero rubio,14523.691627152035,12331.190390306581,16690.05429511743,0.008726526,0.30750683,0.7044542,69
2026-08-27,Thursday,linea 7,tacubaya,6394.28861880724,5080.83406964238,7759.810066432286,0.009246012,0.32581255,0.7044126,149
2026-08-25,Tuesday,linea a,guelatao,23776.95529870543,18675.735248148176,28402.16642273363,0.011500514,0.40525708,0.70416045,111
2026-08-09,Sunday,linea 2,general anaya,8838.975107421878,4133.0447943234885,14226.248914883216,0.011500927,0.40527162,0.70411867,69
2026-08-18,Tuesday,linea b,guerrero,5942.345526991517,4545.545181291033,7325.440010914772,0.011496151,0.40510333,0.7038933,75
2026-08-02,Sunday,linea 3,deportivo 18 de marzo,12342.94733745565,6923.267634856108,18005.720612021945,0.011494509,0.40504548,0.70372576,139
2026-08-07,Friday,linea 8,aculco,8580.99510817026,7186.079066522404,10137.185221677628,0.00871699,0.3071708,0.7036844,61
2026-08-20,Thursday,linea 7,aquiles serdán,13745.911978257847,10952.661396161782,16680.486220042243,0.009235739,0.32545054,0.7036299,76
2026-08-22,Saturday,linea 1,salto del agua,13821.280418743188,10783.557273347058,16844.130782003147,0.009684661,0.34126976,0.70355386,58
2026-08-08,Saturday,linea 8,la viga,6166.9847488741625,5100.752811100326,7255.045801537103,0.009684296,0.3412569,0.70352733,61
2026-08-29,Saturday,linea 7,tacubaya,4859.9196338506,3491.095896434774,6294.793582825827,0.009683085,0.3412142,0.7034393,145
2026-08-12,Wednesday,linea 12,mixcoac,17475.253443280228,14634.595249706754,20221.128555926665,0.010670084,0.37599424,0.7034169,86
2026-08-17,Monday,linea b,múzquiz,24374.726736424498,19387.79038768373,29357.68040594431,0.010926099,0.38501573,0.70329905,109
2026-08-05,Wednesday,linea 3,viveros/derechos humanos,18121.090211510516,14867.72219904263,21378.15033482087,0.010667728,0.37591124,0.7032616,103
2026-08-05,Wednesday,linea 7,tacubaya,5964.852459476104,4643.200020669911,7311.182019937155,0.010666531,0.37586904,0.70318264,104
2026-08-10,Monday,linea 2,popotla,6468.659089399566,3850.222109115692,8851.513748835718,0.010921081,0.3848389,0.70297605,118
2026-08-18,Tuesday,linea 8,aculco,8983.183735607068,7501.4667168689075,10438.59119931435,0.011474966,0.4043568,0.7025962,76
2026-08-05,Wednesday,linea 2,cuitláhuac,13571.148401576893,10693.164865761604,16851.245117111222,0.010656461,0.3755142,0.7025188,105
2026-08-29,Saturday,linea 3,etiopía/plaza de la transparencia,18384.891771238363,13573.505486376176,22996.535364795403,0.009668148,0.34068787,0.7023542,146
2026-08-05,Wednesday,linea 2,cuatro caminos,97092.44747709432,83382.32796868324,112234.75703000888,0.010653134,0.37539697,0.70229954,106
2026-08-07,Friday,linea 1,pantitlán,38058.86684191371,31755.939237373386,44280.723196795494,0.00869841,0.30651608,0.70218456,62
2026-08-14,Friday,linea 8,obrera,11402.078271042821,9318.925105457902,13538.706005650767,0.008697416,0.30648103,0.7021042,120
2026-08-15,Saturday,linea 2,normal,15537.01145989434,6647.018923992629,24688.16132189558,0.009664278,0.34055147,0.70207304,111
2026-08-22,Saturday,linea a,pantitlán,27306.16110261808,18968.103009460563,36369.89354768321,0.009663853,0.3405365,0.70204216,59
2026-08-24,Monday,linea 5,instituto del petróleo,5843.390373459333,4522.62591404628,7089.294450053133,0.010903284,0.38421178,0.70183045,62
2026-08-10,Monday,linea 5,instituto del petróleo,5464.497798535518,4245.017878964388,6691.694076470332,0.010899386,0.38407445,0.7015796,119
2026-08-15,Saturday,linea 5,aragón,5330.040205433184,3967.812945155589,6580.5101613676325,0.009653508,0.34017196,0.7012906,112
2026-08-16,Sunday,linea 8,coyuya,12671.80623752921,7745.340068366466,17984.927052581865,0.011454264,0.4036273,0.7012618,97
2026-08-08,Saturday,linea 2,general anaya,14079.73524999076,9302.654677417873,19160.528067056544,0.009652413,0.3401334,0.70121115,62
2026-08-20,Thursday,linea 3,guerrero,7783.569486578882,6536.0353978400535,9117.615306819758,0.009202576,0.32428196,0.7011034,77
2026-08-01,Saturday,linea 7,san joaquín,19095.489975280514,12396.979036387005,25679.455192151232,0.0096501075,0.34005213,0.7010436,146
2026-08-12,Wednesday,linea 3,miguel ángel de quevedo,34142.95088092971,27491.91127180775,40693.65861717716,0.010633527,0.37470606,0.70100695,87
2026-08-01,Saturday,linea b,ecatepec,15374.971516910426,10472.672658048352,20116.866887067208,0.00964592,0.33990458,0.70073944,147
2026-08-13,Thursday,linea 6,norte 45,6360.613847623917,4980.627222003098,7622.404491651732,0.009196187,0.32405683,0.70061666,121
2026-08-20,Thursday,linea 3,hospital general,19706.29148850288,15815.193889658076,23838.301158773233,0.009195822,0.32404396,0.7005889,78
2026-08-18,Tuesday,linea 1,observatorio,39942.23810819419,31120.924347731027,48399.78736814039,0.011438115,0.40305823,0.7003398,77
2026-08-22,Saturday,linea a,agrícola oriental,10253.63711381406,7722.269251660397,12736.275981454412,0.0096391365,0.33966553,0.70024663,60
2026-08-02,Sunday,linea 9,puebla,12555.062964660347,4881.3589544586885,20239.72919827536,0.0114370575,0.40302098,0.7002084,140
2026-08-26,Wednesday,linea 7,barranca del muerto,42440.51988225216,33482.904779698714,51370.70707738813,0.01061923,0.37420222,0.70006436,136
2026-08-04,Tuesday,linea 3,viveros/derechos humanos,17642.335302117255,14118.152299778743,20913.908697954113,0.011430337,0.40278417,0.6998636,81
2026-08-21,Friday,linea 8,escuadrón 201,20873.300536259954,16745.98326671092,24805.22380113402,0.00866732,0.30542052,0.6996747,70
2026-08-24,Monday,linea 1,chapultepec,39714.72395750167,30188.440315233533,48652.685020793484,0.010869545,0.38302287,0.69965875,63
2026-08-29,Saturday,linea b,garibaldi/lagunilla,7694.338547759477,5855.019124486119,9439.410482427986,0.00962854,0.33929214,0.69947684,147
2026-08-18,Tuesday,linea 5,autobuses del norte,18384.37332770241,13874.321647120325,23473.441792025023,0.011423539,0.40254465,0.6994474,78
2026-08-19,Wednesday,linea 9,centro médico,14794.47407369351,12282.858013676792,17204.56528097273,0.010597148,0.3734241,0.69860864,92
2026-08-08,Saturday,linea 12,parque de los venados,7105.342858152713,5402.513200991451,8898.41532429758,0.009613183,0.338751,0.6983612,63
2026-08-29,Saturday,linea 9,patriotismo,11116.91581130509,7098.148870024966,14748.836978597239,0.00961056,0.33865854,0.6981706,148
2026-08-12,Wednesday,linea 12,hospital 20 de noviembre,11936.43932016751,10157.612265274547,13531.057148512726,0.010588133,0.37310645,0.6980143,88
2026-08-09,Sunday,linea 3,potrero,7714.466277300769,5447.886950192251,10094.494014036178,0.011400015,0.4017157,0.6979406,70
2026-08-06,Thursday,linea a,agrícola oriental,11137.026814605499,8600.239219414825,13725.172039038145,0.009160135,0.3227864,0.69787,61
2026-08-10,Monday,linea 3,tlatelolco,14609.76298687254,11035.040107073113,18190.12414063189,0.010841512,0.38203505,0.6978543,120
2026-08-06,Thursday,linea 2,villa de cortés,16264.5344092549,12472.900484607297,20144.59069951131,0.009157699,0.32270056,0.6976844,62
2026-08-25,Tuesday,linea 7,san antonio,12254.775955497194,9955.185711051454,14677.07873200649,0.011391544,0.40141717,0.69748837,112
2026-08-13,Thursday,linea 8,uam-i,23314.176166601897,18824.21054769136,27988.74575737374,0.009149197,0.32240096,0.6970367,122
2026-08-26,Wednesday,linea b,villa de aragón,15258.376519832842,10729.101737276156,19735.50293731271,0.010571017,0.3725033,0.696886,137
2026-08-28,Friday,linea 9,tacubaya,48039.83708057062,36818.728685919734,58525.948414326114,0.008631145,0.30414575,0.69675446,154
2026-08-14,Friday,linea 6,vallejo,7685.426661246202,6112.155735097342,9279.09312016225,0.0086311,0.30414417,0.6967509,121
2026-08-04,Tuesday,linea 3,división del norte,13971.01975311995,11099.373084238361,17151.770471824406,0.0113794245,0.4009901,0.6967463,82
2026-08-14,Friday,linea 12,lomas estrella,10012.519593277972,8611.48757198896,11279.362726426498,0.008630185,0.30411196,0.696677,122
2026-08-27,Thursday,linea 7,barranca del muerto,41720.16878370628,32338.558695538526,51448.494529799085,0.009143068,0.322185,0.6965698,150
2026-08-02,Sunday,linea b,ciudad azteca,24194.08884036064,15672.435784251144,32886.729381936144,0.011376705,0.40089428,0.6965135,141
2026-08-05,Wednesday,linea 9,pantitlán,49276.73064597754,41265.25945506468,57599.80982143217,0.01056344,0.3722363,0.69638646,107
2026-08-19,Wednesday,linea 6,martín carrera,24685.73072793345,19499.152041548263,29357.89360686286,0.010562931,0.37221837,0.69635296,93
2026-08-05,Wednesday,linea 3,división del norte,14561.994044401084,11457.09336163033,17688.057697329707,0.010562438,0.372201,0.6963204,108
2026-08-30,Sunday,linea a,la paz,24993.1100405426,16613.638327157227,33752.24392771856,0.011372775,0.4007558,0.69627285,125
2026-08-16,Sunday,linea 2,xola,9574.545876227176,5096.014524720387,13929.237231144054,0.011372287,0.4007386,0.696243,98
2026-08-17,Monday,linea 3,miguel ángel de quevedo,32941.01023419684,25783.791321649864,39808.9145943577,0.0108151985,0.3811078,0.69616055,110
2026-08-06,Thursday,linea 2,tacuba,29799.611522434934,24162.844791637763,35314.91852242386,0.009136845,0.32196572,0.69609565,63
2026-08-23,Sunday,linea 7,aquiles serdán,6642.683642151296,3719.901188177627,9489.672414355591,0.011369044,0.4006243,0.69604445,58
2026-08-25,Tuesday,linea 8,la viga,6871.4767490369595,5814.396367943737,8014.045929594555,0.011367501,0.40056995,0.69601625,113
2026-08-22,Saturday,linea 2,pino suárez,44007.6827176249,33959.0717737185,54202.013925581814,0.009580854,0.3376118,0.6960126,61
2026-08-17,Monday,linea b,deportivo oceanía,11032.487995911235,7706.678265317945,14189.286061764587,0.010810206,0.38093188,0.69583917,111
2026-08-12,Wednesday,linea 4,canal del norte,5893.9892389869965,4461.279978494548,7419.268201334862,0.010552968,0.3718673,0.6956961,89
2026-08-18,Tuesday,linea 7,polanco,45267.138555020094,36894.858129417764,53675.918576785756,0.01135939,0.4002841,0.6955196,79
2026-08-14,Friday,linea 8,salto del agua,17158.216624601075,12397.40411307841,21744.606717303508,0.008611277,0.30344564,0.6951506,123
2026-08-23,Sunday,linea 6,martín carrera,7634.835792063481,2436.297049589284,12773.415844196916,0.011347171,0.39985356,0.6947053,59
2026-08-08,Saturday,linea a,agrícola oriental,9693.343559946046,7094.911992549761,12058.948082714653,0.009559973,0.33687598,0.6944957,64
2026-08-10,Monday,linea 9,patriotismo,16335.681335151448,12779.777842525962,20296.115624773385,0.010787661,0.38013744,0.694388,121
2026-08-22,Saturday,linea a,guelatao,18776.73318186755,13846.172040394329,23550.621091775465,0.009557607,0.3367926,0.6943238,62
2026-08-18,Tuesday,linea b,impulsora,23775.87562635736,19388.428276638435,28046.02848145671,0.011339694,0.39959008,0.6943137,80
2026-08-08,Saturday,linea 2,ermita,9736.07218380641,6613.842322080556,13138.416419047886,0.009556601,0.33675712,0.6942507,65
2026-08-20,Thursday,linea 7,polanco,45106.461534718845,36317.24343655466,53666.15162385382,0.009112483,0.32110724,0.6942396,79
2026-08-16,Sunday,linea 9,pantitlán,24562.67713385951,16322.196020511312,32417.132498043433,0.01133954,0.39958465,0.6942381,99
2026-08-19,Wednesday,linea 2,general anaya,18757.044385507226,13682.799329447904,23567.45777922568,0.010527924,0.3709848,0.69404507,94
2026-08-18,Tuesday,linea 3,hospital general,19977.92039636703,16121.42000783409,24087.105306204357,0.011331775,0.39931104,0.6938288,81
2026-08-13,Thursday,linea 2,ermita,12902.641310615929,9456.895382575762,16520.70423070893,0.009105416,0.3208582,0.6937012,123
2026-08-03,Monday,linea 2,ermita,11447.01139840572,7864.073649310898,15132.08615031459,0.010775252,0.37970018,0.6935892,123
2026-08-21,Friday,linea 6,lindavista,16644.86459863874,11997.1368271897,21845.47582960879,0.008590085,0.3026989,0.69343996,71
2026-08-04,Tuesday,linea 7,polanco,43639.067817055286,35367.70525860742,51836.559154326016,0.011324811,0.3990656,0.6934024,83
2026-08-07,Friday,linea 8,bellas artes,17614.536831141126,12047.018736401349,23321.010243457647,0.008589196,0.30266756,0.69336814,63
2026-08-25,Tuesday,linea a,agrícola oriental,11796.608308719124,9055.598332427322,14229.038808991494,0.011321901,0.3989631,0.69322425,114
2026-08-21,Friday,linea 3,hospital general,19388.27185988077,15481.684508331655,23469.287768675924,0.008586427,0.30257,0.6931446,72
2026-08-24,Monday,linea 1,zaragoza,27700.07535492052,22342.436259172875,32583.695560769644,0.01076759,0.3794302,0.69309604,64
2026-08-17,Monday,linea 2,general anaya,17820.381596936684,12989.489075349458,22660.384548436876,0.010761685,0.3792221,0.6927159,112
2026-08-10,Monday,linea 12,calle 11,12781.011064630999,10838.340696013036,14689.105493870038,0.010761335,0.37920976,0.69269335,122
2026-08-18,Tuesday,linea 12,mexicaltzingo,16834.967033455803,13557.669332305992,19974.423053463302,0.011312452,0.3986301,0.69264567,82
2026-08-05,Wednesday,linea 6,martín carrera,23647.167801432006,18829.8868474766,28771.022007959247,0.010504697,0.37016633,0.69251394,109
2026-08-10,Monday,linea 1,balderas,17401.73515765029,11588.137871226189,23211.26158724999,0.010754113,0.37895527,0.69222856,123
2026-08-04,Tuesday,linea b,morelos,4298.322655174592,3311.304719647489,5340.750252696112,0.01130493,0.39836505,0.6921851,84
2026-08-15,Saturday,linea 2,bellas artes,22628.833794902726,13883.835869484838,30822.24892283162,0.009522765,0.33556482,0.69179267,113
2026-08-02,Sunday,linea 5,oceanía,3011.8168749444303,1156.6297369787117,4883.628902321235,0.011298174,0.398127,0.6917056,142
2026-08-21,Friday,linea 8,aculco,9096.06659790548,7587.2432272409715,10518.578513623666,0.008567564,0.3019053,0.6916219,73
2026-08-13,Thursday,linea 2,tasqueña,50970.524589725086,37557.55983710302,64302.51527378109,0.009077313,0.3198679,0.6915602,124
2026-08-26,Wednesday,linea 3,miguel ángel de quevedo,34781.44908452364,27473.085045875,41761.637390910924,0.010488131,0.36958256,0.6914218,138
2026-08-07,Friday,linea 8,la viga,6792.52444089096,5653.02484256323,7969.89887548918,0.008564361,0.30179244,0.69136333,64
2026-08-02,Sunday,linea 7,camarones,5972.441090380603,3148.8070791070786,8571.715555845545,0.011288309,0.39777935,0.6911016,143
2026-08-13,Thursday,linea 7,tacubaya,6199.5835909477,4890.823833725529,7545.190157558592,0.009070166,0.31961608,0.6910157,125
2026-08-22,Saturday,linea 2,general anaya,14358.270510840955,9410.093381515373,19060.122209922043,0.009506394,0.33498794,0.6906034,63
2026-08-28,Friday,linea 7,refinería,10139.644228238829,6707.932715263749,13500.369943964264,0.008554905,0.3014592,0.6906,155
2026-08-09,Sunday,linea 6,ferrería/arena ciudad de méxico,3194.1563094728845,0.0,9031.291938754715,0.011277983,0.3974155,0.69046944,71
2026-08-18,Tuesday,linea 7,aquiles serdán,13736.854097979858,10949.589927051238,16815.402804757196,0.011276377,0.39735892,0.6904369,83
2026-08-26,Wednesday,linea 5,instituto del petróleo,6258.083722438176,5049.071588323277,7605.292237741433,0.010472643,0.3690368,0.6904008,139
2026-08-17,Monday,linea 3,la raza,30139.22395300403,24318.216988812743,35654.405613198025,0.010718753,0.37770924,0.68995243,113
2026-08-20,Thursday,linea a,agrícola oriental,11692.650491257999,9233.261322560233,14135.405091115985,0.009054695,0.3190709,0.68983704,80
2026-08-15,Saturday,linea 6,uam-azcapotzalco,5831.12432649338,4609.6336701719065,7195.855149578208,0.009494279,0.33456102,0.68972325,114
2026-08-27,Thursday,linea 7,refinería,9930.277550804678,6489.560947838652,13126.616167490203,0.009052394,0.3189898,0.6896617,151
2026-08-18,Tuesday,linea a,tepalcates,27683.66163952071,21300.421087986713,33894.373405232844,0.011261426,0.39683205,0.68952143,84
2026-08-26,Wednesday,linea b,impulsora,25194.90865312589,20623.71236121436,29548.291702080158,0.010458871,0.3685515,0.6894928,140
2026-08-16,Sunday,linea 2,viaducto,6766.050180390468,3480.0828449678115,9734.572236995047,0.011255736,0.39663157,0.6891074,100
2026-08-14,Friday,linea 5,instituto del petróleo,5746.544782392541,4454.919939118914,6978.835678572052,0.008536276,0.30080277,0.68909615,124
2026-08-20,Thursday,linea a,guelatao,23283.9747454457,18173.056708482876,28097.290026258393,0.009044099,0.3186975,0.6890297,81
2026-08-30,Sunday,linea 2,viaducto,7068.711241173853,4049.190274363434,10139.751406211373,0.0112542715,0.39657995,0.6890178,126
2026-08-28,Friday,linea 5,pantitlán,50196.74602739393,40185.3336565993,60130.20704534187,0.008532911,0.30068415,0.6888245,156
2026-08-06,Thursday,linea 12,parque de los venados,11139.952670694613,9501.203029314045,12939.002384166502,0.009039285,0.31852785,0.68866295,64
2026-08-02,Sunday,linea 8,santa anita,1833.2096592226694,946.6678266634007,2722.110870841137,0.0112477,0.3963484,0.68861544,144
2026-08-22,Saturday,linea 4,morelos,6906.337354099942,5809.202999204032,8017.328424366249,0.009476868,0.3339475,0.68845844,64
2026-08-29,Saturday,linea 7,mixcoac,16264.927042591073,12048.571264345352,20514.33099474349,0.009475593,0.3339026,0.6883658,149
2026-08-15,Saturday,linea 8,coyuya,20442.266911984934,14945.627454805248,26129.413095020267,0.009473074,0.33381382,0.68818283,115
2026-08-30,Sunday,linea 7,san antonio,5365.604346343643,3034.00647515289,7829.270991545685,0.011239987,0.3960766,0.6881432,127
2026-08-22,Saturday,linea 2,villa de cortés,13531.405740493194,9964.870890758059,17346.18426111106,0.009472054,0.33377787,0.68810874,65
2026-08-23,Sunday,linea 3,juárez,5929.573395605756,1727.7162434432803,10048.89702576399,0.011237804,0.39599967,0.68800956,60
2026-08-14,Friday,linea b,deportivo oceanía,10558.955862556197,7176.263408725756,13762.729870933314,0.008522283,0.3003097,0.6879666,125
2026-08-25,Tuesday,linea 3,división del norte,15217.289428735527,12089.439998077489,18367.90482611145,0.011232013,0.39579558,0.6877205,115
2026-08-19,Wednesday,linea 3,división del norte,15440.404984287583,12120.439733857733,18726.08704627878,0.010431054,0.36757126,0.687659,95
2026-08-25,Tuesday,linea 9,chilpancingo,39636.85884911596,33412.07675993294,46269.451266898985,0.011226788,0.3956115,0.6874006,116
2026-08-24,Monday,linea 3,eugenia,13264.341071664161,10634.867224889435,15960.801116354294,0.01067802,0.3762739,0.68733054,65
2026-08-07,Friday,linea b,morelos,4437.847888158898,3420.5457365343273,5468.124929278975,0.00851404,0.3000192,0.68730116,65
2026-08-10,Monday,linea 7,tacubaya,5846.42082058729,4392.604473809282,7214.056952353105,0.010672621,0.37608367,0.68698305,124
2026-08-23,Sunday,linea 4,jamaica,3705.944569793239,2314.3452927424114,4973.338951143216,0.011221004,0.39540765,0.686981,61
2026-08-12,Wednesday,linea b,ecatepec,23573.97789433706,18658.966674969823,28300.945137592757,0.010418288,0.36712143,0.68681747,90
2026-08-05,Wednesday,linea 4,martín carrera,22253.70422161969,17740.411917854897,27116.360709023473,0.010414632,0.3669926,0.6865764,110
2026-08-24,Monday,linea b,ecatepec,23893.161401040234,19350.63704388696,28779.794261374882,0.010665353,0.37582755,0.6865152,66
2026-08-23,Sunday,linea 8,la viga,4651.454016545754,3499.1361759112197,5798.302741280739,0.011212812,0.39511898,0.68647945,62
2026-08-07,Friday,linea 1,merced,35899.06337393151,29104.72444317119,43077.433741220186,0.008503046,0.29963177,0.6864136,66
2026-08-25,Tuesday,linea 4,martín carrera,24220.33626928384,19586.445827124644,29002.04316708274,0.011209556,0.39500424,0.68634546,117
2026-08-15,Saturday,linea b,guerrero,5929.332897913651,4577.428362304232,7312.238286099446,0.00944755,0.3329144,0.6863286,116
2026-08-28,Friday,linea 3,deportivo 18 de marzo,29383.401651214834,24027.774918573192,35279.33515146297,0.008501534,0.29957852,0.6862916,157
2026-08-25,Tuesday,linea 1,balderas,20664.58729404206,14709.443387484242,26724.88329418457,0.011202232,0.39474615,0.68589705,118
2026-08-28,Friday,linea 7,el rosario,29154.033881958323,23283.370055369487,35640.70390091007,0.008491949,0.29924077,0.68551785,158
2026-08-23,Sunday,linea 8,bellas artes,13950.389966541094,8459.96979486101,19024.622625562708,0.011195316,0.39450246,0.68540835,63
2026-08-12,Wednesday,linea b,impulsora,22799.263660855435,18483.524733682036,27300.787531400707,0.010396121,0.3663403,0.68535614,91
2026-08-13,Thursday,linea 7,san pedro de los pinos,12914.373536352578,10029.124422356977,15711.496190151622,0.008995592,0.3169882,0.6853342,126
2026-08-12,Wednesday,linea 7,camarones,14282.124373320039,11726.578881220079,16532.77506037101,0.010394885,0.36629674,0.68527466,92
2026-08-05,Wednesday,linea 12,calle 11,13082.321983565163,11256.676833834335,14902.81468185396,0.010392889,0.3662264,0.68514305,111
2026-08-13,Thursday,linea 2,san cosme,17918.194485970933,13938.987247404972,22362.350444820597,0.008990704,0.31681597,0.6849618,127
2026-08-20,Thursday,linea 9,centro médico,14951.52095655497,12458.844580617895,17307.182413752485,0.00898937,0.31676897,0.6848602,82
2026-08-01,Saturday,linea 5,autobuses del norte,16631.43731983289,11702.502017982419,21603.518479968843,0.009427219,0.33219793,0.6848516,148
2026-08-07,Friday,linea b,tepito,18800.032337598965,13972.901455923216,23533.87840744528,0.008482363,0.29890296,0.684744,67
2026-08-29,Saturday,linea 5,politécnico,20964.003830042606,11987.001555675739,28949.810445358355,0.009424557,0.33210415,0.6846582,150
2026-08-25,Tuesday,linea b,oceanía,8493.122803978646,6595.7176005363835,10277.68994158683,0.011180852,0.39399275,0.68458796,119
2026-08-19,Wednesday,linea 7,polanco,45720.11645116102,37557.23856914226,54387.71553772264,0.010381694,0.3658319,0.684405,96
2026-08-18,Tuesday,linea 2,revolución,25719.618441145514,18953.559190947024,32202.64501528627,0.011176714,0.39384696,0.68433464,85
2026-08-13,Thursday,linea 7,barranca del muerto,40288.25020124496,31811.837162380532,48936.76519652853,0.008980899,0.31647047,0.68421483,128
2026-08-23,Sunday,linea b,deportivo oceanía,5573.732293976514,2237.2620223731205,9019.690050707391,0.011174827,0.39378047,0.6841539,64
2026-08-14,Friday,linea 8,santa anita,3983.8752008472534,3188.5651804350186,4859.409953778798,0.008473781,0.29860055,0.68405116,126
2026-08-27,Thursday,linea 9,tacubaya,47794.03729617674,35889.385924056034,59988.156819523945,0.00897775,0.3163595,0.6839749,152
2026-08-21,Friday,linea 1,sevilla,26876.692397169252,21583.844458215433,32639.730902860047,0.008466621,0.29834825,0.68347317,74
2026-08-27,Thursday,linea 5,aragón,7101.235260030898,5679.444141773355,8442.48223962685,0.008968308,0.31602675,0.68325555,153
2026-08-22,Saturday,linea 8,doctores,7323.491337271522,4783.599303761866,9854.349530671225,0.009404212,0.33138725,0.6831803,66
2026-08-07,Friday,linea a,pantitlán,35395.45493146184,26967.495027878984,43620.17664217129,0.008459439,0.29809514,0.6828934,68
2026-08-12,Wednesday,linea 8,escuadrón 201,20056.108917270856,15664.097069485211,23931.820920403945,0.010355278,0.36490107,0.68266356,93
2026-08-14,Friday,linea 7,camarones,14460.955558245334,11828.53273241287,16984.550232943624,0.008456176,0.2979802,0.68263,127
2026-08-01,Saturday,linea b,ciudad azteca,35414.87812653297,27040.516246435196,44165.74526918658,0.009393309,0.33100304,0.6823882,149
2026-08-07,Friday,linea 2,pino suárez,35255.74972028916,24651.847295694686,45401.30684670227,0.00845251,0.29785103,0.6823341,69
2026-08-24,Monday,linea 9,jamaica,9828.891516205413,7239.316188117902,12420.912356263883,0.010598524,0.3734726,0.6822134,67
2026-08-01,Saturday,linea 8,uam-i,16994.07486498512,12151.08213829147,21359.19518868413,0.009390155,0.33089188,0.68215907,150
2026-08-18,Tuesday,linea 9,centro médico,14633.758903265832,12076.834632935468,17014.089307912705,0.0111404145,0.39256784,0.68211204,86
2026-08-25,Tuesday,linea 6,tezozómoc,5883.689182629974,4946.8277592077875,6888.964843757143,0.0111322645,0.39228064,0.681613,120
2026-08-25,Tuesday,linea 3,centro médico,17182.558609372365,14153.899896314377,20266.59421948137,0.011130422,0.39221573,0.68150026,121
2026-08-20,Thursday,linea 2,revolución,26342.402682422853,19832.761869323294,32737.44487285071,0.008943363,0.31514776,0.6813551,83
2026-08-11,Tuesday,linea 2,hidalgo,19220.828695797274,11741.811045966884,27116.896607725997,0.01112804,0.39213178,0.6813544,141
2026-08-03,Monday,linea 2,san cosme,15775.742217987892,11607.838951256197,20367.056081069157,0.010581581,0.37287557,0.68112284,124
2026-08-13,Thursday,linea 7,mixcoac,19828.394002456662,15620.029476225549,24203.332774409417,0.008938821,0.31498772,0.68100905,129
2026-08-09,Sunday,linea 9,tacubaya,15535.03093007793,3747.490794091941,26886.298359131943,0.011120623,0.3918704,0.6808354,72
2026-08-04,Tuesday,linea 2,general anaya,17872.075196243084,12962.882673944589,22829.20919654178,0.011119407,0.39182755,0.68082577,85
2026-08-13,Thursday,linea 9,pantitlán,50273.228024606244,42474.29803444745,58081.64834932282,0.008934779,0.31484526,0.68070114,130
2026-08-17,Monday,linea 9,lázaro cárdenas,12051.720191740369,9891.835325577835,14074.99501589925,0.010571965,0.37253672,0.6805039,114
2026-08-24,Monday,linea b,ricardo flores magón,5124.9783189567725,4116.906045966581,6156.851994674671,0.010564924,0.3722886,0.6800507,68
2026-08-25,Tuesday,linea b,buenavista,51063.8836115183,40383.98521432507,61652.23586542989,0.011104054,0.39128655,0.67988575,122
2026-08-09,Sunday,linea 3,eugenia,4622.198869252271,2009.2839590258739,7646.7446116371975,0.011102573,0.39123437,0.67973036,73
2026-08-24,Monday,linea b,múzquiz,25306.160679732322,20267.479399304422,30175.44545474971,0.010552326,0.37184468,0.67923975,69
2026-08-07,Friday,linea b,deportivo oceanía,9818.165280232826,6466.020446956804,13235.984869327775,0.008412298,0.296434,0.67908794,70
2026-08-18,Tuesday,linea b,río de los remedios,15408.36150729066,11871.549855796982,19280.629108611407,0.011087945,0.3907189,0.6788994,87
2026-08-14,Friday,linea 7,tacubaya,6314.674215124237,4820.474155331545,7618.755222028404,0.008408472,0.2962992,0.67877907,128
2026-08-22,Saturday,linea 3,la raza,23703.402119655424,18356.034212613504,29233.343829144556,0.009342531,0.3292137,0.6786993,67
2026-08-21,Friday,linea 1,observatorio,39762.757696905195,31360.220260293743,48102.67381296534,0.008405284,0.29618683,0.67852175,75
2026-08-10,Monday,linea 8,doctores,10522.885190449508,7852.188551838473,13196.215298789315,0.010540841,0.37143996,0.6785005,125
2026-08-12,Wednesday,linea 3,viveros/derechos humanos,18634.54212031561,15370.269636417954,21769.702991506965,0.01029205,0.36267304,0.67849535,94
2026-08-21,Friday,linea a,guelatao,23394.168934407913,18599.403115870246,27887.60652609728,0.008400603,0.2960219,0.67814386,76
2026-08-26,Wednesday,linea 12,hospital 20 de noviembre,12427.17708462994,10805.172421986466,14167.186448075836,0.010283306,0.36236492,0.6779189,141
2026-08-07,Friday,linea 7,tacubaya,6121.367364395242,4773.943248782353,7363.516053417957,0.008397621,0.29591683,0.6779031,71
2026-08-25,Tuesday,linea 7,barranca del muerto,41928.96700789136,33287.51699398938,50970.56971171904,0.011068422,0.39003095,0.6777041,123
2026-08-06,Thursday,linea a,guelatao,19510.5183408719,14905.893319239156,24251.524941506657,0.00889481,0.31343687,0.6776561,65
2026-08-14,Friday,linea 2,san cosme,17806.308388515943,13741.314161680508,22293.662613149885,0.008392759,0.29574546,0.6775106,129
2026-08-24,Monday,linea 12,zapata,13391.04206451737,11702.58054835842,15071.206199699684,0.010524079,0.3708493,0.67742157,70
2026-08-21,Friday,linea b,morelos,4635.115512819508,3615.0480881905623,5629.347604187902,0.008390814,0.29567695,0.6773536,77
2026-08-20,Thursday,linea 8,uam-i,23879.67809001981,18808.52527421402,28900.277381288008,0.008890452,0.31328326,0.67732406,84
2026-08-12,Wednesday,linea 9,lázaro cárdenas,12642.586494198189,10564.630099087663,14751.29454315711,0.010270366,0.36190894,0.67706585,95
2026-08-12,Wednesday,linea 7,san pedro de los pinos,12874.74302108096,9996.954454542483,15418.22747955231,0.010269335,0.36187258,0.6769978,96
2026-08-26,Wednesday,linea 6,uam-azcapotzalco,7836.736983607433,6563.736479836174,9208.608433718575,0.010262439,0.36162958,0.67654324,142
2026-08-02,Sunday,linea 1,sevilla,12825.526395425744,7620.379571861201,18476.463423568213,0.011049691,0.3893709,0.67649275,145
2026-08-07,Friday,linea 8,cerro de la estrella,10634.583087170118,8788.197562190013,12532.323227663519,0.008378583,0.29524595,0.67636627,72
2026-08-12,Wednesday,linea b,tepito,18254.461660551624,13276.64670007019,23158.171262119617,0.010256929,0.36143544,0.67618,97
2026-08-15,Saturday,linea 3,viveros/derechos humanos,14624.479457373069,11374.185542902664,18302.69849701385,0.009307045,0.32796323,0.6761214,117
2026-08-15,Saturday,linea 6,ferrería/arena ciudad de méxico,9860.083135858782,4410.015952658947,16310.16410099519,0.0093034925,0.32783806,0.6758634,118
2026-08-04,Tuesday,linea 9,jamaica,10210.004882183483,7649.835458562029,12815.82635616076,0.011037301,0.3889343,0.6757986,86
2026-08-21,Friday,linea 3,la raza,31506.460479144625,25816.09916347298,36888.03378190051,0.008371027,0.2949797,0.67575634,78
2026-08-20,Thursday,linea b,río de los remedios,15835.57212723489,12163.55126532134,19557.6121727587,0.008868165,0.3124979,0.67562616,85
2026-08-17,Monday,linea 3,juárez,13338.299290867402,8840.763192905757,17517.671973632634,0.010493834,0.3697835,0.67547464,115
2026-08-20,Thursday,linea 2,tacuba,32012.513216753086,26424.359886038328,37669.32202539161,0.008864591,0.31237197,0.6753538,86
2026-08-03,Monday,linea 1,zaragoza,28159.297479408702,23005.075875251176,33125.29815010701,0.010490571,0.36966854,0.67526466,125
2026-08-11,Tuesday,linea 8,constitución de 1917,99619.23569818771,81339.30210051725,117964.84442513202,0.011027374,0.3885845,0.67519075,142
2026-08-09,Sunday,linea 9,mixiuhca,8935.24743339743,4584.717520300336,12918.202443228252,0.01102764,0.38859385,0.6751427,74
2026-08-19,Wednesday,linea 9,lázaro cárdenas,12964.480222140264,10887.116442543092,15069.929163413546,0.010240044,0.36084044,0.6750669,97
2026-08-19,Wednesday,linea b,impulsora,24276.510608406425,19873.32270826701,28614.267932891864,0.01023957,0.36082375,0.67503566,98
2026-08-24,Monday,linea 9,centro médico,14267.302100064195,11763.029245492458,16721.374464282922,0.010486493,0.36952484,0.67500216,71
2026-08-06,Thursday,linea b,múzquiz,24501.71283067059,19736.62043281382,29105.981331746403,0.008857044,0.31210604,0.6747789,66
2026-08-14,Friday,linea 9,jamaica,11498.208901307578,8757.63629819477,14398.934115409633,0.008358193,0.2945274,0.6747202,130
2026-08-04,Tuesday,linea 3,universidad,59234.96169648032,43261.62964319707,75859.09659851658,0.011014729,0.3881389,0.6744165,87
2026-08-12,Wednesday,linea 7,aquiles serdán,13546.182604229189,10622.959986723732,16389.79502304431,0.010228153,0.36042142,0.67428297,98
2026-08-08,Saturday,linea b,lagunilla,23009.00867108818,17852.900658383976,27923.40611495694,0.009281452,0.32706138,0.67426217,66
2026-08-20,Thursday,linea 2,xola,19753.612428606975,15625.716639956516,23853.554493673528,0.008848986,0.3118221,0.6741649,87
2026-08-07,Friday,linea 2,tacuba,30953.467153654397,24984.474068699325,36887.2401672809,0.008349167,0.2942094,0.6739917,73
2026-08-20,Thursday,linea 8,la viga,6913.968397035391,5840.1952579985345,8064.381809402251,0.008845005,0.3116818,0.6738617,88
2026-08-26,Wednesday,linea 3,indios verdes,90113.81647021789,75270.67060952797,104586.88416806834,0.010220586,0.36015478,0.67378414,143
2026-08-19,Wednesday,linea 8,atlalilco,14047.368008822297,11330.459902917248,16670.43478964726,0.01021912,0.36010313,0.67368746,99
2026-08-14,Friday,linea 2,general anaya,19051.875371732516,14085.533821305595,24530.395618765317,0.008344577,0.29404762,0.6736211,131
2026-08-18,Tuesday,linea 7,san pedro de los pinos,13157.102584908227,10442.538449559268,16031.116594992112,0.010998653,0.38757244,0.67343223,88
2026-08-29,Saturday,linea 6,vallejo,5642.421486709893,4101.223024133346,7190.4441459222235,0.009269853,0.32665268,0.6734196,151
2026-08-10,Monday,linea b,impulsora,21085.679281227345,16588.814622455902,25448.85860564608,0.010460805,0.36861965,0.67334867,126
2026-08-27,Thursday,linea 6,vallejo,7865.609521714943,6352.435979867888,9569.593229062528,0.00883629,0.3113747,0.6731977,154
2026-08-15,Saturday,linea 8,la viga,6325.389097487013,5231.520505172607,7501.063652885663,0.0092638945,0.3264427,0.6729867,119
2026-08-26,Wednesday,linea 2,hidalgo,18892.648287231725,10713.359030955407,26067.640233330545,0.010207594,0.35969695,0.6729276,144
2026-08-30,Sunday,linea 2,tacuba,19375.959929615703,13733.103010823103,25127.43993913173,0.010987937,0.3871948,0.672712,128
2026-08-01,Saturday,linea a,tepalcates,17483.6125867655,11248.083953901867,23581.793866012835,0.009258871,0.3262657,0.6726218,151
2026-08-27,Thursday,linea 5,pantitlán,49569.09256993682,39935.34414883671,59264.45389259,0.008826184,0.3110186,0.6724278,155
2026-08-16,Sunday,linea 1,observatorio,31792.395930168772,23142.6703673144,40830.00480330713,0.010975555,0.38675848,0.6719539,101
2026-08-24,Monday,linea b,lagunilla,17554.52694020733,12222.176176101853,22595.57861331251,0.010437286,0.36779088,0.6718348,72
2026-08-14,Friday,linea 2,hidalgo,20198.466863016307,12656.517910570872,27441.19177606455,0.008320022,0.29318237,0.6716389,132
2026-08-10,Monday,linea 7,barranca del muerto,38008.60405522763,28647.547540520623,47062.12413878364,0.010433077,0.36764255,0.67156386,127
2026-08-12,Wednesday,linea b,múzquiz,24723.89476619203,20211.70280950399,29206.934659819577,0.01018638,0.3589494,0.67152905,99
2026-08-08,Saturday,linea 4,canal del norte,5659.071584143858,4102.692849698858,7225.520401163008,0.009237266,0.32550436,0.6710523,67
2026-08-26,Wednesday,linea 12,san andrés tomatlán,12010.617733091412,9786.744510153245,14172.70618855543,0.010179085,0.35869232,0.67104816,145
2026-08-27,Thursday,linea 2,normal,30786.4156398829,21661.170314845473,39381.71033855974,0.008807308,0.31035343,0.6709897,156
2026-08-19,Wednesday,linea 2,viaducto,15470.613072325501,12140.352776100295,18577.312357502346,0.010177293,0.3586292,0.67093,100
2026-08-09,Sunday,linea 1,candelaria,14658.22299457128,11490.715542746584,17925.212891894233,0.010957603,0.3861259,0.6708549,75
2026-08-09,Sunday,linea 2,viaducto,6380.298645360791,3019.6133073214514,9493.580817574395,0.010956842,0.3860991,0.6708083,76
2026-08-17,Monday,linea b,oceanía,7768.245699675789,6088.860843310045,9578.53108468213,0.010418765,0.36713824,0.6706426,116
2026-08-25,Tuesday,linea 2,san cosme,19085.525413487896,14814.363974335327,23192.924113124467,0.010947154,0.38575768,0.67027897,124
2026-08-23,Sunday,linea b,lagunilla,15306.944526865587,10331.437846717108,19993.42197995185,0.010947086,0.3857553,0.670211,65
2026-08-16,Sunday,linea 7,aquiles serdán,6420.686007834101,3653.948092003703,9262.236366886407,0.010946379,0.3857304,0.6701677,102
2026-08-13,Thursday,linea 3,tlatelolco,15871.027172036956,12316.391711723325,19592.19462325529,0.008796063,0.30995718,0.670133,131
2026-08-19,Wednesday,linea 4,canal del norte,6553.443769625313,4987.351592019899,8097.487170305225,0.010161597,0.3580761,0.6698953,101
2026-08-12,Wednesday,linea 3,la raza,29994.165915832156,24460.398484318423,35575.830193368936,0.010160806,0.3580482,0.66984314,100
2026-08-27,Thursday,linea 4,jamaica,6619.532731817081,5398.912709954514,7971.260196380999,0.008789223,0.30971614,0.6696119,157
2026-08-24,Monday,linea a,guelatao,22905.011057964133,17849.029446904045,27917.43314086914,0.010401873,0.36654297,0.6695553,73
2026-08-24,Monday,linea 1,gómez farias,20612.154003915915,17489.476017147143,23559.259955401525,0.010401651,0.36653516,0.669541,74
2026-08-18,Tuesday,linea 3,copilco,44101.7907814595,32043.31377234364,56050.73231662202,0.010931166,0.3851943,0.6693001,89
2026-08-19,Wednesday,linea 8,la viga,6805.711852307863,5740.825635434227,7984.9209692703735,0.0101518845,0.35773385,0.669255,102
2026-08-13,Thursday,linea 3,miguel ángel de quevedo,34145.907694870366,27216.740556367935,41529.206007030414,0.008778781,0.30934817,0.6688163,132
2026-08-16,Sunday,linea b,romero rubio,10497.034020972815,8312.722513028275,12579.277446607755,0.010921745,0.3848623,0.6686595,103
2026-08-30,Sunday,linea 3,centro médico,9753.333973930505,6654.2001373296025,12687.563056351826,0.010921492,0.38485342,0.6686441,129
2026-08-04,Tuesday,linea 2,cuatro caminos,95410.39241344784,80716.78095066956,110476.24865886207,0.010915756,0.38465127,0.66835654,88
2026-08-26,Wednesday,linea 3,juárez,13735.442451720934,9582.475611983,17913.719512063246,0.010138156,0.35725006,0.66835,146
2026-08-26,Wednesday,linea 3,etiopía/plaza de la transparencia,26120.655773153623,21096.972067389346,30979.716148904037,0.010137505,0.35722715,0.66830707,147
2026-08-04,Tuesday,linea 8,iztapalapa,9408.737160663253,6802.665246306681,11948.873569626703,0.010912363,0.38453174,0.6681488,89
2026-08-05,Wednesday,linea 8,cerro de la estrella,10182.590938936557,8257.09617557323,11991.544654210064,0.01012989,0.3569588,0.6678051,112
2026-08-26,Wednesday,linea 7,san pedro de los pinos,13441.64072671124,10549.986073037124,16155.916413241646,0.010129876,0.35695833,0.6678041,148
2026-08-26,Wednesday,linea b,nezahualcóyotl,23442.039882648714,18903.05473222589,28301.059760634867,0.010125001,0.35678652,0.66748273,149
2026-08-20,Thursday,linea 5,valle gómez,4382.639724603565,3654.522966731556,5124.312217562089,0.008759325,0.3086626,0.6673341,89
2026-08-16,Sunday,linea b,ecatepec,11555.259362371806,6913.670666406307,15990.418814049614,0.010899284,0.38407084,0.6672844,104
2026-08-21,Friday,linea 7,san pedro de los pinos,13131.37893659075,10422.531219145136,15769.830569626845,0.008265603,0.29126474,0.6672459,79
2026-08-04,Tuesday,linea 3,tlatelolco,15401.348045879336,11862.412976396763,18897.11117776204,0.010889496,0.3837259,0.66674864,90
2026-08-25,Tuesday,linea 12,hospital 20 de noviembre,12392.308098458296,10814.380413317864,14156.492378294364,0.01088624,0.38361117,0.66654927,125
2026-08-13,Thursday,linea 5,instituto del petróleo,5845.045752661295,4595.9300730107825,7084.103990216779,0.008748815,0.30829227,0.6665334,133
2026-08-18,Tuesday,linea 12,lomas estrella,9843.851818680914,8560.877583224694,11234.158851920356,0.010885917,0.3835998,0.6665295,90
2026-08-13,Thursday,linea 7,camarones,14336.709275475405,11674.517881929745,16861.48863730284,0.008748659,0.30828676,0.6665215,134
2026-08-05,Wednesday,linea 5,autobuses del norte,16747.28416079568,11823.948819718165,21585.618921045985,0.010107839,0.35618174,0.6663513,113
2026-08-25,Tuesday,linea 3,tlatelolco,16195.16685185319,12593.251171523892,20052.420378740328,0.010881918,0.38345888,0.6662846,126
2026-08-05,Wednesday,linea 4,jamaica,6036.134579561423,4746.875989990538,7384.416166357319,0.010106775,0.35614428,0.6662812,114
2026-08-06,Thursday,linea a,la paz,44029.81190502604,35914.46582054202,52919.18774400024,0.008745178,0.30816406,0.66625625,67
2026-08-14,Friday,linea 3,copilco,43936.75502004508,31798.583712313124,55396.14316733337,0.008252734,0.29081127,0.6662071,133
2026-08-10,Monday,linea b,ecatepec,22300.356862528562,17219.588435542144,27348.616156825883,0.010348619,0.3646664,0.6661274,128
2026-08-19,Wednesday,linea 6,tezozómoc,5686.293223681459,4649.1645878037225,6658.305031098768,0.010104385,0.35606006,0.6661236,103
2026-08-03,Monday,linea a,tepalcates,22746.61843610925,16523.181024212365,28744.708193435952,0.010347985,0.36464405,0.66608655,126
2026-08-11,Tuesday,linea 7,san antonio,11858.938120088187,9517.960261569799,14231.069980211325,0.01087734,0.38329756,0.66600436,143
2026-08-20,Thursday,linea 7,san joaquín,30235.11919707191,24099.03586904116,36873.51257335031,0.008737521,0.30789426,0.66567296,90
2026-08-04,Tuesday,linea 6,vallejo,7481.197701517132,5973.63127621791,8999.460187124454,0.010870725,0.38306448,0.66559935,91
2026-08-24,Monday,linea 3,copilco,43482.40032713561,30822.72574001596,55375.75024891698,0.010338485,0.3643093,0.6654751,75
2026-08-12,Wednesday,linea 3,división del norte,14995.245635362922,11849.091046285326,18047.805058606897,0.010094422,0.35570896,0.66546685,101
2026-08-04,Tuesday,linea 9,centro médico,13762.951446689578,11135.238969619873,16227.799122006933,0.010867392,0.382947,0.66539526,92
2026-08-16,Sunday,linea 3,tlatelolco,9310.840224234375,5790.550442655161,13004.418340915508,0.010867735,0.38295913,0.66535294,105
2026-08-03,Monday,linea 8,iztacalco,12751.980858101759,8200.932246856577,17168.678358626556,0.010334783,0.36417887,0.66523683,127
2026-08-13,Thursday,linea 8,santa anita,4042.6830876383165,3114.3103050818454,4895.49709355118,0.008731745,0.30769074,0.6652329,135
2026-08-27,Thursday,linea 1,tacubaya,20090.811050935074,14827.043511452375,25693.70384368679,0.008730536,0.30764812,0.6651408,158
2026-08-15,Saturday,linea 8,uam-i,18245.917719752837,13635.563650958558,23157.072812951097,0.0091499835,0.32242867,0.66471153,120
2026-08-26,Wednesday,linea 7,refinería,10025.851040222873,6508.511138156221,13434.8986032469,0.010080199,0.35520777,0.6645292,150
2026-08-03,Monday,linea 3,niños héroes,17518.43798890341,11757.915553899997,23379.117668210205,0.0103200115,0.36365834,0.66428596,128
2026-08-09,Sunday,linea 5,politécnico,5230.928975973413,0.0,13271.141245792462,0.010846203,0.38220036,0.66403466,77
2026-08-25,Tuesday,linea 3,niños héroes,22324.330596182426,17029.36880304143,27949.395978135053,0.01084006,0.3819839,0.6637218,127
2026-08-15,Saturday,linea 7,san pedro de los pinos,7911.736473434747,5052.563169640299,10892.511553397255,0.009133052,0.32183206,0.66348153,121
2026-08-17,Monday,linea 2,cuitláhuac,13172.527642728814,10046.469171871813,16332.031461698814,0.010304409,0.36310855,0.6632817,117
2026-08-18,Tuesday,linea 8,la viga,6744.685725422857,5638.878853354234,7811.28118684413,0.010832219,0.3817076,0.6632417,91
2026-08-29,Saturday,linea 12,hospital 20 de noviembre,6614.99859402479,4963.567251773109,8505.21174391645,0.0091266595,0.32160679,0.6630171,152
2026-08-08,Saturday,linea b,olímpica,12583.94905192223,10138.801266997318,15510.404503685297,0.00912559,0.32156911,0.6629394,68
2026-08-19,Wednesday,linea 12,calle 11,13552.814137509438,11624.333768591137,15381.428675723546,0.010051406,0.35419318,0.66263103,104
2026-08-24,Monday,linea 6,ferrería/arena ciudad de méxico,21118.806037875613,15446.750523905188,27003.077840328308,0.010291608,0.36265746,0.66245764,76
2026-08-20,Thursday,linea 12,calle 11,13405.931099568064,11528.228931774736,15328.639109850896,0.0086952,0.30640295,0.6624487,91
2026-08-03,Monday,linea 5,autobuses del norte,20133.413049905954,14909.475279360657,24958.13446752058,0.010290884,0.36263195,0.6624111,129
2026-08-15,Saturday,linea 6,vallejo,5539.597215276313,4005.4357585764606,7104.560094936181,0.009113573,0.32114562,0.6620664,122
2026-08-18,Tuesday,linea 3,eugenia,13943.284354425492,11491.213704827102,17015.398595405833,0.010812485,0.3810122,0.6620334,92
2026-08-27,Thursday,linea 5,instituto del petróleo,6142.815198983679,4805.944288546222,7438.900261031489,0.008689682,0.3062085,0.66202825,159
2026-08-10,Monday,linea 5,hangares,4915.462584081169,3671.5008413484247,6095.213349177831,0.010283005,0.3623543,0.6619039,129
2026-08-10,Monday,linea 8,la viga,6099.662722002547,4990.626735035326,7268.103123681562,0.010281908,0.36231565,0.6618333,130
2026-08-18,Tuesday,linea 3,la raza,30466.128901205684,24685.536332809508,36143.169283807416,0.010806479,0.38080055,0.6616656,93
2026-08-12,Wednesday,linea 3,juárez,14012.188809061936,9876.868984515506,18007.516823087666,0.0100337,0.35356924,0.66146374,102
2026-08-30,Sunday,linea 7,mixcoac,9889.97072519652,5984.173639517898,14272.216280401337,0.01080418,0.38071954,0.6614619,130
2026-08-11,Tuesday,linea 3,deportivo 18 de marzo,27122.8485331951,21607.77508248919,32929.16830449351,0.010798938,0.38053483,0.6612039,144
2026-08-15,Saturday,linea 12,hospital 20 de noviembre,6310.259343323696,4639.6892269373575,8096.183685664446,0.009101235,0.3207109,0.6611701,123
2026-08-16,Sunday,linea 5,la raza,4220.309235094082,2021.671729503614,6447.215632779119,0.010797032,0.38046768,0.6610243,106
2026-08-10,Monday,linea 2,san cosme,16093.613550583497,11619.268072602217,20210.404187099615,0.010268389,0.36183926,0.6609631,131
2026-08-16,Sunday,linea 5,aragón,3584.054053144478,2322.2864362619816,5004.745401660593,0.010795301,0.38040665,0.6609183,107
2026-08-08,Saturday,linea 5,la raza,5683.143098696669,3356.6715108879284,7872.3847249002065,0.009096772,0.32055363,0.66084594,69
2026-08-15,Saturday,linea 5,la raza,6226.516589077539,3965.842180417743,8407.248484449354,0.009096085,0.3205294,0.660796,124
2026-08-24,Monday,linea 7,san pedro de los pinos,12653.63463973358,9789.16766682064,15421.476751130973,0.010258682,0.3614972,0.6603383,77
2026-08-07,Friday,linea 5,aragón,6432.626388169391,5078.055754217817,7823.237822744265,0.0081793135,0.28822404,0.6602801,74
2026-08-19,Wednesday,linea 12,mixcoac,17979.599471904054,15444.105075883766,20781.470980518683,0.010011718,0.35279462,0.6600146,105
2026-08-23,Sunday,linea 1,zaragoza,15402.629820557966,10746.000638510657,20194.992857005844,0.010780153,0.37987286,0.6599909,66
2026-08-24,Monday,linea 8,escuadrón 201,19923.624504582793,15926.112883481688,23838.359199024377,0.010247262,0.36109477,0.6596032,78
2026-08-19,Wednesday,linea 12,mexicaltzingo,16026.500343170574,12929.109625911386,18962.43430442396,0.009994765,0.35219723,0.65889704,106
2026-08-05,Wednesday,linea 8,atlalilco,13254.211221295522,10683.264127748489,15792.596151505622,0.0099940095,0.35217062,0.6588472,115
2026-08-14,Friday,linea 8,doctores,11167.300008189195,8368.50073030559,13846.654993820732,0.0081609255,0.28757608,0.6587957,134
2026-08-17,Monday,linea 3,etiopía/plaza de la transparencia,23808.002518543773,18735.867084057398,28621.83430019644,0.010233971,0.36062643,0.6587477,118
2026-08-28,Friday,linea 4,candelaria,10373.026164893408,7010.123254050931,13539.715947628583,0.0081599215,0.2875407,0.6587147,159
2026-08-21,Friday,linea 2,tacuba,33185.8734040961,27602.991547334957,38545.27792737953,0.0081589185,0.28750536,0.6586337,80
2026-08-30,Sunday,linea 3,viveros/derechos humanos,9519.575421464222,6295.370818145668,12719.685758982134,0.010752307,0.37889165,0.6582861,131
2026-08-30,Sunday,linea 2,tasqueña,28339.538611499396,14842.322924692382,41441.18055539209,0.0107511105,0.37884948,0.65821284,132
2026-08-15,Saturday,linea 2,san cosme,13283.82119714352,8938.194910480508,17456.58019451498,0.00905971,0.31924763,0.65815353,125
2026-08-08,Saturday,linea 8,cerro de la estrella,8288.781525093422,6531.040982681046,10133.234669750973,0.009058033,0.31918854,0.65803164,70
2026-08-04,Tuesday,linea 6,lindavista,13159.085151289424,8528.098051160647,18187.220619050968,0.010746542,0.3786885,0.6579958,93
2026-08-02,Sunday,linea b,nezahualcóyotl,8452.295743744255,4336.842518542178,13048.091698915818,0.0107473275,0.37871617,0.6579812,146
2026-08-04,Tuesday,linea 12,hospital 20 de noviembre,11405.687979269285,9819.921636364874,13053.163501611036,0.010741733,0.37851903,0.6577013,94
2026-08-06,Thursday,linea 9,jamaica,10643.334785202114,8062.447260910674,13226.08193756742,0.0086314995,0.30415827,0.65759563,68
2026-08-28,Friday,linea 1,tacubaya,21937.94175456456,16309.31763604992,27267.22271022922,0.008145324,0.28702632,0.65753627,160
2026-08-30,Sunday,linea 3,división del norte,6232.068102304126,3324.32182666419,9303.712730674395,0.010737614,0.37837386,0.65738654,133
2026-08-12,Wednesday,linea 2,cuitláhuac,13747.1286019636,10740.547190964184,16985.814997756457,0.009971235,0.3513681,0.65734583,103
2026-08-05,Wednesday,linea 3,la raza,29301.399646532864,23845.190734685457,35028.40901836395,0.009971121,0.35136408,0.6573383,116
2026-08-21,Friday,linea b,nezahualcóyotl,22974.4547574493,18282.85847115123,27576.21661807042,0.008142501,0.28692684,0.6573084,81
2026-08-19,Wednesday,linea 4,martín carrera,23924.12570856986,19526.513496164105,28619.766598310493,0.009968307,0.3512649,0.6571528,107
2026-08-08,Saturday,linea b,múzquiz,20552.90462777565,15752.016391760655,25244.878139888464,0.009044937,0.31872705,0.6570803,71
2026-08-23,Sunday,linea b,olímpica,9436.323185795576,6795.095383404948,12199.0357509224,0.010727462,0.37801614,0.65676504,67
2026-08-09,Sunday,linea 3,juárez,5731.862423935297,1841.3361025877684,9851.030786192538,0.010727164,0.37800565,0.6567468,78
2026-08-17,Monday,linea 6,uam-azcapotzalco,7285.436121977178,5985.341038556539,8546.397912826735,0.010198392,0.35937268,0.6564575,119
2026-08-15,Saturday,linea 7,san antonio,8395.822781754858,5983.594917698266,10847.2498601651,0.009033558,0.31832606,0.65625364,126
2026-08-15,Saturday,linea 9,patriotismo,10633.452069699797,6883.538391644801,14459.679138733047,0.009032248,0.3182799,0.65615845,127
2026-08-26,Wednesday,linea 3,deportivo 18 de marzo,28959.174449760198,23801.38065695528,34942.938636018494,0.009951676,0.35067886,0.65605646,151
2026-08-12,Wednesday,linea 5,aragón,6704.337918281827,5315.756855047874,8034.451981355985,0.009950074,0.35062242,0.65595084,104
2026-08-03,Monday,linea b,lagunilla,16494.738489336894,11068.530476244572,21827.06541741118,0.010189192,0.35904852,0.6558653,130
2026-08-05,Wednesday,linea 8,doctores,10690.113879667442,8209.557559008246,13175.410323453509,0.009946941,0.35051203,0.6557443,117
2026-08-08,Saturday,linea 5,politécnico,12843.133678875363,3760.931691828823,21233.441389191805,0.0090235835,0.31797457,0.655529,72
2026-08-21,Friday,linea 9,centro médico,15093.008360612903,12787.395789223474,17475.94021994147,0.008119964,0.2861327,0.6554891,82
2026-08-10,Monday,linea b,guerrero,5671.572581749564,4325.765218304467,7115.284574433575,0.010183097,0.3588337,0.65547293,132
2026-08-18,Tuesday,linea 9,lázaro cárdenas,12852.753433134272,10811.195905857547,14971.475293085143,0.010704988,0.37722418,0.6554515,94
2026-08-22,Saturday,linea 8,cerro de la estrella,9159.046492587373,7062.3437966628135,11079.749067045317,0.009020612,0.31786987,0.65531313,68
2026-08-26,Wednesday,linea 7,tacubaya,6370.694352070289,5022.800834319393,7708.2032577273885,0.009940135,0.35027218,0.6552956,152
2026-08-21,Friday,linea 9,jamaica,11513.627707311489,8948.68191936177,14314.535967121754,0.008115319,0.285969,0.6551141,83
2026-08-25,Tuesday,linea 2,cuitláhuac,13743.623562990651,10756.257555161856,16896.789052167005,0.010696053,0.37690935,0.65490437,128
2026-08-22,Saturday,linea 4,martín carrera,20202.98387235811,15841.70636919078,24661.61218477454,0.009014595,0.31765786,0.65487605,69
2026-08-05,Wednesday,linea 8,coyuya,24991.017977279313,19891.359270361292,30060.641987426956,0.0099329855,0.35002026,0.65482426,118
2026-08-12,Wednesday,linea 9,pantitlán,50163.15625946087,42043.693359375415,58198.88916040542,0.009931986,0.34998503,0.6547584,105
2026-08-11,Tuesday,linea 9,patriotismo,17605.088732606004,13587.97211546424,21279.155230474073,0.01069232,0.3767778,0.65467584,145
2026-08-18,Tuesday,linea 2,tacuba,31662.962494674655,26283.29327687642,37269.822469085935,0.010689799,0.37668896,0.65452147,95
2026-08-04,Tuesday,linea 2,popotla,6785.5244840177365,4300.991639622635,9300.17294794458,0.010689128,0.37666532,0.6544804,95
2026-08-09,Sunday,linea a,agrícola oriental,6263.905936373716,3778.8357793109117,8891.858028906725,0.010686138,0.37655994,0.654235,79
2026-08-15,Saturday,linea 9,chilpancingo,27078.74867516599,20699.19495420624,33519.56300300331,0.008999558,0.31712797,0.6537837,128
2026-08-23,Sunday,linea 9,mixiuhca,10235.871862187687,5821.373213771002,14605.984947704925,0.010676473,0.3762194,0.65364337,68
2026-08-26,Wednesday,linea 2,ermita,13639.355068183891,9942.563610021793,17007.653036967255,0.009911742,0.34927166,0.6534238,153
2026-08-27,Thursday,linea 6,uam-azcapotzalco,7818.3662124377515,6509.163029044019,9240.76296382679,0.008576573,0.30222276,0.653411,160
2026-08-07,Friday,linea 9,centro médico,14166.494638261962,11577.559379667786,16636.07966253666,0.008093118,0.28518668,0.6533219,75
2026-08-19,Wednesday,linea 6,norte 45,6472.401931783936,5020.253217234013,7777.204153588951,0.009909426,0.34919006,0.65327114,108
2026-08-25,Tuesday,linea 5,valle gómez,4448.58499136855,3705.386343935154,5228.131763364228,0.010667935,0.3759185,0.6531828,129
2026-08-20,Thursday,linea 9,jamaica,10776.309991280523,8277.522487002621,13450.186251227346,0.008572418,0.30207634,0.6530945,92
2026-08-12,Wednesday,linea 9,centro médico,14297.039483469565,11811.634461197296,16763.01570544081,0.0099067455,0.34909558,0.6530944,106
2026-08-11,Tuesday,linea 9,puebla,29181.68344740116,21184.126814894084,37206.91700879022,0.010665575,0.37583536,0.6530383,146
2026-08-12,Wednesday,linea 6,uam-azcapotzalco,7411.088187347751,6101.446273441579,8650.729973796835,0.009905399,0.34904814,0.65300566,107
2026-08-21,Friday,linea 7,san joaquín,29505.685327063216,22736.14583070572,36038.04102448484,0.008086984,0.28497052,0.6528268,84
2026-08-20,Thursday,linea 9,patriotismo,18252.51945197988,14464.610467345889,21992.681598256753,0.008568362,0.3019334,0.6527855,93
2026-08-05,Wednesday,linea 8,iztacalco,13744.85725865841,9287.619767484277,17332.415501038187,0.009901284,0.34890315,0.6527344,119
2026-08-08,Saturday,linea 1,gómez farias,20293.96591600952,17177.041777658014,23421.14770412112,0.008984962,0.3166136,0.6527233,73
2026-08-03,Monday,linea 8,constitución de 1917,94681.86979611914,74632.8482021947,113008.52434987621,0.010137538,0.3572283,0.6525404,131
2026-08-06,Thursday,linea 5,aragón,6401.838690089662,5094.703840065899,7767.288465119157,0.0085644135,0.30179426,0.65248466,69
2026-08-10,Monday,linea 12,mexicaltzingo,16695.346757826104,13681.518300561074,20008.545462015245,0.010136046,0.35717574,0.65244436,133
2026-08-08,Saturday,linea 7,refinería,7794.086122161221,4433.004176844838,11039.46891028204,0.008980033,0.31643993,0.65236527,74
2026-08-16,Sunday,linea 5,autobuses del norte,16665.97679189896,11651.359838586208,21663.012010871545,0.010652606,0.37537837,0.65218216,108
2026-08-09,Sunday,linea 2,tacuba,16854.724327089833,11515.21567760205,22497.455651933706,0.0106525365,0.3753759,0.6521779,80
2026-08-12,Wednesday,linea b,guerrero,6026.063623800455,4750.408549148613,7291.914077351104,0.009886281,0.34837446,0.65174526,108
2026-08-30,Sunday,linea 6,vallejo,2498.174853643495,971.0172482579849,4056.0565697098427,0.010635468,0.37477446,0.6511329,134
2026-08-28,Friday,linea 2,cuatro caminos,107534.03172174314,92723.57619019224,121821.54398663752,0.00806441,0.28417504,0.65100443,161
2026-08-09,Sunday,linea 2,normal,3667.3429634411877,0.0,12917.676251950346,0.0106313145,0.37462807,0.6508786,81
2026-08-15,Saturday,linea 3,balderas,4201.161176540683,0.0,11842.306878445355,0.0089591835,0.31570524,0.6508506,129
2026-08-24,Monday,linea 3,centro médico,16583.261558342165,13745.456879310346,19373.53990950397,0.010108468,0.35620394,0.6506692,79
2026-08-19,Wednesday,linea 2,xola,19812.44718944362,15424.277974015797,24090.823723539044,0.009869226,0.3477735,0.650621,109
2026-08-06,Thursday,linea b,deportivo oceanía,10181.23585223373,6762.931140252128,13739.748780895246,0.008537422,0.30084315,0.65042824,70
2026-08-21,Friday,linea 5,autobuses del norte,19769.91669371863,14956.217262049418,24986.508125738826,0.008051435,0.28371787,0.64995706,85
2026-08-21,Friday,linea b,impulsora,24912.584121342992,21029.064588488232,29123.79104417833,0.008049326,0.28364354,0.6497868,86
2026-08-22,Saturday,linea 5,autobuses del norte,18280.915085901306,13352.84997902257,23070.343377427365,0.008942501,0.31511736,0.64963865,70
2026-08-22,Saturday,linea 3,centro médico,13226.006099993472,10338.586453816384,16320.624219028128,0.008939843,0.31502372,0.6494456,71
2026-08-07,Friday,linea 2,bellas artes,19269.081476409414,10772.740985142604,28104.585822088648,0.008043746,0.2834469,0.6493364,76
2026-08-24,Monday,linea 1,sevilla,25729.850287120695,19934.703964965836,31327.79432287042,0.010087705,0.3554723,0.6493327,80
2026-08-23,Sunday,linea 5,autobuses del norte,17327.91001384245,12338.99828375701,21746.496276781934,0.0106047,0.37369025,0.6492492,69
2026-08-12,Wednesday,linea b,romero rubio,13005.378867476256,10779.988997487182,15227.774594082446,0.009846294,0.3469654,0.6491092,109
2026-08-25,Tuesday,linea 6,ferrería/arena ciudad de méxico,22706.057592227164,16272.17347130628,28783.868292832813,0.010601119,0.37356406,0.6490918,130
2026-08-20,Thursday,linea 12,parque de los venados,11634.774217090848,9818.273433950226,13404.843041924674,0.008519254,0.3002029,0.6490441,94
2026-08-20,Thursday,linea 6,tezozómoc,5714.8995197469985,4763.529755915352,6732.930389040231,0.008518916,0.30019102,0.64901835,95
2026-08-08,Saturday,linea 3,coyoacán,18807.06209455708,13691.701233615107,23978.330549294566,0.008933918,0.31481493,0.6490151,75
2026-08-20,Thursday,linea 2,viaducto,15283.520796995013,12182.35618296893,18387.043208272957,0.008515187,0.30005962,0.6487343,96
2026-08-24,Monday,linea a,agrícola oriental,11249.125582466371,8801.37888105074,13739.637425171934,0.01007754,0.35511407,0.64867836,81
2026-08-10,Monday,linea 3,copilco,37252.54501558611,24962.473693385477,49678.5020078315,0.010072223,0.3549267,0.6483361,134
2026-08-24,Monday,linea 7,san joaquín,28939.849189054163,22009.204161489844,35842.61689540506,0.010071757,0.3549103,0.64830613,82
2026-08-20,Thursday,linea 6,martín carrera,24515.407132130975,19178.105351900664,29360.402339141317,0.008509026,0.2998425,0.6482649,97
2026-08-20,Thursday,linea 3,división del norte,15280.934847760189,12220.450411573795,18345.591437353378,0.008507864,0.29980156,0.6481764,98
2026-08-21,Friday,linea 3,guerrero,7950.99623984366,6639.354484081215,9197.983420013094,0.00802858,0.28291246,0.64811206,87
2026-08-17,Monday,linea 8,uam-i,23095.50886590007,18438.76608926185,28009.66613547533,0.010068083,0.35478085,0.6480697,120
2026-08-15,Saturday,linea 7,mixcoac,15725.974403285541,11443.795630743181,20223.557372394847,0.008917168,0.3142247,0.64779836,130
2026-08-03,Monday,linea b,ecatepec,21103.275282483894,15903.373901437843,25972.020847359618,0.01005767,0.3544139,0.64739937,132
2026-08-03,Monday,linea 3,etiopía/plaza de la transparencia,21582.062458452703,16755.18496980106,26512.426508948636,0.010048597,0.35409418,0.64681536,133
2026-08-17,Monday,linea 5,aragón,6599.815273720467,5372.6088256020175,8104.427446354417,0.01004605,0.35400444,0.6466514,121
2026-08-20,Thursday,linea a,tepalcates,28450.203840911847,22093.138965595226,34832.64767010516,0.008487699,0.29909098,0.64664006,99
2026-08-04,Tuesday,linea 3,la raza,28882.652308186473,23613.09969547777,34317.80360565564,0.010557211,0.37201682,0.6464033,96
2026-08-04,Tuesday,linea 7,san pedro de los pinos,12237.801293859395,9563.282059175111,14938.062199537344,0.010555538,0.37195787,0.6463009,97
2026-08-06,Thursday,linea 8,aculco,8574.079340786837,7071.667528413279,10117.196146748298,0.008482881,0.2989212,0.646273,71
2026-08-02,Sunday,linea 1,chapultepec,31615.602744976626,22298.646537447123,40691.80767856946,0.010555686,0.37196308,0.6462484,147
2026-08-27,Thursday,linea 4,bondojito,5938.9587728940005,4987.026705275619,6844.731264155581,0.008479328,0.298796,0.64600235,161
2026-08-17,Monday,linea 2,san cosme,17042.891337224595,13024.758982886293,21102.359954122516,0.01003387,0.35357523,0.6458674,122
2026-08-25,Tuesday,linea 6,vallejo,7823.995793768499,6167.8757062761315,9521.84985970827,0.010544926,0.3715839,0.6456511,131
2026-08-18,Tuesday,linea 6,martín carrera,24484.33308640803,19290.93326792677,29384.531803104113,0.010544537,0.3715702,0.64562726,96
2026-08-10,Monday,linea 12,lomas estrella,9463.765441316094,8177.394523505723,10705.899041504455,0.010023616,0.3532139,0.6452074,135
2026-08-15,Saturday,linea 5,misterios,5705.554701080375,4403.473030987879,7008.217664178387,0.008880424,0.3129299,0.6451291,131
2026-08-12,Wednesday,linea 2,tacuba,31018.51307529763,25290.47034898659,36646.93058418784,0.009785207,0.3448128,0.64508206,110
2026-08-18,Tuesday,linea 2,general anaya,18301.13135970002,13355.093179835156,23103.990354484402,0.010533369,0.37117666,0.64494354,97
2026-08-07,Friday,linea 3,centro médico,17733.094511270254,14548.782671186013,20631.922511758497,0.007987881,0.28147832,0.6448266,77
2026-08-23,Sunday,linea 6,tezozómoc,2919.233715615496,1895.7146321291418,4005.3600247515965,0.010531565,0.3711131,0.64477164,70
2026-08-04,Tuesday,linea 12,mexicaltzingo,17332.097967485563,13952.095985667393,20145.10709527989,0.010530249,0.37106672,0.6447525,98
2026-08-04,Tuesday,linea 7,mixcoac,18926.92927476874,14587.857374936611,22963.004313251757,0.010529672,0.37104636,0.64471716,99
2026-08-10,Monday,linea 8,coyuya,24011.153928542597,18560.596531504252,29216.893380782294,0.010008457,0.35267973,0.6442316,136
2026-08-05,Wednesday,linea 7,camarones,13720.13164695132,11185.11251162555,16351.385790432823,0.009761639,0.3439823,0.6435284,120
2026-08-22,Saturday,linea 3,guerrero,7315.771766521014,6010.91168138026,8600.396357225703,0.008857677,0.31212834,0.64347655,72
2026-08-08,Saturday,linea 8,santa anita,3104.095777109479,2197.6249099958864,3990.3011131639205,0.008857316,0.31211564,0.6434504,76
2026-08-21,Friday,linea a,agrícola oriental,12055.607255830206,9498.604561056622,14575.221046209408,0.007970522,0.28086662,0.6434253,88
2026-08-25,Tuesday,linea 2,xola,19831.455346806226,15297.019085577536,24079.876201186577,0.010504073,0.37014434,0.6431498,132
2026-08-24,Monday,linea 6,martín carrera,24197.97751234037,19072.812043046237,29315.641275501763,0.009989982,0.35202867,0.6430424,83
2026-08-25,Tuesday,linea a,tepalcates,29306.243066363073,23246.819176541827,35586.85763593465,0.010500436,0.37001616,0.64292705,133
2026-08-20,Thursday,linea 3,eugenia,14039.78942600653,11178.682642096477,16777.477360204397,0.008438801,0.29736793,0.64291483,100
2026-08-14,Friday,linea 2,bellas artes,18407.743151284216,9724.431636830868,26767.673502083002,0.007963935,0.2806345,0.64289355,135
2026-08-29,Saturday,linea 4,jamaica,6301.498139598875,4940.894430641892,7579.4223015575935,0.008848689,0.3118116,0.6428236,153
2026-08-21,Friday,linea 8,la viga,7097.523558226726,6006.191060456631,8154.24961649545,0.007962406,0.2805806,0.6427701,89
2026-08-13,Thursday,linea 3,etiopía/plaza de la transparencia,24802.63189155414,19906.997798768964,29701.81962990108,0.008433105,0.2971672,0.64248085,136
2026-08-18,Tuesday,linea 3,división del norte,14843.949684698446,11855.784786793414,17998.95124823046,0.010492517,0.3697371,0.64244217,98
2026-08-11,Tuesday,linea 3,copilco,39879.78359687714,28660.547515401,53278.585686791695,0.010491779,0.3697111,0.642397,147
2026-08-19,Wednesday,linea 8,doctores,11670.315411948392,9076.1495196183,14349.744165475338,0.009741636,0.34327742,0.6422097,110
2026-08-17,Monday,linea 3,tlatelolco,14916.833890071348,10912.899685912582,18511.11012927861,0.0099762585,0.3515451,0.64215904,123
2026-08-08,Saturday,linea 1,insurgentes,33631.57212428197,23196.229264263133,42991.08132693337,0.008837638,0.31142223,0.6420208,77
2026-08-22,Saturday,linea b,tepito,23376.777064984337,18560.757985205142,28220.488600379384,0.008834732,0.3113198,0.64180964,73
2026-08-23,Sunday,linea b,san lázaro,12845.565555652598,9074.94745838628,16738.50224749162,0.010482837,0.36939603,0.6417884,71
2026-08-30,Sunday,linea 2,san cosme,9487.12648911773,5418.715487596224,13685.183974483221,0.010482417,0.36938122,0.6417627,135
2026-08-09,Sunday,linea 1,sevilla,13708.851446085915,8393.116602112927,19355.509191987905,0.01048208,0.36936933,0.64174205,82
2026-08-15,Saturday,linea 7,camarones,10820.198450025471,8170.952165555761,13506.282290153717,0.008827215,0.31105492,0.6412636,132
2026-08-10,Monday,linea 3,indios verdes,87594.67488232914,72973.71553633445,101697.48930006385,0.009959323,0.35094833,0.64106894,137
2026-08-06,Thursday,linea 8,cerro de la estrella,10252.204139816078,8416.44681544517,12113.026830689842,0.008414354,0.29650646,0.6410523,72
2026-08-08,Saturday,linea 2,revolución,22564.987403996896,16559.95499605257,29121.671037355794,0.008824225,0.31094953,0.64104635,78
2026-08-24,Monday,linea 4,talismán,3407.4032664311853,2707.9059085946683,4147.382284547155,0.009956361,0.35084394,0.64087826,84
2026-08-30,Sunday,linea 7,san pedro de los pinos,5235.275509287048,2563.527586161403,8066.570161731967,0.010464601,0.3687534,0.6406719,136
2026-08-10,Monday,linea b,oceanía,7445.453132949294,5766.245182150612,9295.843246326696,0.009951258,0.35066414,0.6405498,138
2026-08-12,Wednesday,linea 9,tacubaya,46310.570916620556,34879.58018483809,58322.21381558402,0.009708142,0.34209716,0.64000165,111
2026-08-30,Sunday,linea 5,eduardo molina,3623.1305920765867,2350.6457790544405,4798.855649451299,0.010452714,0.36833453,0.63994414,137
2026-08-20,Thursday,linea 8,atlalilco,14096.981121307526,11478.42971046074,16587.787335059587,0.008398085,0.29593316,0.63981277,101
2026-08-06,Thursday,linea 8,santa anita,3988.155631103509,3107.8951929776476,4841.9073280570865,0.008396446,0.2958754,0.6396879,73
2026-08-18,Tuesday,linea 3,miguel ángel de quevedo,34173.14687242931,27606.71973870132,40935.12844851428,0.010447157,0.3681387,0.6396648,99
2026-08-14,Friday,linea 9,chilpancingo,39855.42406176461,33727.77304296396,45527.46658260526,0.00792108,0.27912438,0.63943404,136
2026-08-16,Sunday,linea 2,cuitláhuac,6000.390838197761,3155.845068091685,9172.290253904785,0.010436209,0.3677529,0.63893366,109
2026-08-04,Tuesday,linea 1,zaragoza,27455.448474234112,22767.155879923557,31993.99446494648,0.010432638,0.36762708,0.6387759,100
2026-08-02,Sunday,linea 8,iztapalapa,6947.060548038049,4382.294237495046,9554.090246700767,0.0104244845,0.36733976,0.6382159,148
2026-08-07,Friday,linea a,la paz,44600.30486366834,35806.98984872307,53241.876969693505,0.007899197,0.27835324,0.63766754,78
2026-08-08,Saturday,linea 4,jamaica,5653.568517265946,4346.570409226908,6927.5666497018765,0.008776176,0.30925637,0.6375558,79
2026-08-22,Saturday,linea 8,uam-i,18707.382285981334,13892.57023869337,23163.680529903693,0.008775358,0.3092276,0.6374964,74
2026-08-22,Saturday,linea 7,refinería,8062.174052012593,4827.72423306076,11333.748246888661,0.008771606,0.30909535,0.6372238,75
2026-08-16,Sunday,linea 3,división del norte,5539.904829459244,2500.467079706717,8548.149938027003,0.010406198,0.36669537,0.63709635,110
2026-08-26,Wednesday,linea 2,normal,31029.56814052906,21749.57897875316,39819.82324980802,0.00966148,0.34045288,0.63692546,154
2026-08-03,Monday,linea 7,barranca del muerto,36916.41348886009,28292.8026175008,46113.8064684889,0.009894934,0.34867936,0.63692427,134
2026-08-25,Tuesday,linea 12,eje central,13386.73800849093,11559.042680129936,15396.556574892864,0.010400105,0.36648068,0.63678396,134
2026-08-27,Thursday,linea 12,atlalilco,11733.837666516676,7101.416361183456,16122.361531487571,0.008356822,0.2944791,0.63666916,162
2026-08-22,Saturday,linea b,romero rubio,13723.743642771584,11642.698885356098,15719.65809664208,0.008759078,0.3086539,0.6363137,76
2026-08-22,Saturday,linea 8,escuadrón 201,16659.136270397557,12528.212096465008,20566.079878327677,0.008756697,0.30857,0.63614076,77
2026-08-05,Wednesday,linea 6,norte 45,6426.797502827006,5080.806666321738,7789.905672757988,0.009648075,0.33998054,0.63604176,121
2026-08-20,Thursday,linea 3,centro médico,17410.576413283306,14301.062559619633,20186.842448526048,0.008345855,0.29409268,0.6358337,102
2026-08-07,Friday,linea b,múzquiz,24982.46573240055,20190.366734401392,29981.336518006767,0.0078752125,0.27750808,0.6357314,79
2026-08-07,Friday,linea 2,general anaya,18823.98535767761,13796.9603125485,23822.828583507915,0.007872233,0.2774031,0.6354909,80
2026-08-22,Saturday,linea 1,candelaria,22222.29447510063,19002.650060678076,25544.044468864384,0.008746918,0.3082254,0.63543034,78
2026-08-07,Friday,linea 4,martín carrera,22824.994178423556,18322.908161691546,27093.684733778427,0.007859752,0.27696326,0.6344833,81
2026-08-06,Thursday,linea 4,martín carrera,22391.769105886688,17946.053930901835,26573.183864498926,0.008327186,0.2934348,0.63441133,74
2026-08-18,Tuesday,linea 2,cuitláhuac,13939.47308086064,11045.600770729234,16967.029498388933,0.010359701,0.3650569,0.63431007,100
2026-08-02,Sunday,linea 5,autobuses del norte,15662.431851304018,10582.585452721978,20547.954981454885,0.010359501,0.36504987,0.6342374,149
2026-08-23,Sunday,linea 1,gómez farias,14608.316041413465,11531.945227138538,17597.094978850066,0.010356279,0.36493632,0.6340402,72
2026-08-11,Tuesday,linea 12,eje central,12922.377201705849,11129.119001989979,14885.065517502462,0.010351359,0.36476296,0.63379925,148
2026-08-14,Friday,linea b,oceanía,7837.989232253809,6070.800174722329,9738.399949047502,0.007850832,0.27664897,0.63376325,137
2026-08-19,Wednesday,linea 8,santa anita,4141.443112005228,3271.4028733519667,4943.893564922166,0.009613324,0.33875597,0.63375086,111
2026-08-22,Saturday,linea 1,sevilla,19341.763655128874,13242.711129048099,24785.71589436458,0.008723116,0.30738664,0.6337012,79
2026-08-21,Friday,linea 12,lomas estrella,10107.429867265379,8946.607624454984,11364.055602828537,0.007848088,0.27655226,0.6335417,90
2026-08-03,Monday,linea 9,patriotismo,15732.055736590737,11975.91108150322,19796.41516644718,0.009840871,0.3467743,0.6334443,135
2026-08-17,Monday,linea 7,mixcoac,19156.80287965236,14955.717823794519,23628.334526780982,0.0098397145,0.34673354,0.63336986,124
2026-08-11,Tuesday,linea 7,refinería,9695.1022764017,6395.226922725626,13071.800508388766,0.010344132,0.3645083,0.63335675,149
2026-08-25,Tuesday,linea 5,aragón,7014.420592313859,5574.8382270482925,8242.635625437022,0.01034216,0.3644388,0.63323605,135
2026-08-26,Wednesday,linea 4,canal del norte,7280.696157358562,5796.327394724161,8831.745890120812,0.009604108,0.33843118,0.63314325,155
2026-08-30,Sunday,linea 7,tacubaya,3417.9065033581246,2018.6377188046367,4667.822406976187,0.010341457,0.36441404,0.6331327,138
2026-08-21,Friday,linea 2,viaducto,15464.706678714525,12529.866373480902,18709.241325333987,0.00784245,0.2763536,0.6330866,91
2026-08-15,Saturday,linea 2,tasqueña,44054.16282360513,30368.052843036545,57626.13229689897,0.008714469,0.30708197,0.63307303,133
2026-08-15,Saturday,linea 7,polanco,27385.520522293846,18661.97847777842,35582.39773156951,0.008713529,0.30704886,0.6330048,134
2026-08-06,Thursday,linea 3,centro médico,16904.199831580696,14227.431433225267,20202.574972741688,0.008308267,0.29276815,0.63297,75
2026-08-19,Wednesday,linea 1,observatorio,37277.94797003615,28570.688489074757,46599.31592421636,0.009596119,0.33814967,0.6326166,112
2026-08-09,Sunday,linea b,san lázaro,11899.870520299852,7584.134899355457,15631.368108603467,0.010332393,0.36409464,0.63257784,83
2026-08-20,Thursday,linea a,la paz,47591.071868071514,38971.532659395896,55746.54721473097,0.008301101,0.2925156,0.632424,103
2026-08-04,Tuesday,linea 2,cuitláhuac,13756.868352970341,10649.377877164581,16772.671135323573,0.010324273,0.3638085,0.6321409,101
2026-08-10,Monday,linea 8,atlalilco,12962.224120931216,10336.644682164659,15568.56097596433,0.009818909,0.3460004,0.6320306,139
2026-08-17,Monday,linea 7,refinería,8890.52065181638,5589.018299130417,12239.82314338072,0.009817912,0.34596527,0.6319665,125
2026-08-25,Tuesday,linea 9,velódromo,13061.444692252564,1.8181854714953936,26278.677860900054,0.0103207035,0.36368272,0.6319223,136
2026-08-13,Thursday,linea 3,copilco,41825.83174733365,29618.227193126742,55197.26268738326,0.008294199,0.2922724,0.63189816,137
2026-08-18,Tuesday,linea 2,viaducto,15346.057302883604,11970.62054138353,18462.912918474565,0.010318312,0.36359844,0.63177586,101
2026-08-01,Saturday,linea b,nezahualcóyotl,14129.907926456373,9166.827795826683,18435.136765053045,0.008694275,0.30637035,0.63160604,152
2026-08-02,Sunday,linea 2,colegio militar,975.7231103221802,0.0,5522.89256068489,0.010316218,0.36352468,0.6315875,150
2026-08-26,Wednesday,linea 3,viveros/derechos humanos,19179.655950601897,16034.346083431608,22547.469892217363,0.00957568,0.33742943,0.63126916,156
2026-08-18,Tuesday,linea a,guelatao,22929.63400268066,18229.775957805014,27939.73965266637,0.010304506,0.36311194,0.63093054,102
2026-08-08,Saturday,linea b,tepito,22630.95001220029,17827.722885525232,27246.651975579236,0.008681639,0.30592507,0.6306881,80
2026-08-02,Sunday,linea 4,candelaria,6082.144298676832,2610.9346735777967,9151.938259525092,0.010300043,0.36295468,0.63059723,151
2026-08-21,Friday,linea 5,valle gómez,4446.58232522028,3716.1279051928145,5205.847770219212,0.007807902,0.2751362,0.6302977,92
2026-08-18,Tuesday,linea 6,tezozómoc,5639.054956541919,4592.640003598634,6587.636280097631,0.010288907,0.36256227,0.62997544,103
2026-08-09,Sunday,linea 5,aragón,3313.9365950496963,1906.8263076747392,4711.792078132195,0.010285995,0.36245966,0.62973714,84
2026-08-07,Friday,linea 9,puebla,30035.945678758893,22834.750352811014,37666.097584237395,0.007800359,0.27487037,0.62968874,82
2026-08-15,Saturday,linea 5,politécnico,15391.722232994045,6734.456277464878,24383.76116124077,0.0086655505,0.30535814,0.6295193,135
2026-08-08,Saturday,linea 9,centro médico,10825.774244264714,8298.003292046125,13290.326029320551,0.008665506,0.3053566,0.62951607,81
2026-08-04,Tuesday,linea 7,tacubaya,5886.182126601331,4500.227774091073,7263.716482318534,0.010280332,0.36226007,0.6294504,102
2026-08-06,Thursday,linea 4,jamaica,6012.152634956212,4590.468407783034,7308.406013474457,0.008260492,0.29108465,0.6293302,76
2026-08-01,Saturday,linea 7,mixcoac,14353.648431701873,10021.190011875406,18826.02386294531,0.008661246,0.30520648,0.6292066,153
2026-08-23,Sunday,linea 2,general anaya,9096.632993317373,4162.01752785764,14185.376630787745,0.010271477,0.36194804,0.6288483,73
2026-08-22,Saturday,linea 6,tezozómoc,4288.588853381496,3292.5158590453243,5324.604103233589,0.008655778,0.3050138,0.6288094,80
2026-08-16,Sunday,linea b,múzquiz,13752.655803438116,8855.251429169073,18127.72176524759,0.010270134,0.36190072,0.6287661,111
2026-08-21,Friday,linea 6,tezozómoc,5743.9734389709365,4775.473252222439,6760.070881331562,0.0077859233,0.2743617,0.62852347,93
2026-08-28,Friday,linea 6,el rosario,15811.082041296551,11913.500919897395,19215.29908140352,0.0077832565,0.27426773,0.6283082,162
2026-08-08,Saturday,linea 8,aculco,6370.658562066017,4886.728031226812,7967.260785547471,0.008648065,0.30474198,0.62824905,82
2026-08-19,Wednesday,linea 3,indios verdes,89346.90806392867,74006.28713970227,103177.529680063,0.009525752,0.33567008,0.62797767,113
2026-08-12,Wednesday,linea 7,mixcoac,19773.95491266374,15453.511388580013,24249.28390626592,0.009521532,0.33552137,0.6276995,112
2026-08-04,Tuesday,linea 9,pantitlán,48459.525263054005,40934.97519108046,55918.70784853821,0.0102501055,0.36119497,0.62759966,103
2026-08-28,Friday,linea 2,normal,31318.645192152428,22236.283159111208,40557.68140950125,0.007769666,0.27378884,0.6272111,163
2026-08-23,Sunday,linea 9,jamaica,7894.975444554642,5330.81645150063,10589.502415953655,0.010244399,0.3609939,0.6271906,74
2026-08-15,Saturday,linea a,tepalcates,20635.938801642056,14864.349838040796,27202.099414827222,0.008626339,0.30397642,0.6266707,136
2026-08-19,Wednesday,linea 3,niños héroes,23035.82191946314,17558.51233597016,28488.855547931715,0.009505559,0.3349585,0.6266465,114
2026-08-20,Thursday,linea 3,niños héroes,22818.388429214283,17485.826390127895,27919.204614937535,0.008224083,0.28980166,0.6265564,104
2026-08-13,Thursday,linea 4,candelaria,9322.577036206523,5904.664643148718,12404.254696288719,0.008220525,0.28967628,0.6262853,138
2026-08-06,Thursday,linea 9,centro médico,14030.208628903993,11737.480368571736,16538.812009303132,0.008220186,0.28966433,0.6262595,77
2026-08-21,Friday,linea 8,obrera,11482.551362326676,9500.916567908867,13386.346006193382,0.007748348,0.2730376,0.6254902,94
2026-08-03,Monday,linea 8,uam-i,21781.085455067867,17055.234912597836,26725.726702919583,0.009714191,0.3423103,0.6252901,136
2026-08-12,Wednesday,linea 3,tlatelolco,15284.27525922036,11856.226992136944,19152.792739130735,0.00948307,0.33416605,0.625164,113
2026-08-06,Thursday,linea 8,la viga,6610.238828851139,5488.445101593666,7767.4911396816115,0.008203884,0.28908986,0.62501746,78
2026-08-24,Monday,linea b,romero rubio,13494.9991104212,11299.052141929205,15667.320376104572,0.00970541,0.3420009,0.62472486,85
2026-08-23,Sunday,linea 8,uam-i,11237.279601283233,6768.754465695907,16057.134525374322,0.010203919,0.35956746,0.6247123,75
2026-08-12,Wednesday,linea 6,vallejo,7746.488107185004,6189.156890813607,9319.467189271805,0.009472698,0.33380055,0.6244802,114
2026-08-19,Wednesday,linea 3,juárez,14126.517508129378,9585.340309561612,18345.519441476823,0.009468453,0.33365098,0.62420034,115
2026-08-10,Monday,linea 4,jamaica,5628.928663622579,4320.108912295518,7014.564698075948,0.009694477,0.34161562,0.6240211,140
2026-08-20,Thursday,linea 2,general anaya,18664.74871578211,13746.668201527209,23701.949090088383,0.008189215,0.28857297,0.62389994,105
2026-08-07,Friday,linea 7,aquiles serdán,13026.782677996816,10214.603956674593,15755.383054785394,0.00772222,0.2721169,0.62338096,83
2026-08-25,Tuesday,linea 2,hidalgo,18427.85428018017,11074.986058428169,25540.946851067205,0.010180391,0.35873836,0.6233312,137
2026-08-06,Thursday,linea 2,revolución,25558.882761161516,19358.97360142795,32024.947463221455,0.008180022,0.28824902,0.6231996,79
2026-08-17,Monday,linea 12,zapata,13216.456554281365,11495.84302632195,14848.956122041784,0.009681201,0.3411478,0.6231665,126
2026-08-22,Saturday,linea 7,tacubaya,4867.971162859383,3567.0870676502377,6271.109223111463,0.008576585,0.30222318,0.6230563,81
2026-08-09,Sunday,linea 1,pantitlán,21554.02584653943,15220.405391612892,27710.616917656334,0.010175957,0.35858214,0.6230004,85
2026-08-06,Thursday,linea 1,chapultepec,43861.51375934756,35360.58729363552,53413.239726708845,0.008176885,0.28813845,0.6229605,80
2026-08-09,Sunday,linea b,romero rubio,10152.510815908005,8032.364900876786,12097.210760828957,0.010175203,0.35855556,0.6229542,86
2026-08-10,Monday,linea 3,deportivo 18 de marzo,27467.195625623495,22277.97562164561,32924.976057894964,0.009676137,0.34096938,0.6228406,141
2026-08-13,Thursday,linea 5,misterios,7307.7312414703665,5928.841999808492,8665.480483773872,0.008172273,0.28797594,0.62260914,139
2026-08-18,Tuesday,linea 9,jamaica,10361.470365384752,7687.583262064695,12963.961395669792,0.010167905,0.3582984,0.62256664,104
2026-08-12,Wednesday,linea 3,niños héroes,21866.49645210691,16428.10344872284,27757.04846087828,0.009441578,0.33270395,0.6224286,115
2026-08-17,Monday,linea b,nezahualcóyotl,21493.770128286447,16761.382983439933,26217.974180707566,0.009668184,0.34068915,0.6223287,127
2026-08-09,Sunday,linea b,lagunilla,14464.87815203572,9424.74406990228,19049.037173120414,0.01016164,0.35807762,0.62212384,87
2026-08-05,Wednesday,linea 7,mixcoac,19027.686655562247,14471.6803977712,23413.334794653343,0.00943567,0.33249578,0.62203914,122
2026-08-12,Wednesday,linea 2,san cosme,17561.430595405833,13353.022714693183,21430.486500568004,0.009434485,0.332454,0.621961,116
2026-08-30,Sunday,linea 7,camarones,7515.1833236582315,5200.552867578392,10112.980008598537,0.0101580145,0.35794985,0.62190187,139
2026-08-07,Friday,linea 2,revolución,26096.215495003504,19808.878035321155,32870.152461000245,0.007701016,0.27136973,0.62166923,84
2026-08-20,Thursday,linea 12,lomas estrella,9876.424698125713,8644.882318481716,11162.629490711513,0.008158949,0.28750646,0.62159413,106
2026-08-07,Friday,linea 2,cuitláhuac,14359.643289924332,11515.097580387355,17496.77612618661,0.0077000107,0.2713343,0.6215881,85
2026-08-08,Saturday,linea 2,tacuba,25858.880292458754,19771.944198125442,31399.237198072366,0.008551237,0.30132997,0.62121487,83
2026-08-22,Saturday,linea 7,aquiles serdán,9867.458877621368,7038.898817118367,12576.043080951596,0.008548294,0.30122626,0.62100106,82
2026-08-22,Saturday,linea 8,aculco,6874.650114882966,5431.435094512824,8366.737698594152,0.008546594,0.30116633,0.6208775,83
2026-08-05,Wednesday,linea 12,lomas estrella,9878.531808537253,8600.74845008172,11149.726994276363,0.009418028,0.3318741,0.62087613,123
2026-08-21,Friday,linea 3,copilco,46791.94337337895,34116.74215947625,59516.322236283544,0.007690966,0.27101558,0.62085795,95
2026-08-26,Wednesday,linea 7,mixcoac,20645.336634083083,16433.960963415444,25136.484271331814,0.009416538,0.3318216,0.6207779,157
2026-08-13,Thursday,linea 2,cuatro caminos,101051.29516044985,86328.33348207758,114319.67900518277,0.008147863,0.28711578,0.6207495,140
2026-08-05,Wednesday,linea 2,popotla,6765.855342981451,4342.419227874885,9402.785259313412,0.0094158845,0.33179855,0.6207348,124
2026-08-28,Friday,linea 5,eduardo molina,6797.534282614999,5631.848238759061,8038.205744698734,0.007688877,0.27094197,0.62068933,164
2026-08-27,Thursday,linea 2,cuatro caminos,104509.38582023456,90141.5768836282,119669.31896973882,0.008145748,0.28704125,0.62058836,163
2026-08-25,Tuesday,linea b,garibaldi/lagunilla,4858.128908285793,3164.630705219787,6681.675263876631,0.010132358,0.35704577,0.6203902,138
2026-08-07,Friday,linea a,guelatao,19780.959564321016,14918.432856722098,24956.888357340304,0.0076836003,0.27075604,0.62026334,86
2026-08-17,Monday,linea 9,patriotismo,16918.781632679333,13305.487809507216,20853.119774553936,0.009634817,0.33951333,0.62018085,128
2026-08-22,Saturday,linea 2,viaducto,12156.159007910166,9119.055157392128,15325.193119288222,0.008536808,0.3008215,0.62016666,84
2026-08-06,Thursday,linea 12,insurgentes sur,38208.33081430226,32394.062666889833,44126.60695321885,0.008135179,0.28666884,0.61978316,81
2026-08-07,Friday,linea 2,popotla,6910.153278358335,4417.956830895565,9537.419909032029,0.007676997,0.27052334,0.61973035,87
2026-08-21,Friday,linea 4,martín carrera,24464.18623083955,20144.845420370315,28894.833327095712,0.0076769497,0.27052167,0.6197265,96
2026-08-19,Wednesday,linea 2,cuitláhuac,13700.250513310853,10809.884288964307,16921.46151347426,0.009399541,0.33122262,0.61965734,116
2026-08-24,Monday,linea 4,martín carrera,24058.672071772053,19298.26267848391,28344.63009027665,0.00962299,0.33909658,0.6194196,86
2026-08-08,Saturday,linea 4,martín carrera,18606.055071320166,14307.097883276889,23349.91900650315,0.008523956,0.3003686,0.619233,84
2026-08-06,Thursday,linea 6,lindavista,13394.150423342186,8570.420671996148,18332.00121627623,0.008126369,0.2863584,0.61911196,82
2026-08-02,Sunday,linea 8,bellas artes,12677.765783030936,6749.854141147133,17888.726572942363,0.010112096,0.35633177,0.61909056,152
2026-08-04,Tuesday,linea 3,indios verdes,85020.64567593002,71547.21431454943,101151.79241331405,0.010102397,0.35599,0.61855567,104
2026-08-14,Friday,linea 2,cuatro caminos,104575.70871510747,90417.07075136347,119218.13244636632,0.0076608523,0.2699544,0.61842704,138
2026-08-11,Tuesday,linea b,garibaldi/lagunilla,4791.826314538057,2904.588621488475,6612.2512370449285,0.010100036,0.35590678,0.6184111,150
2026-08-16,Sunday,linea 5,instituto del petróleo,1861.7172583174975,521.7560213443605,3035.431443190584,0.010099241,0.35587877,0.61830354,112
2026-08-12,Wednesday,linea 6,martín carrera,24305.002534399406,18909.03007149223,29383.745823663765,0.009378053,0.33046544,0.6182408,117
2026-08-06,Thursday,linea 9,lázaro cárdenas,12502.447884770316,10527.233020946187,14494.652791129116,0.008114459,0.2859387,0.6182046,83
2026-08-03,Monday,linea b,impulsora,19656.572612758504,15428.167793102017,23733.039505724995,0.009600254,0.3382954,0.6179561,137
2026-08-28,Friday,linea 2,popotla,9219.628019452834,6564.01398186648,11633.634573071797,0.0076485444,0.26952073,0.6174334,165
2026-08-18,Tuesday,linea 8,uam-i,23656.168391490766,19150.875865349368,28303.446692694197,0.01008355,0.35532585,0.6174017,105
2026-08-06,Thursday,linea 2,general anaya,18320.58726110626,13738.029418010658,23395.968928742368,0.008102578,0.28552005,0.61729944,84
2026-08-30,Sunday,linea 9,patriotismo,6269.83242040133,2645.6127254312464,9917.980318670792,0.010081198,0.355243,0.61719894,140
2026-08-12,Wednesday,linea 8,uam-i,23608.50077055219,19048.337925824926,28272.555653316438,0.009355506,0.3296709,0.61675435,118
2026-08-07,Friday,linea 6,uam-azcapotzalco,7295.491354890835,5894.282258354251,8668.012815341492,0.007637875,0.26914474,0.6165722,88
2026-08-18,Tuesday,linea 3,viveros/derechos humanos,18614.395782519816,15406.905993299306,21819.739097241225,0.010067693,0.35476708,0.6164308,106
2026-08-27,Thursday,linea 12,eje central,13415.771807473488,11471.969483269591,15305.2417811966,0.008089222,0.28504938,0.6162819,164
2026-08-15,Saturday,linea 3,niños héroes,11771.921059011453,5761.386122467199,17259.253327851933,0.008481855,0.29888505,0.61617446,137
2026-08-14,Friday,linea 3,deportivo 18 de marzo,27785.866797849787,22322.713497107034,33222.47327255886,0.007632651,0.26896065,0.61615044,139
2026-08-17,Monday,linea 4,canal del norte,5972.330509844001,4313.959593858709,7503.909770388481,0.009571068,0.33726692,0.6160774,129
2026-08-06,Thursday,linea 6,uam-azcapotzalco,7180.837143666389,5851.992166358921,8500.516319492915,0.008085428,0.2849157,0.61599284,85
2026-08-12,Wednesday,linea 8,la viga,6647.18613769004,5543.8214759295115,7792.139616584464,0.00934201,0.32919535,0.6158647,119
2026-08-14,Friday,linea 7,constituyentes,14016.285794666124,9124.701279617957,18312.238344654514,0.007622292,0.26859564,0.6153142,140
2026-08-08,Saturday,linea a,la paz,34446.40212697672,26034.910030163937,43324.614855171654,0.008469111,0.298436,0.61524874,85
2026-08-10,Monday,linea 4,candelaria,8538.619948945516,5557.045338471584,11726.875730071233,0.009555911,0.3367328,0.61510175,142
2026-08-22,Saturday,linea 3,división del norte,10306.804214899077,7267.923804985285,13363.726924446464,0.008464395,0.2982698,0.61490613,85
2026-08-15,Saturday,linea 7,san joaquín,20069.492941535522,13959.868815842152,26986.445722556124,0.008463771,0.2982478,0.6148608,138
2026-08-08,Saturday,linea 5,instituto del petróleo,3259.3501500319203,1975.4191184602546,4525.354827090478,0.008463055,0.29822257,0.61480874,86
2026-08-25,Tuesday,linea 5,instituto del petróleo,6122.488075333601,4906.642255798819,7410.324757749819,0.010040006,0.35379145,0.61473554,139
2026-08-16,Sunday,linea 1,chapultepec,33232.917894628896,24259.002910535673,42773.98452589684,0.010036665,0.35367373,0.6144725,113
2026-08-12,Wednesday,linea 4,candelaria,9145.850225766877,6149.996483831044,12249.412720270284,0.009312582,0.32815838,0.6139247,120
2026-08-19,Wednesday,linea 3,tlatelolco,15552.138216676514,11964.742374126383,19294.45371319611,0.009309705,0.328057,0.613735,117
2026-08-04,Tuesday,linea 8,coyuya,24554.77007774,19381.39459592517,29390.21710025268,0.0100226365,0.3531794,0.6136721,105
2026-08-13,Thursday,linea 3,indios verdes,87731.9334611767,74003.56943363856,102126.41074085872,0.008054692,0.28383264,0.6136512,141
2026-08-07,Friday,linea 3,división del norte,14471.786484882772,11376.106325009345,17410.709577692192,0.0075995196,0.26779318,0.6134759,89
2026-08-28,Friday,linea b,villa de aragón,15154.772072579171,10764.60496793102,19463.31368492692,0.0075982683,0.26774907,0.6133749,166
2026-08-30,Sunday,linea 4,bondojito,3511.985088018455,2580.6541675114695,4397.219141330049,0.010018673,0.3530397,0.61337095,141
2026-08-04,Tuesday,linea 4,jamaica,5891.123057722828,4551.913044197845,7208.525903461384,0.010005846,0.3525877,0.612644,106
2026-08-09,Sunday,linea b,morelos,2952.3318105658177,1946.8870562494064,3940.2949271842363,0.010006738,0.35261914,0.61264026,88
2026-08-19,Wednesday,linea 3,etiopía/plaza de la transparencia,25758.517133746947,20837.078681905157,30499.26754613512,0.009292661,0.32745638,0.6126114,118
2026-08-17,Monday,linea a,la paz,47548.4922936237,38964.407583585285,56057.88699399363,0.009516654,0.33534947,0.6125749,130
2026-08-23,Sunday,linea b,múzquiz,14645.514218863556,9736.291630224196,19315.086547996325,0.010003975,0.35252178,0.6124711,76
2026-08-03,Monday,linea b,río de los remedios,14889.564003037702,10950.436756705509,18752.630187449195,0.00951385,0.33525068,0.6123944,138
2026-08-22,Saturday,linea 5,instituto del petróleo,3671.7809957151026,2491.476996523587,4874.852832943328,0.008429319,0.2970338,0.612358,86
2026-08-07,Friday,linea 1,moctezuma,18835.350241933447,15923.260815037595,21821.77361533775,0.0075841327,0.26725096,0.61223376,90
2026-08-29,Saturday,linea 3,deportivo 18 de marzo,21678.3743671821,16176.451339747597,28040.61830883924,0.008424182,0.2968528,0.61198485,154
2026-08-25,Tuesday,linea 6,uam-azcapotzalco,7820.676316673858,6555.288224314282,9083.305382256143,0.009990303,0.35204,0.6116923,140
2026-08-05,Wednesday,linea 2,tasqueña,49709.45200195583,35498.40574014304,63505.73740931209,0.009277353,0.32691696,0.6116022,125
2026-08-20,Thursday,linea 8,doctores,11551.271266906884,8792.695531819934,14196.222608193168,0.00802571,0.2828113,0.61144316,107
2026-08-17,Monday,linea 3,viveros/derechos humanos,17825.315569752285,14466.427426745962,21355.14781839251,0.009493472,0.3345326,0.6110827,131
2026-08-13,Thursday,linea 7,san antonio,12039.198430044331,9682.217398359571,14378.767005894635,0.008015826,0.28246307,0.61069024,142
2026-08-08,Saturday,linea 8,doctores,6627.7693900436225,4043.444760872031,9253.299138042363,0.008402074,0.2960737,0.6103787,87
2026-08-18,Tuesday,linea 5,aragón,6811.146873802397,5494.101088685914,8134.766236114748,0.0099665895,0.3512044,0.6102404,107
2026-08-05,Wednesday,linea 5,instituto del petróleo,5729.605210766684,4470.889829138068,6966.254146793352,0.009256624,0.32618648,0.61023563,126
2026-08-22,Saturday,linea 3,copilco,32446.709211906888,20244.05319819791,44945.324314352925,0.008399277,0.29597515,0.61017555,87
2026-08-15,Saturday,linea 4,canal del norte,6116.523346464633,4402.477585181195,7823.836581921433,0.008398975,0.29596454,0.6101536,139
2026-08-07,Friday,linea 2,xola,18811.64896031755,14541.139561532747,23241.437110020575,0.0075578457,0.26632467,0.6101117,91
2026-08-09,Sunday,linea b,olímpica,8601.593662996273,5945.697016048198,11259.025833871267,0.009963188,0.35108453,0.609974,89
2026-08-25,Tuesday,linea 7,refinería,9904.224559033712,6693.258005562082,13364.50753241932,0.009960931,0.351005,0.6098939,141
2026-08-08,Saturday,linea 3,la raza,21864.510832327105,16794.16042275399,27590.371418612798,0.008393968,0.2957881,0.6097899,88
2026-08-18,Tuesday,linea 4,canal del norte,6240.268089091057,4647.181385870774,7664.413614327145,0.009957386,0.3508801,0.6096769,108
2026-08-20,Thursday,linea 6,norte 45,6360.274574923471,4959.129229309139,7684.702923647004,0.00799436,0.28170663,0.6090548,108
2026-08-04,Tuesday,linea 12,calle 11,12850.366363159073,10859.068416036858,14719.83374025857,0.009943054,0.35037506,0.60879934,107
2026-08-07,Friday,linea 3,hospital general,18733.152756500054,14663.568021536863,22644.079834073356,0.007540519,0.2657141,0.60871303,92
2026-08-16,Sunday,linea 6,uam-azcapotzalco,3921.4984907152366,2515.4312077394134,5170.979953890256,0.009942589,0.35035866,0.6087129,114
2026-08-16,Sunday,linea 3,la raza,16303.55505997668,10958.619868095488,22251.317918857352,0.00994157,0.35032275,0.60865057,115
2026-08-13,Thursday,linea 1,balderas,19148.866659010182,13392.193020393592,24987.278650395892,0.007988558,0.2815022,0.6086128,143
2026-08-19,Wednesday,linea 7,san antonio,12357.779417952277,10005.674343844526,14519.146015743696,0.009231836,0.325313,0.6086015,119
2026-08-02,Sunday,linea 12,zapata,7307.5865033649925,5678.616727330957,8898.557479122117,0.009936414,0.35014105,0.60833484,153
2026-08-21,Friday,linea 3,división del norte,15348.201998689401,12196.064615682328,18583.616289476027,0.007535375,0.26553285,0.6082978,97
2026-08-18,Tuesday,linea 6,norte 45,6429.791133234182,5046.775675584094,7829.867175795117,0.009925945,0.34977216,0.6077518,109
2026-08-14,Friday,linea 7,san antonio,11993.437337732688,9493.518641814662,14374.72781474079,0.0075272094,0.26524508,0.6076386,141
2026-08-21,Friday,linea 9,patriotismo,18113.63761743025,14379.299485055639,21925.910282103676,0.007523844,0.2651265,0.6073669,98
2026-08-04,Tuesday,linea 5,autobuses del norte,17390.5440715653,12599.391775301534,22613.73127898131,0.009918904,0.34952402,0.60732067,108
2026-08-18,Tuesday,linea 6,vallejo,7767.619457772963,6364.245600422771,9225.68593750208,0.009916389,0.34943542,0.6071667,110
2026-08-09,Sunday,linea 8,iztapalapa,7188.065119254954,4719.975685028445,9941.606896592508,0.009916904,0.34945357,0.6071404,90
2026-08-15,Saturday,linea 9,pantitlán,40473.68740141994,32389.027772421483,48577.20535438763,0.008356043,0.29445168,0.60703474,140
2026-08-10,Monday,linea 4,canal del norte,5403.660072160486,3727.7429863898014,7009.886270693835,0.009429589,0.33228147,0.6069706,143
2026-08-25,Tuesday,linea 3,etiopía/plaza de la transparencia,25492.706406798683,20573.632502928504,30344.367096775957,0.009910553,0.34922975,0.6068093,142
2026-08-26,Wednesday,linea 4,bondojito,6022.75598982764,5034.842917918445,6926.312872562292,0.009201133,0.3242311,0.60657746,158
2026-08-14,Friday,linea 12,eje central,12866.488091980766,10909.18049372748,14826.061591519087,0.0075139697,0.26477855,0.6065698,142
2026-08-24,Monday,linea 8,uam-i,23444.158756067496,18731.66241873287,27928.75370659107,0.00942137,0.33199185,0.60644156,87
2026-08-14,Friday,linea 3,tlatelolco,16119.067052951386,12161.999524063483,19823.225052416772,0.0075102686,0.26464814,0.606271,143
2026-08-08,Saturday,linea 6,ferrería/arena ciudad de méxico,8091.93504037041,1855.2986470481467,14322.617718938181,0.008344605,0.2940486,0.6062038,89
2026-08-18,Tuesday,linea 8,atlalilco,13775.21734874006,11150.66878791182,16459.472579436446,0.009893303,0.3486219,0.6057531,111
2026-08-12,Wednesday,linea 7,tacubaya,6142.826559040559,4854.872472706838,7539.540049043717,0.009188366,0.32378122,0.60573584,121
2026-08-03,Monday,linea 5,misterios,6471.619844817497,5049.553802262196,7864.071466127313,0.009410233,0.3315994,0.6057247,139
2026-08-06,Thursday,linea 7,tacubaya,6012.412459794954,4639.576353303467,7235.061535220758,0.007940345,0.27980325,0.60493964,86
2026-08-25,Tuesday,linea 2,ermita,13364.412975324221,9789.690851884943,16991.366740500533,0.00987973,0.3481436,0.60492206,143
2026-08-05,Wednesday,linea 2,revolución,25543.766709442618,18640.901817728878,32376.942779100158,0.009173249,0.3232485,0.60473925,127
2026-08-26,Wednesday,linea 1,tacubaya,20051.542254425043,14560.755136368545,25614.918125309017,0.009168995,0.3230986,0.60445875,159
2026-08-30,Sunday,linea 12,atlalilco,2736.515438710433,0.0,7354.471757420738,0.009872661,0.34789452,0.6044317,142
2026-08-15,Saturday,linea 3,indios verdes,73460.7502531319,58824.33830568432,86488.8877725474,0.0083195735,0.29316655,0.6043854,141
2026-08-22,Saturday,linea b,morelos,4530.125587146957,3533.177873098475,5586.620160690332,0.008317659,0.29309908,0.60424626,88
2026-08-12,Wednesday,linea 9,jamaica,10421.973525001797,7588.766593536183,13136.99743466811,0.00916075,0.32280806,0.6039152,122
2026-08-27,Thursday,linea 7,camarones,15081.113962936783,12464.10691126912,17758.297628050663,0.007925507,0.27928036,0.6038092,165
2026-08-30,Sunday,linea 3,deportivo 18 de marzo,15897.367248098288,10376.032159900838,21530.274243160922,0.009856337,0.34731928,0.6034323,143
2026-08-21,Friday,linea 3,centro médico,18245.22959029911,15426.372147456603,21352.414459499807,0.0074744234,0.263385,0.6033774,99
2026-08-20,Thursday,linea 1,observatorio,37085.34320147758,28157.04161282445,45548.93046738539,0.007916821,0.2789743,0.60314745,109
2026-08-24,Monday,linea 7,san antonio,11637.965347294084,9331.507456729913,14094.423291718087,0.0093683265,0.3301227,0.6030272,88
2026-08-19,Wednesday,linea b,nezahualcóyotl,22861.914819024532,18278.299458189274,27483.837828436757,0.009145743,0.32227927,0.60292596,120
2026-08-05,Wednesday,linea 5,hangares,5126.665115954761,3869.140181356839,6473.529025000589,0.009145648,0.3222759,0.6029197,128
2026-08-24,Monday,linea 2,tacuba,31584.554915128105,26279.093940435865,36805.540246498276,0.009365167,0.33001134,0.6028238,89
2026-08-06,Thursday,linea 5,autobuses del norte,16742.528695258618,12027.312477306032,21683.551044508302,0.007909944,0.27873197,0.6026235,87
2026-08-29,Saturday,linea 2,tasqueña,45745.6383554105,32774.91165975757,58886.36549572339,0.008294653,0.29228842,0.602575,155
2026-08-07,Friday,linea 3,tlatelolco,15771.771573003933,12241.806601041319,19240.77332987407,0.0074636843,0.2630066,0.6025105,93
2026-08-12,Wednesday,linea 2,ermita,12896.842124317214,9308.245591996234,16256.350108070073,0.009136475,0.32195267,0.6023149,123
2026-08-21,Friday,linea 12,parque de los venados,11396.055137250332,9543.728182110126,13200.260933506916,0.0074602584,0.26288587,0.60223395,100
2026-08-18,Tuesday,linea 3,tlatelolco,16039.953242494408,12201.619427775706,19554.83850248836,0.00983577,0.34659457,0.6022305,112
2026-08-28,Friday,linea 5,misterios,7908.330673341539,6481.419485121316,9284.732455734165,0.0074569616,0.2627697,0.6019678,167
2026-08-22,Saturday,linea 2,xola,16093.975706543584,11757.092383433492,20497.20699235222,0.008281019,0.29180795,0.6015845,89
2026-08-05,Wednesday,linea 3,niños héroes,19343.776855154516,13767.613602696523,24750.505792998516,0.009119198,0.32134384,0.60117596,129
2026-08-09,Sunday,linea 8,cerro de la estrella,4914.822654844433,3075.726577749738,6884.754569748188,0.009818357,0.34598097,0.6011071,91
2026-08-13,Thursday,linea 2,hidalgo,19225.55150422468,11878.271457558723,26698.065633533064,0.007889144,0.277999,0.6010389,144
2026-08-22,Saturday,linea 3,coyoacán,19582.823552875525,14443.904042185875,24482.583333669136,0.008268325,0.29136065,0.60066235,90
2026-08-11,Tuesday,linea 1,balderas,18863.50329717053,13244.116243076907,25090.22825931036,0.009806061,0.34554768,0.6004115,151
2026-08-23,Sunday,linea a,agrícola oriental,6817.647724941682,4543.136301990344,9260.569760399494,0.009801775,0.34539664,0.6000919,77
2026-08-22,Saturday,linea 3,miguel ángel de quevedo,27714.016703048637,21031.35555450123,34156.044903540394,0.008259723,0.29105753,0.60003746,91
2026-08-22,Saturday,linea b,san lázaro,15504.19676994079,11694.364397956178,19527.364625919123,0.008258188,0.29100344,0.599926,92
2026-08-11,Tuesday,linea 12,tlaltenco,5145.613143632363,4370.878038098996,5891.827776566357,0.009795437,0.34517327,0.59976095,152
2026-08-09,Sunday,linea 5,la raza,3661.7784575120195,1361.9741938277114,6024.02527490971,0.009786912,0.3448729,0.59918195,92
2026-08-19,Wednesday,linea a,la paz,48106.67895786176,39755.625315356694,57472.320547331015,0.009088867,0.32027507,0.59917647,121
2026-08-21,Friday,linea 2,general anaya,19131.93448200493,14095.512499915369,24217.778844358178,0.0074190586,0.26143405,0.59890807,101
2026-08-22,Saturday,linea b,ecatepec,18307.836574117882,13283.452015820698,23377.18270522126,0.008242921,0.29046547,0.5988169,93
2026-08-06,Thursday,linea 12,calle 11,12923.058715510006,11027.324077900157,14887.806714272532,0.007859789,0.27696458,0.5988024,88
2026-08-06,Thursday,linea 3,hospital general,18994.598100795094,14948.27439634475,22909.167025773946,0.00785796,0.27690014,0.59866303,89
2026-08-23,Sunday,linea 8,santa anita,2081.9384792192914,1242.05627135046,2962.5218557596268,0.009778256,0.34456784,0.59865195,78
2026-08-18,Tuesday,linea 6,uam-azcapotzalco,7631.335977838162,6356.53718739833,9025.097857550012,0.009776432,0.34450358,0.5985973,113
2026-08-04,Tuesday,linea 2,ermita,12128.90422744107,8946.718620096684,15925.913923795759,0.00977382,0.34441152,0.59843737,109
2026-08-17,Monday,linea 1,balderas,18643.728750384467,12309.170683723063,24860.995371464727,0.009293184,0.3274748,0.59819037,132
2026-08-18,Tuesday,linea 3,juárez,14058.413256101494,9604.416484885327,18130.69694947022,0.009765405,0.34411502,0.59792215,114
2026-08-06,Thursday,linea 2,popotla,6868.189435106029,4243.5360079779675,9464.281395787631,0.007844996,0.2764433,0.5976754,90
2026-08-18,Tuesday,linea 3,etiopía/plaza de la transparencia,25051.646672155006,20174.107587074704,29756.59159455629,0.009756874,0.3438144,0.59739983,115
2026-08-02,Sunday,linea 7,auditorio,8656.017882603956,1327.8125985278782,16315.133729833884,0.009757201,0.34382594,0.59736294,154
2026-08-01,Saturday,linea 7,polanco,26057.16847589783,17470.17967008967,34668.07529322171,0.00822098,0.2896923,0.5972229,154
2026-08-23,Sunday,linea 3,hospital general,6998.71809537186,3100.6430122606257,10957.418478517651,0.0097535765,0.3436982,0.597141,79
2026-08-14,Friday,linea 4,candelaria,9575.381676061086,6277.134103228498,12721.083654688737,0.007396258,0.2606306,0.5970675,144
2026-08-09,Sunday,linea 9,jamaica,7812.652349981968,5181.16589063603,10400.68668672825,0.00974725,0.34347525,0.5967537,93
2026-08-21,Friday,linea 2,xola,20108.994511311346,16004.93403827342,24492.34108264721,0.0073913937,0.26045918,0.5966748,102
2026-08-06,Thursday,linea 2,bellas artes,16860.481387253407,8187.211607098293,25565.478381121568,0.0078286715,0.27586806,0.59643173,91
2026-08-11,Tuesday,linea 8,doctores,11199.344770863572,8534.516839548824,13964.558715935642,0.009738983,0.34318393,0.59630436,153
2026-08-14,Friday,linea 8,constitución de 1917,103122.58191773357,83226.73536780791,121496.91061940376,0.0073846136,0.2602203,0.59612745,145
2026-08-19,Wednesday,linea a,guelatao,23168.19071651545,18034.985559571716,28121.76123077763,0.009042023,0.31862435,0.59608823,122
2026-08-18,Tuesday,linea 4,martín carrera,23698.411098001772,19153.09282223754,28070.730977710173,0.009730171,0.34287345,0.5957648,116
2026-08-07,Friday,linea 5,autobuses del norte,18718.050403816833,13728.049066914342,23609.142349413174,0.007378485,0.2600043,0.59563273,94
2026-08-16,Sunday,linea 8,santa anita,1927.4504697117325,1092.5372481071229,2828.2815098076912,0.009727998,0.34279686,0.59557503,116
2026-08-21,Friday,linea 6,norte 45,6205.370248648393,4818.85574257673,7587.413227005262,0.0073775216,0.25997037,0.59555495,103
2026-08-04,Tuesday,linea 5,hangares,5069.68358813662,3895.9975143597944,6326.550801089722,0.009723506,0.34263858,0.5953567,110
2026-08-18,Tuesday,linea 8,doctores,11605.767852920742,8833.953011063231,14098.891909304177,0.009722493,0.34260285,0.59529465,117
2026-08-26,Wednesday,linea 4,jamaica,6616.124000586393,5282.015840554501,7979.894918544554,0.009029197,0.31817237,0.5952427,160
2026-08-15,Saturday,linea 3,etiopía/plaza de la transparencia,17522.778329906752,12544.041762339131,22655.432893771187,0.008193167,0.28871223,0.59520245,142
2026-08-22,Saturday,linea b,río de los remedios,12814.31096705044,9286.202675262743,16397.3181436181,0.00819083,0.2886299,0.5950327,94
2026-08-24,Monday,linea 8,aculco,8609.293480079263,7052.254240719054,10065.792465097436,0.0092432685,0.32571587,0.5949774,90
2026-08-30,Sunday,linea 7,el rosario,13611.711950803614,7530.773615248086,19706.21440571184,0.009715971,0.34237304,0.5948387,144
2026-08-10,Monday,linea 2,hidalgo,18534.16504719158,11587.225111446463,26261.452509129802,0.009240702,0.32562542,0.59481215,144
2026-08-26,Wednesday,linea 9,tacubaya,48415.271300211854,36825.43656446094,60028.824867919786,0.009021132,0.3178882,0.59471107,161
2026-08-08,Saturday,linea 12,zapata,10859.36054792379,9287.677589916482,12476.157667867812,0.008186233,0.28846788,0.5946987,90
2026-08-30,Sunday,linea 3,etiopía/plaza de la transparencia,11650.659370868987,6752.7537036113235,16438.723467489774,0.009712667,0.34225664,0.59463644,145
2026-08-28,Friday,linea 2,panteones,11509.193376911233,9669.385557952208,13495.815644664715,0.007365292,0.25953943,0.5945677,168
2026-08-12,Wednesday,linea 8,doctores,11327.386966758064,8778.804801388314,14027.337082300175,0.009017663,0.31776595,0.59448236,124
2026-08-16,Sunday,linea 7,tacubaya,3330.139357331766,1920.9893754016036,4693.516888320078,0.009709682,0.34215146,0.5944537,117
2026-08-29,Saturday,linea 5,eduardo molina,5340.712742344751,4028.0509378210627,6548.5596219883955,0.0081822155,0.28832632,0.59440684,156
2026-08-22,Saturday,linea 2,tacuba,28083.53028762847,22650.360695574742,33803.34851830927,0.008177477,0.28815934,0.5940626,95
2026-08-18,Tuesday,linea 7,camarones,14718.426153205388,12095.409115910319,17294.75384227661,0.009700906,0.3418422,0.593973,118
2026-08-25,Tuesday,linea 3,miguel ángel de quevedo,34304.96332305691,27097.11391259477,41687.53123902991,0.009698937,0.3417728,0.5938524,144
2026-08-18,Tuesday,linea 8,salto del agua,16851.45012244973,12136.563837829475,21114.078971294923,0.009697568,0.34172454,0.59376854,119
2026-08-19,Wednesday,linea 6,vallejo,7876.187851953084,6239.353274271036,9414.873520494124,0.009006513,0.31737307,0.5937473,123
2026-08-20,Thursday,linea 9,lázaro cárdenas,13082.308254697416,10951.161915753375,15004.476948811143,0.0077930763,0.27461377,0.5937199,110
2026-08-08,Saturday,linea 8,salto del agua,15006.930646571636,10217.860136348821,19370.883046347677,0.008171284,0.2879411,0.5936127,91
2026-08-03,Monday,linea 9,chilpancingo,36742.40225697755,30346.78839939557,43363.2908748519,0.009208517,0.3244913,0.5927405,140
2026-08-06,Thursday,linea 2,cuitláhuac,13964.08366338627,10866.755194770225,16967.32825607752,0.0077789123,0.27411464,0.59264076,92
2026-08-06,Thursday,linea 6,vallejo,7560.650934646924,5914.0890823284235,9133.65110558077,0.0077779596,0.27408108,0.5925682,93
2026-08-05,Wednesday,linea 2,hidalgo,19742.458339432007,12210.388138248092,27134.846448308774,0.00898816,0.3167263,0.59253734,130
2026-08-22,Saturday,linea 2,revolución,23100.270003052807,16407.15756032413,29928.131571892034,0.008151305,0.28723708,0.5921613,96
2026-08-12,Wednesday,linea 8,coyuya,25937.168318779735,20943.288324870533,31284.51358084118,0.008978613,0.3163899,0.591908,125
2026-08-16,Sunday,linea 3,eugenia,5283.991417866072,2441.710730714029,8064.3159086609385,0.009665431,0.34059212,0.59174454,118
2026-08-14,Friday,linea 5,misterios,7429.811569082421,5992.959290886012,8879.902279204864,0.0073285033,0.25824305,0.5915979,146
2026-08-04,Tuesday,linea 7,camarones,13600.102364928905,11055.398798531442,16181.294799630665,0.00966153,0.34045467,0.59156203,111
2026-08-08,Saturday,linea 2,normal,13104.053411101684,4160.17298064403,22055.97330020026,0.008137322,0.28674436,0.5911455,92
2026-08-23,Sunday,linea a,canal de san juan,8897.695848135892,6523.6860577153275,11138.2510879692,0.009651885,0.3401148,0.5909152,80
2026-08-22,Saturday,linea 3,balderas,4269.999548117525,0.0,12221.444789684136,0.008132009,0.2865571,0.5907595,97
2026-08-19,Wednesday,linea 6,uam-azcapotzalco,7661.744475344754,6360.942067909494,8990.081068994368,0.0089565255,0.31561157,0.5904519,124
2026-08-08,Saturday,linea 8,constitución de 1917,77174.13583772432,59330.966678944176,96312.47516246772,0.008123149,0.28624493,0.5901159,93
2026-08-24,Monday,linea 2,xola,18881.237012872574,14465.96831159735,22945.579293229228,0.0091517735,0.32249177,0.58908796,91
2026-08-19,Wednesday,linea 9,patriotismo,18210.798523768994,14580.411632382556,21909.327226148005,0.008931144,0.31471717,0.5887787,125
2026-08-10,Monday,linea 9,chilpancingo,37381.234501370716,31054.284180817216,43996.19854733652,0.0091412505,0.32212096,0.5884106,145
2026-08-23,Sunday,linea 9,puebla,13011.859247712422,5697.1815099832575,20624.321321376796,0.009609361,0.3386163,0.5883118,81
2026-08-29,Saturday,linea 5,oceanía,6403.579334065922,4594.914914822536,8374.42382912404,0.008092842,0.28517696,0.5879142,157
2026-08-22,Saturday,linea 3,hospital general,10300.070564426595,6111.806646315839,14292.67445877036,0.008091606,0.2851334,0.5878244,98
2026-08-17,Monday,linea 7,barranca del muerto,39199.65070087317,30640.5217277443,47910.87681390784,0.009131892,0.32179117,0.5878082,133
2026-08-25,Tuesday,linea 4,jamaica,6438.858298053881,5035.688759185923,7741.3798062739515,0.009598458,0.3382321,0.58770025,145
2026-08-11,Tuesday,linea 8,iztacalco,13770.083772914504,9390.637715833393,17959.17212564795,0.0095934905,0.33805707,0.587396,154
2026-08-21,Friday,linea 8,doctores,11373.182907663506,8753.499024403096,13998.578415442547,0.007276363,0.25640574,0.5873889,104
2026-08-05,Wednesday,linea 2,ermita,12434.4631767815,9129.370832286673,16146.510425176872,0.008907203,0.31387353,0.58720034,131
2026-08-28,Friday,linea 9,velódromo,13418.571278057521,12.828906941924608,27259.656898427533,0.007270999,0.2562167,0.58695585,169
2026-08-20,Thursday,linea 3,indios verdes,89359.74553065086,74550.13707937022,104475.3765593951,0.007703728,0.2714653,0.5869128,111
2026-08-19,Wednesday,linea 3,viveros/derechos humanos,19084.461575976202,15771.41923544345,22509.951649710256,0.008902422,0.3137051,0.5868852,126
2026-08-13,Thursday,linea 12,eje central,12989.964651920915,11108.248281122585,14932.726285073324,0.0076962407,0.27120146,0.5863424,145
2026-08-01,Saturday,linea 3,deportivo 18 de marzo,18072.140021624684,12555.94480377076,23578.74449412932,0.00806661,0.2842526,0.58600855,155
2026-08-25,Tuesday,linea 4,canal del norte,6985.0024505045985,5453.777765001988,8491.233681500833,0.009564656,0.337041,0.58563054,146
2026-08-22,Saturday,linea 9,jamaica,11368.72703062202,8720.227210580324,13965.176759962189,0.008053542,0.2837921,0.5850592,99
2026-08-25,Tuesday,linea 3,indios verdes,89359.73118888955,74717.49491763658,103460.5203854621,0.009555193,0.3367075,0.5850511,147
2026-08-16,Sunday,linea 3,coyoacán,13698.465259091301,8364.410653362878,18898.241401949166,0.009556,0.33673596,0.58504486,119
2026-08-04,Tuesday,linea 8,iztacalco,13473.756714269464,9361.117932115725,17665.990441535534,0.009553613,0.33665186,0.58495444,112
2026-08-12,Wednesday,linea 3,indios verdes,87631.82952432512,73909.98531912081,102561.36738077996,0.0088716615,0.31262112,0.5848573,126
2026-08-18,Tuesday,linea 12,mixcoac,17811.24884035223,15060.096334861195,20574.267169476865,0.009545842,0.336378,0.5844786,120
2026-08-19,Wednesday,linea 3,miguel ángel de quevedo,34727.48428111319,27742.400836629862,41712.565231999084,0.008864277,0.3123609,0.5843705,127
2026-08-04,Tuesday,linea 3,niños héroes,18735.043132386407,13299.09915202962,23951.00734518706,0.009543872,0.3363086,0.58435804,113
2026-08-05,Wednesday,linea 1,sevilla,26600.390090296587,21255.809186616887,32001.609578801865,0.00885355,0.3119829,0.58366334,132
2026-08-22,Saturday,linea 3,eugenia,9805.706670539934,7100.07125707043,12398.106077357439,0.008031968,0.28303185,0.5834919,100
2026-08-24,Monday,linea 3,guerrero,7478.008757432486,6227.682247958684,8759.743332873582,0.009063783,0.31939113,0.58342415,92
2026-08-15,Saturday,linea 5,hangares,3828.7401208553397,2609.4192489324987,4965.394458578348,0.008030106,0.28296626,0.5833567,143
2026-08-18,Tuesday,linea 3,indios verdes,88419.80938482002,74228.53534440552,105136.88816260037,0.00952724,0.3357225,0.58333963,121
2026-08-30,Sunday,linea 3,eugenia,5327.020788432746,2750.1625365414848,8072.251356100993,0.00952801,0.33574966,0.5833312,146
2026-08-28,Friday,linea 5,la raza,9750.830917954825,7478.1646541217015,11978.29371137983,0.0072260695,0.2546335,0.5833289,170
2026-08-10,Monday,linea 4,bondojito,5468.969303665753,4540.706844362641,6350.522044283213,0.0090575665,0.31917208,0.583024,146
2026-08-08,Saturday,linea 5,aragón,5059.699984059573,3708.4500360934935,6439.588758276851,0.008025053,0.2827882,0.5829896,94
2026-08-29,Saturday,linea 7,el rosario,20643.83125176837,14587.744486137377,27204.063348392334,0.008023534,0.28273466,0.58287925,158
2026-08-20,Thursday,linea 3,tlatelolco,16117.804282679974,12739.536121818906,19582.482363714513,0.007650242,0.26958054,0.582838,112
2026-08-05,Wednesday,linea 8,uam-i,22911.412813291965,18329.146649560247,27658.525244219854,0.008840291,0.3115157,0.58278924,133
2026-08-12,Wednesday,linea 8,santa anita,4011.191651782361,3118.7142746736104,4893.232638668407,0.0088377725,0.31142694,0.5826232,127
2026-08-07,Friday,linea 9,jamaica,11396.003356629955,8796.263558983417,14179.330928292833,0.0072080167,0.25399733,0.58187157,95
2026-08-19,Wednesday,linea 5,aragón,6960.803365109266,5600.714289836308,8326.748480752576,0.00882563,0.31099907,0.5818227,128
2026-08-24,Monday,linea 6,tezozómoc,5555.202361043091,4563.663173714271,6552.468140943168,0.009035488,0.31839406,0.5816028,93
2026-08-18,Tuesday,linea b,morelos,4453.405987489162,3428.1340912386186,5502.891363159609,0.009495279,0.33459628,0.5813827,122
2026-08-12,Wednesday,linea 5,misterios,7234.929838204979,5864.529073957861,8571.38552828906,0.00881822,0.31073797,0.58133423,128
2026-08-17,Monday,linea 3,balderas,9043.449789355762,1167.9490313237375,16636.842047481172,0.009031006,0.31823614,0.5813143,134
2026-08-03,Monday,linea 3,balderas,9332.89233190443,1490.4606099848106,17482.71220541821,0.009026274,0.3180694,0.58100975,141
2026-08-30,Sunday,linea 5,misterios,3985.9125134104283,2587.94558424378,5344.378740392617,0.009489553,0.33439448,0.5809768,147
2026-08-23,Sunday,linea 5,instituto del petróleo,2026.7188341228075,632.2704363150101,3342.153995105922,0.009488975,0.33437413,0.5809414,82
2026-08-18,Tuesday,linea 2,xola,19529.185354953854,15403.54828880605,24157.68223674743,0.009483209,0.33417094,0.58064365,123
2026-08-07,Friday,linea 6,vallejo,7529.7228219345225,5830.593060164733,9053.995500713901,0.007192487,0.2534501,0.5806179,96
2026-08-08,Saturday,linea 2,xola,14854.719862624966,10347.047127535077,18965.90097333023,0.007988346,0.2814947,0.5803229,95
2026-08-19,Wednesday,linea 5,instituto del petróleo,6151.14015368957,4938.476174409809,7373.73685513384,0.008800629,0.31011805,0.5801745,129
2026-08-04,Tuesday,linea b,lagunilla,12490.042913052872,7601.078177552144,17879.311242616215,0.009475455,0.3338977,0.5801689,114
2026-08-07,Friday,linea 6,lindavista,13118.493271587013,7995.252526609833,17681.40310849508,0.0071841255,0.25315544,0.57994294,97
2026-08-21,Friday,linea b,oceanía,8161.081895753698,6437.988128150436,9977.403650928814,0.0071834563,0.25313187,0.57988894,105
2026-08-22,Saturday,linea 6,norte 45,3937.5984236764407,2599.8980133137725,5304.007307662801,0.00798151,0.2812538,0.57982635,101
2026-08-23,Sunday,linea 8,doctores,3738.257205831421,1069.0697250306978,6117.79797495921,0.009469947,0.3337036,0.57977647,83
2026-08-25,Tuesday,linea 3,juárez,13698.171596756307,9480.948133597654,17989.128814078194,0.009466892,0.33359596,0.5796446,148
2026-08-06,Thursday,linea 4,canal del norte,5656.078268403257,3980.678983982215,7252.690539798739,0.0076072584,0.26806587,0.57956326,94
2026-08-07,Friday,linea 8,iztacalco,13792.71043261011,9553.964206233111,17803.68915059375,0.007173417,0.2527781,0.5790785,98
2026-08-06,Thursday,linea 12,lomas estrella,9778.421254694258,8531.960678151388,10985.517334635693,0.007600742,0.26783624,0.57906675,95
2026-08-07,Friday,linea 9,lázaro cárdenas,12542.136174242105,10501.633726272794,14717.344751567629,0.00716994,0.25265557,0.5787978,99
2026-08-20,Thursday,linea 3,miguel ángel de quevedo,34663.02201387247,28123.602296296365,41604.924743990654,0.007583042,0.26721254,0.5777183,113
2026-08-10,Monday,linea b,buenavista,50208.67654801369,39559.09299336973,60263.35803972128,0.008967409,0.3159951,0.5772207,147
2026-08-24,Monday,linea a,tepalcates,28017.278167379638,21673.59733240203,34032.886188757366,0.008967104,0.31598437,0.57720107,94
2026-08-05,Wednesday,linea 8,constitución de 1917,98359.44319790768,78715.95669736883,117232.95467898814,0.008748217,0.30827114,0.5767193,134
2026-08-15,Saturday,linea b,villa de aragón,7109.529201189925,2861.053394065002,11159.507170919429,0.007937968,0.27971947,0.5766632,144
2026-08-25,Tuesday,linea 2,bellas artes,14087.090666124348,4860.188694010198,22149.599450088677,0.009416075,0.3318053,0.5765332,149
2026-08-06,Thursday,linea 2,xola,18413.869686313472,13970.54123531437,22683.39730235394,0.0075647444,0.26656777,0.5763243,96
2026-08-18,Tuesday,linea 8,obrera,11298.280545443271,9136.899489880665,13158.953005819345,0.009412309,0.33167255,0.5763026,124
2026-08-25,Tuesday,linea 5,politécnico,28964.430295452177,19713.358392311966,38016.37518185701,0.009411594,0.33164737,0.5762588,150
2026-08-11,Tuesday,linea b,múzquiz,24226.104308395796,19202.912829182802,29185.740148317273,0.0094107045,0.331616,0.5762043,155
2026-08-27,Thursday,linea 7,el rosario,29140.191000807845,22532.95358545808,35568.637951768214,0.007561419,0.26645058,0.57607096,166
2026-08-22,Saturday,linea 5,valle gómez,3549.3000053981577,2796.5764164714615,4281.993231061407,0.007929002,0.27940354,0.57601184,102
2026-08-11,Tuesday,linea b,ciudad azteca,44921.8615720703,37105.83612747145,53135.72710888632,0.009404817,0.33140853,0.5758438,156
2026-08-06,Thursday,linea 3,división del norte,14401.372248895854,11196.554504499542,17421.979688460742,0.007557009,0.26629516,0.575735,97
2026-08-30,Sunday,linea 5,pantitlán,23951.903932975776,13713.149768035533,33717.19181589919,0.009403168,0.33135045,0.57568806,148
2026-08-03,Monday,linea 8,obrera,10506.020424792496,8416.561981379393,12557.229052474026,0.0089391675,0.3149999,0.5754028,142
2026-08-08,Saturday,linea 3,división del norte,9437.733357832332,6276.220798818862,12374.388544754125,0.007915207,0.27891743,0.5750097,96
2026-08-08,Saturday,linea 7,tacubaya,4539.830641610555,3194.2050534045306,5861.837629763,0.007909147,0.27870387,0.57456946,97
2026-08-05,Wednesday,linea 9,tacubaya,44946.26331857258,33437.33272907648,57136.95053129907,0.008714469,0.30708197,0.57449454,135
2026-08-14,Friday,linea 9,patriotismo,17690.568344277923,13809.743905353323,21517.87850381062,0.0071163424,0.2507669,0.5744711,147
2026-08-03,Monday,linea 9,ciudad deportiva,5833.416382827538,0.0,12292.64730069579,0.008917256,0.3142278,0.57399243,143
2026-08-24,Monday,linea 6,norte 45,5751.476825133504,4421.37312251674,7043.328115422981,0.008914791,0.31414095,0.5738337,95
2026-08-12,Wednesday,linea 5,instituto del petróleo,5930.083232234464,4673.804819599582,7219.492770486321,0.008702001,0.3066426,0.57367253,129
2026-08-26,Wednesday,linea 6,el rosario,15604.306947833094,12030.048698184055,19373.135108909722,0.008700072,0.3065746,0.5735454,162
2026-08-24,Monday,linea b,río de los remedios,15773.612072629598,12133.230529201317,19521.46450370106,0.008905334,0.3138077,0.573225,96
2026-08-27,Thursday,linea 4,fray servando,8217.042824253,5661.720169868673,10691.035642447672,0.007522213,0.26506904,0.573084,167
2026-08-09,Sunday,linea 9,centro médico,7378.744715538249,5024.999760563599,9864.197640742837,0.009359347,0.32980627,0.5730052,94
2026-08-20,Thursday,linea 4,canal del norte,6685.2987408131885,5057.594526683556,8240.683163007108,0.0075147585,0.26480636,0.5725161,114
2026-08-21,Friday,linea 6,martín carrera,24001.711718242623,18590.46385454642,29203.895858183845,0.0070912195,0.24988161,0.57244307,106
2026-08-14,Friday,linea 3,indios verdes,90621.07652231335,74365.60065849355,106637.75173622122,0.0070893494,0.24981572,0.5722921,148
2026-08-16,Sunday,linea 6,lindavista,4988.026765404225,73.02530847162596,9777.97530746117,0.009346644,0.32935867,0.57222754,120
2026-08-21,Friday,linea 8,atlalilco,14460.589014377772,11905.381291164755,17168.637293140175,0.0070881713,0.24977419,0.572197,107
2026-08-15,Saturday,linea 5,oceanía,5916.753673265759,4216.764014458812,7941.047964635647,0.007874028,0.27746633,0.5720182,145
2026-08-10,Monday,linea b,tepito,17316.39865082046,12466.422897124405,22472.47077264317,0.008885142,0.31309617,0.5719253,148
2026-08-30,Sunday,linea 5,politécnico,13331.093518935324,4489.059755762402,22343.3020813719,0.009331918,0.32883975,0.57132596,149
2026-08-25,Tuesday,linea 7,tacubaya,6310.57151828244,5023.026307069171,7703.87543860722,0.009327665,0.32868984,0.5711199,151
2026-08-01,Saturday,linea 2,colegio militar,4362.507903241145,0.0,9227.927993546944,0.007860621,0.27699393,0.57104427,156
2026-08-17,Monday,linea 6,ferrería/arena ciudad de méxico,19387.57871044238,13140.20679200317,25606.767565856782,0.008865722,0.31241184,0.57067525,135
2026-08-05,Wednesday,linea 1,zaragoza,27786.055966410182,22568.95207584583,32406.511176580258,0.0086518675,0.304876,0.5703676,136
2026-08-24,Monday,linea b,tepito,18112.046655458635,13491.113627259649,22880.799776236858,0.0088578565,0.31213465,0.5701689,97
2026-08-25,Tuesday,linea 12,san andrés tomatlán,11829.532803113072,9659.739507516968,14057.4261862161,0.0093110865,0.32810566,0.57010484,152
2026-08-23,Sunday,linea 6,norte 45,1140.194074853894,0.0,2519.5459624448936,0.0093074,0.32797578,0.5698249,84
2026-08-23,Sunday,linea 9,centro médico,8276.71984225392,5840.973686805472,10729.834104638676,0.009305026,0.32789212,0.56967956,85
2026-08-09,Sunday,linea 6,vallejo,2267.5967462660583,686.5708464445498,3857.9340229260156,0.009299389,0.32769346,0.5693344,95
2026-08-23,Sunday,linea b,romero rubio,11001.6193208842,8872.917217348217,13100.18157509496,0.009296495,0.32759148,0.5691572,86
2026-08-13,Thursday,linea 2,popotla,7371.7926669526105,4773.456861400349,9942.342895359212,0.0074638366,0.26301196,0.56863654,146
2026-08-17,Monday,linea 8,atlalilco,13378.527659999401,10458.66469599745,16253.40392126747,0.008833743,0.31128493,0.56861675,136
2026-08-16,Sunday,linea b,morelos,3043.4754234620395,1984.1479096613764,4037.4151599755423,0.009285991,0.32722133,0.56851417,121
2026-08-29,Saturday,linea b,villa de aragón,10516.486501542155,6481.192591531075,14788.915851264463,0.007822999,0.27566817,0.5683111,159
2026-08-28,Friday,linea 12,atlalilco,11813.653090286294,6952.589975786727,16282.893926613546,0.007039349,0.24805379,0.5682558,171
2026-08-01,Saturday,linea b,garibaldi/lagunilla,7651.222543285476,5819.84455522332,9553.472407124063,0.007814728,0.2753767,0.5677103,157
2026-08-15,Saturday,linea 2,hidalgo,17550.853103985133,10147.540724578908,25381.7866581737,0.007812754,0.27530718,0.5675669,146
2026-08-25,Tuesday,linea b,impulsora,24792.557420851772,20578.53456839532,29442.893776795194,0.009268863,0.32661778,0.56751955,153
2026-08-13,Thursday,linea b,oceanía,7999.042156795807,6142.199107800981,9926.079515679461,0.007448087,0.26245695,0.5674367,147
2026-08-27,Thursday,linea 12,san andrés tomatlán,11969.8493478061,9766.360527205721,14170.46830522752,0.007444087,0.26231602,0.56713194,168
2026-08-26,Wednesday,linea 4,fray servando,8159.814436523996,5662.143401306196,10599.906308974834,0.008597606,0.3029639,0.5667904,163
2026-08-21,Friday,linea 6,vallejo,7793.733334991108,6219.197759723521,9406.621322401423,0.0070115235,0.24707326,0.5660095,108
2026-08-20,Thursday,linea 6,vallejo,7835.402695322966,6198.903160912839,9366.04863260731,0.0074257087,0.26166838,0.56573176,115
2026-08-10,Monday,linea 2,cuatro caminos,97566.20417536113,83088.28339122071,112705.63276280768,0.008780038,0.30939248,0.56515986,149
2026-08-07,Friday,linea 3,la raza,29713.706553867316,24080.904359272172,35021.826790022234,0.0070007686,0.24669428,0.5651414,100
2026-08-27,Thursday,linea 2,popotla,9123.854761205266,6483.2819611271625,11608.039031646342,0.007416604,0.26134756,0.56503814,169
2026-08-24,Monday,linea 1,balderas,19351.81859385907,13463.6266343426,25424.92523506605,0.008774181,0.3091861,0.5647828,98
2026-08-08,Saturday,linea 7,aquiles serdán,9149.491738182707,6139.60938723973,12262.550141845784,0.0077743577,0.27395415,0.56477755,98
2026-08-26,Wednesday,linea 12,atlalilco,11750.250252572601,7215.6793695530305,16298.993340022396,0.008562256,0.30171824,0.56446,164
2026-08-11,Tuesday,linea 2,cuatro caminos,99347.41152974832,85228.49078509575,114211.39901865191,0.009208274,0.32448274,0.5638098,157
2026-08-19,Wednesday,linea 2,ermita,13420.979735244626,9967.051303324319,17002.40020846172,0.008544213,0.30108243,0.5632705,130
2026-08-11,Tuesday,linea 6,lindavista,14516.743587226047,9137.001784241009,19144.41036607595,0.009195418,0.3240297,0.5630226,158
2026-08-10,Monday,linea 5,misterios,6692.817944870158,5263.088291615774,8081.404570179729,0.008743876,0.3081182,0.5628321,150
2026-08-13,Thursday,linea 9,chilpancingo,39405.904764683226,33073.11845929457,45413.30522748332,0.007387476,0.26032114,0.562819,148
2026-08-24,Monday,linea 7,polanco,44292.19468079844,35839.43404718542,53014.338551729146,0.008743599,0.30810845,0.5628143,99
2026-08-06,Thursday,linea 12,mexicaltzingo,17068.063187349235,13894.015035173094,20251.78118169289,0.0073857494,0.2602603,0.56268746,98
2026-08-12,Wednesday,linea 5,hangares,5252.836623725675,3995.366462042389,6402.6234371618175,0.008535284,0.30076778,0.56268185,130
2026-08-21,Friday,linea 2,cuitláhuac,14372.335182098985,11364.467784536759,17416.731506671644,0.006968852,0.2455696,0.56256485,109
2026-08-10,Monday,linea 12,hospital 20 de noviembre,11538.263519074793,9915.897170463411,13161.62499752234,0.00873381,0.3077635,0.5621842,151
2026-08-07,Friday,linea 9,ciudad deportiva,8089.646714027715,2149.7808236131195,14224.076670944154,0.0069638183,0.24539222,0.5621585,101
2026-08-29,Saturday,linea 12,atlalilco,7050.830022774052,2561.4422274040608,11378.60160100601,0.0077345897,0.2725528,0.5618885,160
2026-08-28,Friday,linea 12,san andrés tomatlán,12010.135181349635,9930.226696482661,14250.205452215905,0.0069593424,0.2452345,0.5617972,172
2026-08-26,Wednesday,linea 7,el rosario,29002.35250068935,22462.537102665767,35521.245763096835,0.008515344,0.30006516,0.56136733,165
2026-08-07,Friday,linea 12,calle 11,13087.574413972212,11102.782824714017,15142.527766672001,0.006952955,0.24500942,0.56128156,102
2026-08-19,Wednesday,linea 7,tacubaya,6318.893327580938,4932.159533158129,7715.613290059735,0.008508616,0.29982808,0.5609238,131
2026-08-25,Tuesday,linea 3,viveros/derechos humanos,18765.7514025002,15509.409708044379,22093.797121602587,0.009160022,0.32278243,0.5608554,154
2026-08-23,Sunday,linea 6,lindavista,6709.205599181098,1843.6900705485966,11789.191257055267,0.009160248,0.32279038,0.5608158,87
2026-08-04,Tuesday,linea 6,norte 45,6375.020387156923,4982.084163407816,7801.70767611171,0.009159322,0.32275775,0.56081253,115
2026-08-09,Sunday,linea 8,coyuya,11270.699707425758,6067.291792365535,16564.755663159056,0.009159928,0.32277912,0.56079626,96
2026-08-21,Friday,linea 8,constitución de 1917,107191.47914627242,89284.0022005948,126372.41337689226,0.006946219,0.24477206,0.5607378,110
2026-08-19,Wednesday,linea 7,mixcoac,20414.69968986434,16206.401131220706,24774.98857317622,0.008503282,0.29964012,0.5605722,132
2026-08-12,Wednesday,linea 9,puebla,29470.98788298612,21414.44514938729,37364.65358706745,0.00850272,0.2996203,0.56053513,131
2026-08-09,Sunday,linea 3,tlatelolco,8987.171577754587,5392.674777803746,12212.777938772717,0.009141881,0.32214317,0.5596913,97
2026-08-27,Thursday,linea 2,tasqueña,53412.5801275347,39666.30856322905,66490.83565302475,0.0073455377,0.2588433,0.5596239,170
2026-08-20,Thursday,linea 8,santa anita,4181.507002461062,3327.820499360599,5038.415361204905,0.0073451516,0.2588297,0.5595945,116
2026-08-19,Wednesday,linea 1,balderas,20237.716484961464,14087.58200250952,26550.718477180988,0.008487446,0.29908207,0.55952823,133
2026-08-23,Sunday,linea b,nezahualcóyotl,13190.047948547392,8492.56907744553,17754.427209802798,0.009136488,0.32195312,0.55936116,88
2026-08-15,Saturday,linea b,río de los remedios,12349.958810570817,8490.689866655097,16193.343793097902,0.0076951445,0.2711628,0.55902296,147
2026-08-24,Monday,linea 12,insurgentes sur,38163.0283462112,31960.768188451046,43692.542050283206,0.008682369,0.30595082,0.558873,100
2026-08-06,Thursday,linea 12,hospital 20 de noviembre,11338.869975144244,9720.470041639079,13094.127970105172,0.0073356354,0.25849438,0.5588695,99
2026-08-23,Sunday,linea 2,cuitláhuac,5834.853500555447,2868.045079019883,8810.861312633186,0.009126142,0.32158855,0.55872774,89
2026-08-30,Sunday,linea 12,zapata,7937.6714866912225,6187.691905250947,9602.170643668002,0.009125469,0.32156485,0.55868655,150
2026-08-19,Wednesday,linea 7,refinería,10005.558294298511,6834.004579780046,13391.493143651449,0.008473112,0.29857698,0.55858326,134
2026-08-06,Thursday,linea 7,aquiles serdán,12938.722198253294,10050.875095679243,15705.502290559574,0.0073287985,0.25825346,0.5583486,100
2026-08-23,Sunday,linea b,ecatepec,12213.106137611483,7353.930190234747,17082.398673377145,0.009118763,0.32132852,0.558276,90
2026-08-20,Thursday,linea 6,uam-azcapotzalco,7658.088124321329,6329.211550044633,8878.92628692623,0.007327258,0.2581992,0.55823123,117
2026-08-19,Wednesday,linea 2,san cosme,18607.539954483527,14630.204567643532,22829.962675489358,0.008467726,0.2983872,0.5582282,135
2026-08-19,Wednesday,linea b,oceanía,8339.77377418153,6492.68089100976,10271.587631716056,0.008465052,0.29829293,0.5580519,136
2026-08-13,Thursday,linea 9,patriotismo,17784.141288214516,13922.440921717187,21561.21629519713,0.007318783,0.25790054,0.5575856,149
2026-08-19,Wednesday,linea 7,barranca del muerto,41941.305614626675,33182.62769799371,51056.38005948865,0.008456264,0.29798326,0.5574725,137
2026-08-20,Thursday,linea 1,balderas,20225.69064765414,14558.180820601552,26215.23172596239,0.0073170927,0.25784096,0.5574568,118
2026-08-06,Thursday,linea 7,polanco,43362.1375285368,35014.60956954092,51327.97133317987,0.007314783,0.25775957,0.55728084,101
2026-08-20,Thursday,linea b,oceanía,8327.72569450859,6670.70102377116,10178.521091770257,0.007311927,0.25765893,0.5570633,119
2026-08-12,Wednesday,linea b,oceanía,8009.239532539801,6350.235535926939,9970.088448752356,0.008449114,0.2977313,0.5570012,132
2026-08-16,Sunday,linea 2,tacuba,18043.341773220942,12474.128793442218,23231.66122241035,0.009096695,0.3205509,0.55692494,122
2026-08-10,Monday,linea 1,juanacatlán,6615.329334618006,4886.041110685292,8394.118082192941,0.008650036,0.30481145,0.5567917,152
2026-08-16,Sunday,linea 7,mixcoac,9461.107396824698,5077.223288935925,13659.43241148319,0.009092604,0.32040673,0.5566744,123
2026-08-28,Friday,linea 12,mixcoac,17500.13082914974,14830.30494003618,20501.31594479733,0.0068946052,0.24295329,0.55657125,173
2026-08-08,Saturday,linea b,nezahualcóyotl,15928.535414358535,11263.739304195944,20714.442648026135,0.007659272,0.26989874,0.556417,99
2026-08-12,Wednesday,linea a,tepalcates,26255.154840314295,19475.742425905664,32351.23014755245,0.00844025,0.29741895,0.5564168,133
2026-08-02,Sunday,linea 7,refinería,5225.0702453125705,1825.2764316097653,8735.27072687098,0.009084625,0.32012558,0.55618596,155
2026-08-07,Friday,linea 8,salto del agua,16372.769041407824,12061.3554099643,20657.828443301412,0.006889586,0.24277641,0.55616605,103
2026-08-20,Thursday,linea 7,barranca del muerto,41299.309923917375,32694.93860439723,50796.22890369374,0.0072921626,0.25696248,0.5555575,120
2026-08-23,Sunday,linea 1,balderas,8449.737835041904,2805.9108262101486,14202.979533179398,0.0090655945,0.31945497,0.55502087,91
2026-08-06,Thursday,linea 3,viveros/derechos humanos,18078.460767660632,14642.989630841346,21351.29239917309,0.007282694,0.2566288,0.5548361,102
2026-08-16,Sunday,linea 9,patriotismo,5852.804090405378,2411.920925326517,9607.288847834412,0.009061903,0.31932488,0.55479485,124
2026-08-20,Thursday,linea 7,tacubaya,6363.250934056027,4931.275614505655,7686.345663188715,0.0072797127,0.25652376,0.554609,121
2026-08-12,Wednesday,linea 8,obrera,11426.025423590663,9335.973531909744,13395.689621926855,0.008410889,0.29638433,0.5544812,134
2026-08-18,Tuesday,linea 7,mixcoac,20333.94743893921,15869.802205174556,24643.157933193954,0.009055144,0.31908673,0.5544339,125
2026-08-12,Wednesday,linea 6,norte 45,6468.169292944199,5019.09130103437,7845.499985460867,0.0084034,0.29612043,0.55398756,135
2026-08-04,Tuesday,linea 2,tasqueña,49663.15834063624,36127.942212948496,63718.176018422804,0.0090444535,0.31871,0.5537793,116
2026-08-24,Monday,linea 8,doctores,10984.783017478614,8429.624714751937,13353.512495420533,0.008603208,0.30316132,0.5537775,101
2026-08-04,Tuesday,linea 5,instituto del petróleo,5583.007349131272,4296.684566025433,6852.512407357215,0.009042497,0.31864104,0.5536595,117
2026-08-25,Tuesday,linea 7,mixcoac,20628.0614335813,16410.684737955282,24708.383308550154,0.009041262,0.31859753,0.55358386,155
2026-08-26,Wednesday,linea 2,cuatro caminos,105003.49921974198,90595.04811886452,119448.91847146885,0.008392231,0.29572687,0.5532512,166
2026-08-04,Tuesday,linea 8,bellas artes,15208.7839744038,9713.10989651018,20708.43106427923,0.009034762,0.3183685,0.5531859,118
2026-08-20,Thursday,linea 9,pantitlán,51158.539042606004,43350.285009143874,59027.320176085836,0.007258076,0.25576133,0.5529606,122
2026-08-09,Sunday,linea 3,centro médico,9166.026116024172,6371.593000239815,12177.702809663653,0.0090296315,0.3181877,0.55281913,98
2026-08-10,Monday,linea 2,bellas artes,15593.005920578104,7038.496491703477,24211.47620571967,0.008588278,0.3026352,0.55281645,153
2026-08-20,Thursday,linea 3,juárez,14502.228371947036,10298.206559923068,18521.716906689824,0.0072549162,0.25564998,0.55271983,123
2026-08-07,Friday,linea 8,escuadrón 201,19451.144016771483,15199.146193146467,23643.83029316899,0.0068464945,0.24125795,0.55268747,104
2026-08-29,Saturday,linea 7,san joaquín,20580.00174966158,13865.949979342644,27335.191130916526,0.0076072984,0.26806727,0.55264133,161
2026-08-06,Thursday,linea 2,ermita,12405.114518461298,9043.533747617385,15946.841644050703,0.0072528725,0.25557795,0.55256414,103
2026-08-03,Monday,linea 1,sevilla,24491.541555599622,19368.771480497275,30213.510443593314,0.008584324,0.3024959,0.552562,144
2026-08-20,Thursday,linea b,nezahualcóyotl,22809.0347470148,18348.08090501311,27613.008861058064,0.0072501544,0.2554822,0.5523571,124
2026-08-17,Monday,linea 9,chilpancingo,37875.36428838695,31519.320138743336,44280.68249388739,0.008580977,0.30237794,0.5523465,137
2026-08-14,Friday,linea 12,mexicaltzingo,16881.21318995016,13543.072033144088,20188.404101873024,0.006838976,0.24099301,0.5520805,149
2026-08-11,Tuesday,linea 12,ermita,9507.12039696302,7727.456522340362,11315.070348819698,0.009013288,0.31761178,0.55187106,159
2026-08-07,Friday,linea 3,miguel ángel de quevedo,34281.89519970211,27230.454482580346,40928.20990040049,0.0068350583,0.24085496,0.5517643,105
2026-08-26,Wednesday,linea 2,popotla,8943.784700568278,6227.940787114847,11591.577389513008,0.008361676,0.29465017,0.5512369,167
2026-08-28,Friday,linea 2,tasqueña,55312.43962459506,41679.939354963266,69489.89128334147,0.0068285223,0.24062464,0.5512367,174
2026-08-30,Sunday,linea 3,miguel ángel de quevedo,18785.212798752284,12338.013135225201,26205.016693865873,0.009003058,0.3172513,0.5511922,151
2026-08-24,Monday,linea 2,ermita,12696.276814159946,9290.638478140014,16410.037946100463,0.00856039,0.3016525,0.5510214,102
2026-08-13,Thursday,linea 5,hangares,5275.146675005534,4038.0974102231207,6508.935347571393,0.0072285123,0.25471956,0.55070823,150
2026-08-04,Tuesday,linea 1,sevilla,26358.602124306497,20909.78854119087,31917.173169550464,0.008993598,0.31691793,0.55066544,119
2026-08-21,Friday,linea 12,calle 11,13579.891380287934,11656.579923177778,15613.938434663305,0.006821163,0.24036531,0.5506426,111
2026-08-19,Wednesday,linea 4,jamaica,6375.170271446388,4971.259111878411,7721.778198775975,0.008352485,0.29432628,0.550631,138
2026-08-12,Wednesday,linea 1,balderas,19092.74366126373,13149.910741386617,24845.607289399057,0.008350548,0.29425806,0.5505033,136
2026-08-25,Tuesday,linea 3,deportivo 18 de marzo,28984.246794818395,22816.374268221927,34146.86461624724,0.008990096,0.31679454,0.55045104,156
2026-08-25,Tuesday,linea 1,tacubaya,19915.093603335277,14508.912958104202,25398.605962601523,0.008988066,0.316723,0.5503267,157
2026-08-22,Saturday,linea 3,viveros/derechos humanos,14940.336736268455,11815.03583719867,18181.639357810294,0.0075684967,0.2667,0.5498225,103
2026-08-06,Thursday,linea 9,tacubaya,44506.671992783355,32669.458062763937,55789.97745992477,0.007212803,0.25416598,0.54951143,104
2026-08-20,Thursday,linea 3,viveros/derechos humanos,19018.48969211863,15580.567299090719,22262.44228616119,0.0072071874,0.2539681,0.5490836,125
2026-08-19,Wednesday,linea 9,pantitlán,51107.09772339454,43283.62220235519,59321.29911597134,0.0083279265,0.2934609,0.549012,139
2026-08-07,Friday,linea 8,uam-i,23434.3124529492,19120.855337490462,28224.4733774994,0.0067942166,0.23941576,0.54846734,106
2026-08-22,Saturday,linea b,nezahualcóyotl,18999.065550580744,14120.04852299484,23366.540332612323,0.007549677,0.2660368,0.54845536,104
2026-08-23,Sunday,linea 3,guerrero,5361.075656181313,4161.70214985182,6532.607510450578,0.008951164,0.31542265,0.5480151,92
2026-08-23,Sunday,linea 3,la raza,17289.261115806163,11696.401633404683,22839.485577963373,0.008948,0.31531116,0.5478214,93
2026-08-20,Thursday,linea 9,velódromo,13195.895905037725,737.6916264694006,27207.197781857132,0.0071904203,0.25337726,0.5478062,126
2026-08-06,Thursday,linea 9,pantitlán,49330.814409228515,40887.75091292425,57249.7224623362,0.0071875923,0.2532776,0.54759073,105
2026-08-18,Tuesday,linea 12,calle 11,13305.683993860046,11532.291395142825,15174.740879610665,0.00894158,0.3150849,0.54748046,126
2026-08-20,Thursday,linea 7,mixcoac,20421.840277337804,15828.604733789838,24438.608304587564,0.0071845404,0.25317007,0.5473582,127
2026-08-07,Friday,linea 8,atlalilco,13702.720883915355,10857.632348824942,16133.432127386775,0.0067785704,0.23886442,0.54720426,107
2026-08-07,Friday,linea 3,viveros/derechos humanos,18535.320995430404,15210.463399510838,21911.940689536248,0.006776985,0.23880856,0.5470763,108
2026-08-08,Saturday,linea 6,uam-azcapotzalco,5581.976420118937,4262.522529541942,6956.496055012011,0.0075291367,0.265313,0.54696316,100
2026-08-23,Sunday,linea 7,tacubaya,3443.4081176884642,2012.4025779413773,4773.555054969475,0.008929295,0.31465206,0.5466763,94
2026-08-21,Friday,linea 4,canal del norte,6995.922043307483,5415.194271597958,8569.365840853698,0.006770857,0.23859262,0.5465816,112
2026-08-04,Tuesday,linea 8,constitución de 1917,97332.10725068259,78815.05285283942,115517.8642824485,0.008926305,0.31454667,0.5465452,120
2026-08-09,Sunday,linea 8,atlalilco,6719.341976765711,4267.429534666533,9283.94301589342,0.00892536,0.31451336,0.5464353,99
2026-08-08,Saturday,linea 9,ciudad deportiva,8795.113102394109,2998.0441638896145,15043.388551472424,0.007519035,0.26495704,0.5462293,101
2026-08-28,Friday,linea 7,constituyentes,13763.032502471327,9276.658163048745,18245.2638274831,0.006765216,0.23839384,0.54612625,175
2026-08-15,Saturday,linea 12,mexicaltzingo,10353.3734282447,7369.599159056763,13631.620269912091,0.0075160996,0.2648536,0.54601604,148
2026-08-21,Friday,linea a,la paz,48089.61363704854,39397.49919224266,56639.71345158601,0.006763646,0.23833852,0.54599947,113
2026-08-19,Wednesday,linea 12,eje central,13280.76090701546,11344.7985151568,15192.380356326308,0.008276904,0.29166296,0.5456484,140
2026-08-15,Saturday,linea 3,tlatelolco,13071.97005492005,9318.467331870082,17097.004659204944,0.007497601,0.26420176,0.5446722,149
2026-08-27,Thursday,linea 5,eduardo molina,6914.6144658718995,5684.356340012188,8171.62108828179,0.0071474807,0.25186417,0.5445348,171
2026-08-14,Friday,linea 5,hangares,5167.153884722122,3819.7521463628636,6414.691838374454,0.0067446926,0.23767063,0.5444695,150
2026-08-06,Thursday,linea 3,miguel ángel de quevedo,33300.27486580383,26147.268424481226,40499.86670508331,0.007141666,0.25165924,0.5440918,106
2026-08-21,Friday,linea b,múzquiz,26227.6372927101,21080.712401587723,31555.86883972503,0.0067361435,0.23736937,0.5437793,114
2026-08-06,Thursday,linea 8,salto del agua,15757.35810787313,11397.106355008662,20462.86770288094,0.0071361745,0.25146574,0.54367346,107
2026-08-20,Thursday,linea 7,san pedro de los pinos,13308.426960870995,10379.730911041319,16170.578008581186,0.007134502,0.2514068,0.543546,128
2026-08-23,Sunday,linea b,oceanía,3917.75761712481,2037.6687583044247,5637.815707464059,0.008877609,0.31283072,0.54351187,95
2026-08-18,Tuesday,linea 1,balderas,20063.93358688541,14468.897746795505,26091.211329951642,0.008868501,0.31250975,0.54300594,127
2026-08-04,Tuesday,linea 7,san antonio,11644.989069436007,9266.712476471897,13942.87733800292,0.008858489,0.31215695,0.5423929,121
2026-08-18,Tuesday,linea 5,instituto del petróleo,5995.621300000512,4718.006526066176,7271.368200087308,0.008852345,0.31194046,0.54201674,128
2026-08-29,Saturday,linea 2,panteones,9414.022444621232,7412.981303969178,11269.852157497839,0.0074593867,0.26285514,0.5418961,162
2026-08-08,Saturday,linea 9,lázaro cárdenas,10543.667903031204,8551.786245059828,12640.20070726001,0.0074586556,0.2628294,0.541843,102
2026-08-20,Thursday,linea 4,jamaica,6381.600164016548,4913.445232858404,7713.031309460398,0.00710847,0.25048947,0.54156274,129
2026-08-12,Wednesday,linea 2,popotla,7179.414685794592,4580.99742149199,9883.091562797472,0.008214556,0.28946593,0.5415381,137
2026-08-07,Friday,linea 3,etiopía/plaza de la transparencia,24104.990937686136,19360.956783764825,28538.533888415703,0.0067055114,0.23628996,0.54130656,109
2026-08-09,Sunday,linea 2,tasqueña,25281.700854801402,11506.63282025597,38157.96855536859,0.008838938,0.311468,0.5411443,100
2026-08-14,Friday,linea 12,mixcoac,16871.918853974865,13815.092828250663,19782.292675244284,0.006703304,0.23621218,0.54112834,151
2026-08-07,Friday,linea 7,mixcoac,19551.182231181177,15430.993724709522,23847.208385870843,0.0066969222,0.23598729,0.5406132,110
2026-08-15,Saturday,linea b,oceanía,6106.384403219072,4133.803650805143,7929.355560541576,0.0074405544,0.26219153,0.540528,150
2026-08-29,Saturday,linea 3,niños héroes,11003.519137235642,5430.4908816764355,16495.28971065719,0.0074380124,0.26210195,0.54034334,163
2026-08-29,Saturday,linea 5,la raza,7059.682337577641,4763.860752527923,9320.040057009788,0.007435499,0.2620134,0.5401608,164
2026-08-24,Monday,linea 5,politécnico,27153.45415620209,18589.29044567235,35818.64476151004,0.008391199,0.2956905,0.54013073,103
2026-08-24,Monday,linea 12,calle 11,13283.041932614293,11414.292542805895,15289.82744828001,0.008390806,0.29567665,0.54010546,104
2026-08-10,Monday,linea 7,refinería,8723.920240130572,5150.157548734976,12165.39761689277,0.008390524,0.29566672,0.54008734,154
2026-08-16,Sunday,linea 7,refinería,5415.287050543517,2074.9032987135515,8774.15996167306,0.008821318,0.3108471,0.5400656,125
2026-08-24,Monday,linea 12,parque de los venados,11420.401830048211,9609.444172601045,13062.867208913503,0.00838305,0.29540333,0.5396062,105
2026-08-01,Saturday,linea 12,mexicaltzingo,10606.531214589497,7443.015367855482,13837.8272239955,0.0074277716,0.2617411,0.53959936,158
2026-08-24,Monday,linea 6,vallejo,7133.330692269702,5591.53488724351,8699.059047044333,0.00838205,0.29536813,0.5395419,106
2026-08-20,Thursday,linea 2,cuitláhuac,14035.964251850437,11124.353767586796,17363.3168502162,0.0070783515,0.24942817,0.53926814,130
2026-08-13,Thursday,linea 2,bellas artes,15990.455265609971,7470.743461662937,24646.178564833026,0.007070333,0.24914561,0.5386573,151
2026-08-08,Saturday,linea b,oceanía,5806.130215798966,3955.142689804197,7659.995918730181,0.007414172,0.26126185,0.5386114,103
2026-08-29,Saturday,linea 1,tacubaya,20077.477922397007,14630.951774310763,25055.401873075498,0.0074107964,0.2611429,0.5383662,165
2026-08-09,Sunday,linea 7,tacubaya,3134.1951940967974,1727.3535591483185,4534.313228678121,0.008788819,0.30970192,0.5380759,101
2026-08-24,Monday,linea 8,obrera,10775.152766069119,8760.024742879605,12797.790253476229,0.008354519,0.29439795,0.5377697,107
2026-08-19,Wednesday,linea 9,chilpancingo,40087.58527259491,33823.48662395851,46270.7683093474,0.008153109,0.28730065,0.53748727,141
2026-08-20,Thursday,linea 7,camarones,14871.395066102024,12350.222558174222,17450.315728715726,0.0070539555,0.24856849,0.53740954,131
2026-08-09,Sunday,linea 5,instituto del petróleo,1628.5842685300995,353.99719784148056,3008.9436805302817,0.008776615,0.30927187,0.5373288,102
2026-08-22,Saturday,linea 8,obrera,9754.038901449592,7772.5081608987475,11770.691974119878,0.007392566,0.26050052,0.53704184,105
2026-08-06,Thursday,linea 8,uam-i,22600.273935688092,18154.05261984536,27100.700387460518,0.007045614,0.24827455,0.53677404,108
2026-08-06,Thursday,linea 8,iztacalco,14258.388008231801,9874.416853143342,18485.66582908844,0.007043466,0.24819887,0.53661036,109
2026-08-03,Monday,linea 7,refinería,8669.963104518376,5276.524380487309,12058.83966366027,0.008335771,0.29373732,0.5365629,145
2026-08-11,Tuesday,linea 1,tacubaya,20136.503361917206,14598.966328336384,25390.75848937041,0.008763131,0.3087967,0.5365543,160
2026-08-25,Tuesday,linea b,nezahualcóyotl,23067.55566383182,18498.304159205665,27790.061532767275,0.008761127,0.30872607,0.53643155,158
2026-08-12,Wednesday,linea 12,eje central,13020.617816053385,11080.476574001672,14994.745466451393,0.008136249,0.28670654,0.5363758,138
2026-08-18,Tuesday,linea 7,tacubaya,6237.821532165421,4796.959439415106,7497.58774084325,0.008759156,0.30865663,0.5363109,129
2026-08-18,Tuesday,linea 9,patriotismo,18154.695426619786,14353.000421738414,22029.554848141866,0.008755932,0.30854303,0.5361135,130
2026-08-22,Saturday,linea 1,balderas,16738.92244371937,11095.594361525784,22457.772579023338,0.0073797815,0.26005,0.5361131,106
2026-08-05,Wednesday,linea 12,hospital 20 de noviembre,11490.04543837289,9849.53014743705,13238.975292077736,0.008131025,0.28652248,0.5360315,137
2026-08-11,Tuesday,linea 2,bellas artes,15232.959479531357,6666.61511780259,24354.481143951387,0.008752717,0.30842972,0.5359166,161
2026-08-04,Tuesday,linea 8,salto del agua,15389.011834629768,10585.734344026494,19802.406153501444,0.008752687,0.30842867,0.53591484,122
2026-08-28,Friday,linea 2,colegio militar,14907.767888992996,10367.083054787514,19261.871300410647,0.006637779,0.2339032,0.5358388,176
2026-08-04,Tuesday,linea 12,insurgentes sur,38045.33685593403,32396.93807680385,43657.59153556416,0.008747513,0.30824637,0.53559804,123
2026-08-17,Monday,linea 12,mexicaltzingo,16321.347465696874,13105.217388766807,19694.242716906392,0.008319609,0.2931678,0.5355226,138
2026-08-29,Saturday,linea 6,ferrería/arena ciudad de méxico,13095.409707299234,6690.279085468079,19265.83260214118,0.007371504,0.25975832,0.53551173,166
2026-08-19,Wednesday,linea 6,ferrería/arena ciudad de méxico,21360.364162727612,15530.214001719309,27298.061662864013,0.008121981,0.28620377,0.53543526,142
2026-08-09,Sunday,linea 9,puebla,13085.124173434731,5453.469246976793,20379.252730645323,0.008744673,0.30814627,0.53537315,103
2026-08-04,Tuesday,linea 8,san juan de letrán,21577.033268370138,15770.705286578286,28003.527940438187,0.008739009,0.30794668,0.53507733,124
2026-08-07,Friday,linea b,nezahualcóyotl,19717.689647912932,15077.299806415807,24424.64804993538,0.006627713,0.23354848,0.5350262,111
2026-08-17,Monday,linea 4,bondojito,5619.693083063932,4702.710085597076,6514.846445532964,0.008308688,0.29278296,0.53481966,139
2026-08-06,Thursday,linea 2,tasqueña,49497.056973781444,36148.67574159845,62970.18101632212,0.0070165214,0.24724938,0.5345576,110
2026-08-27,Thursday,linea 2,colegio militar,15330.760289163645,10912.530962760973,19636.389891139323,0.0070146443,0.24718323,0.5344146,172
2026-08-18,Tuesday,linea 3,niños héroes,22749.278736029144,17512.115373129625,28263.190849229843,0.008725214,0.30746058,0.5342327,131
2026-08-03,Monday,linea b,nezahualcóyotl,17791.83238324003,12957.54132837344,22203.64695413267,0.008296144,0.29234096,0.5340122,146
2026-08-22,Saturday,linea b,villa de aragón,8808.260544073375,4318.021472333741,13408.03305662436,0.007350585,0.25902116,0.53399205,107
2026-08-24,Monday,linea b,morelos,4392.415253608828,3358.535511479448,5405.710601272293,0.008292908,0.2922269,0.5338039,108
2026-08-04,Tuesday,linea 9,tacubaya,43668.050381384484,31866.289991303776,55196.61777639315,0.008714469,0.30708197,0.5335748,125
2026-08-24,Monday,linea 8,la viga,6394.380059906638,5271.9014625693935,7524.852785007765,0.0082858205,0.29197717,0.53334767,109
2026-08-12,Wednesday,linea 7,san antonio,12110.81992130521,9866.939516764744,14536.187070191088,0.008085263,0.28490987,0.5330146,139
2026-08-21,Friday,linea a,tepalcates,29341.822076892175,23054.84038294036,35811.96041912844,0.006600581,0.2325924,0.53283596,115
2026-08-25,Tuesday,linea 2,normal,30321.84017392369,21807.719302161873,39570.03599664366,0.008699385,0.30655044,0.53265125,159
2026-08-12,Wednesday,linea 3,etiopía/plaza de la transparencia,24816.04677280077,19758.297149994563,29472.531275090005,0.0080790315,0.2846903,0.5326038,140
2026-08-08,Saturday,linea 3,hospital general,9706.423038939596,5754.377635997063,13750.298233192496,0.007330214,0.25830334,0.5325122,104
2026-08-07,Friday,linea 9,pantitlán,50779.26287099238,42641.875961270576,58656.29819543051,0.006591445,0.23227046,0.5320984,112
2026-08-06,Thursday,linea 3,juárez,13740.156795384664,9685.735171479171,17932.289128980512,0.006982636,0.24605533,0.53197604,111
2026-08-20,Thursday,linea 12,mexicaltzingo,16431.317834355395,13341.202842651568,19553.512648807293,0.0069825538,0.24605243,0.5319698,132
2026-08-09,Sunday,linea 3,la raza,15417.249972169133,10012.047979417224,20771.53723589681,0.008689053,0.30618635,0.531968,104
2026-08-11,Tuesday,linea 8,atlalilco,13373.554434120233,10695.942692443012,16121.38337167581,0.008688015,0.30614975,0.53195506,162
2026-08-24,Monday,linea b,oceanía,8054.059598118258,6378.2409161972755,9930.609836333526,0.008262278,0.29114756,0.5318323,110
2026-08-05,Wednesday,linea 3,copilco,35299.94161979472,22031.114795857822,48023.59770912232,0.008063727,0.284151,0.5315949,138
2026-08-08,Saturday,linea 6,vallejo,5385.359015175931,3815.134685103837,6970.30458406831,0.007315724,0.25779274,0.53145957,105
2026-08-15,Saturday,linea a,guelatao,17446.661173872682,12823.650795218124,22055.370946399253,0.007311826,0.25765538,0.5311764,151
2026-08-15,Saturday,linea 4,bondojito,5042.26467601401,4057.863243799576,5968.056864310097,0.0073108473,0.2576209,0.5311053,152
2026-08-24,Monday,linea b,deportivo oceanía,12391.768141747987,9083.612418667542,15733.236273910807,0.008248591,0.29066527,0.53095126,111
2026-08-22,Saturday,linea 2,san cosme,14388.016598173057,10404.64812156492,18578.587573262666,0.0073079616,0.25751922,0.53089565,108
2026-08-01,Saturday,linea 5,pantitlán,31523.067917850705,21516.859540808986,41213.52855360184,0.007303275,0.25735405,0.5305552,159
2026-08-03,Monday,linea b,garibaldi/lagunilla,5281.667015940586,3584.136235200825,7152.21939712131,0.008241202,0.2904049,0.5304756,147
2026-08-20,Thursday,linea 4,martín carrera,24055.991766485906,19488.3204060765,28755.303780257527,0.0069616525,0.24531591,0.5303774,133
2026-08-22,Saturday,linea 8,la viga,6470.744130772731,5259.956753679373,7637.725287201579,0.007300438,0.2572541,0.5303491,109
2026-08-20,Thursday,linea b,impulsora,24206.863821498213,19643.965312789802,28591.96934264067,0.0069608744,0.24528849,0.5303181,134
2026-08-02,Sunday,linea 2,cuatro caminos,55459.287165295675,39449.973539132545,69115.66377823612,0.00865888,0.30512312,0.5301207,156
2026-08-14,Friday,linea 7,barranca del muerto,39996.09899519563,30858.10942677518,49392.28011753646,0.006562788,0.23126064,0.5297851,152
2026-08-29,Saturday,linea 5,misterios,6156.219854940743,4772.875064281575,7506.67621038775,0.007287325,0.256792,0.5293964,167
2026-08-20,Thursday,linea 2,san cosme,18995.35598369094,14822.689801964745,23398.78090862681,0.0069474922,0.24481693,0.5292986,135
2026-08-17,Monday,linea 4,jamaica,5834.891238253704,4505.153320248314,7261.1870832614795,0.008221256,0.28970203,0.52919173,140
2026-08-06,Thursday,linea 5,instituto del petróleo,5631.306650913091,4398.893602891282,6870.823739361108,0.00694587,0.24475975,0.529175,112
2026-08-12,Wednesday,linea b,deportivo oceanía,10795.836915607693,7503.4000263371945,14040.141085460695,0.008023455,0.28273186,0.52893996,141
2026-08-14,Friday,linea 8,iztacalco,14381.531083574655,10088.062508469251,18635.329400026476,0.006551941,0.23087841,0.52890944,153
2026-08-04,Tuesday,linea 2,hidalgo,19248.882215283706,12349.163368709258,26747.57382190663,0.008634029,0.30424738,0.52864957,126
2026-08-03,Monday,linea 3,juárez,12048.018193782536,7652.149198269709,16343.302818598795,0.008212322,0.28938723,0.5286167,148
2026-08-25,Tuesday,linea 4,bondojito,5910.792073858261,5004.3422727530715,6845.106610881619,0.00863174,0.30416673,0.5285094,160
2026-08-19,Wednesday,linea 7,camarones,14847.70826974187,12437.421523475277,17550.438589808236,0.0080166375,0.28249165,0.52849054,143
2026-08-28,Friday,linea 5,hangares,5321.775386469344,4076.097373571565,6444.622837095405,0.006544462,0.23061487,0.5283057,177
2026-08-26,Wednesday,linea 4,candelaria,10022.83086709311,6509.893388635595,13027.21886512287,0.008012706,0.28235313,0.5282314,168
2026-08-06,Thursday,linea 1,moctezuma,18444.045361435965,15121.558144164033,21332.282789895904,0.0069311573,0.24424131,0.5280541,113
2026-08-25,Tuesday,linea 12,atlalilco,11671.084399531937,7480.165275861205,16096.34987515338,0.008621105,0.30379197,0.52785826,161
2026-08-21,Friday,linea 3,indios verdes,92142.30048628165,77388.64320049268,106772.35176039011,0.0065381406,0.23039211,0.52779543,116
2026-08-04,Tuesday,linea b,deportivo oceanía,10082.887967407738,6412.041545707959,13586.814851479303,0.008615137,0.30358168,0.5274928,127
2026-08-22,Saturday,linea 1,observatorio,36677.23088817272,28279.61399375368,45839.65815093124,0.007260815,0.25585783,0.5274706,110
2026-08-29,Saturday,linea 7,constituyentes,10790.760339936998,6094.740347018281,15525.188012007455,0.007258197,0.2557656,0.5272804,168
2026-08-21,Friday,linea 1,balderas,20150.893175342746,14084.260974297295,26210.10222600221,0.006527093,0.23000282,0.52690357,117
2026-08-08,Saturday,linea b,villa de aragón,5886.4337672798665,1523.554760285175,10204.337973670901,0.00725211,0.2555511,0.52683824,106
2026-08-22,Saturday,linea 6,lindavista,10061.444693242629,5025.962339339292,14878.285831940024,0.007251513,0.25553006,0.52679485,111
2026-08-19,Wednesday,linea 3,deportivo 18 de marzo,28233.475670261898,22658.367401542993,33413.39319002895,0.007990874,0.2815838,0.5267921,144
2026-08-25,Tuesday,linea 7,el rosario,28836.30119738511,22739.985466583013,35096.46844220973,0.008601756,0.30311015,0.5266735,162
2026-08-21,Friday,linea 3,etiopía/plaza de la transparencia,26078.403942503774,21298.45233217824,30924.62214372784,0.006522623,0.2298453,0.5265427,118
2026-08-24,Monday,linea 1,observatorio,50136.908592294894,41685.411422644254,58870.77786746291,0.008172911,0.28799844,0.52607983,112
2026-08-08,Saturday,linea 1,sevilla,18727.87768057305,13269.359327899108,24310.107311053383,0.007229368,0.25474972,0.5251861,107
2026-08-02,Sunday,linea 6,el rosario,4964.353761961373,1390.363843165651,8581.668684133,0.008574383,0.3021456,0.5249475,157
2026-08-24,Monday,linea 9,lázaro cárdenas,12318.31188142057,10301.733313321321,14420.355314024784,0.00815417,0.28733802,0.5248735,113
2026-08-03,Monday,linea 12,calle 11,12597.112579179755,10627.633542268313,14547.292447868473,0.008154065,0.28733435,0.52486676,149
2026-08-24,Monday,linea 3,viveros/derechos humanos,18032.963198541296,14876.052708686606,21171.58730080871,0.008151282,0.28723624,0.5246876,114
2026-08-17,Monday,linea 3,indios verdes,89420.76560018875,73738.95888159805,103423.13568596635,0.00814893,0.2871534,0.52453625,141
2026-08-03,Monday,linea 3,deportivo 18 de marzo,26406.97066660391,20867.04683005151,31787.43726109672,0.008148333,0.28713235,0.5244978,150
2026-08-16,Sunday,linea 8,atlalilco,7145.098789585079,4392.842889232239,9682.521078118554,0.008566378,0.3018635,0.5244574,126
2026-08-28,Friday,linea 12,eje central,13272.565633310327,11351.245774045447,15191.767064736792,0.006494125,0.22884108,0.5242422,178
2026-08-07,Friday,linea 2,ermita,12636.236134824365,9026.214659777612,16250.993278786385,0.006493091,0.22880466,0.5241588,113
2026-08-08,Saturday,linea 9,patriotismo,10002.947766429053,6358.830422310828,13905.879936565221,0.0072120517,0.2541395,0.5239281,108
2026-08-21,Friday,linea 3,viveros/derechos humanos,19437.94283806907,15877.459016308112,22516.59554340839,0.006487655,0.2286131,0.52371997,119
2026-08-20,Thursday,linea 3,etiopía/plaza de la transparencia,25667.698546089578,20625.4133885259,30687.03922957216,0.0068724067,0.24217105,0.52357817,136
2026-08-23,Sunday,linea 3,coyoacán,13903.720913153982,9231.037956644936,19140.47971570579,0.008540425,0.30094898,0.5228686,96
2026-08-17,Monday,linea 5,hangares,5035.5137209716295,3802.2444244345147,6187.359662389858,0.008122934,0.28623733,0.5228629,142
2026-08-06,Thursday,linea 3,indios verdes,85956.57427572046,70906.59808926863,100783.26855890393,0.0068620327,0.24180548,0.5227878,114
2026-08-29,Saturday,linea 12,calle 11,10146.579404238088,8051.18490102348,12081.84067333118,0.007194759,0.25353014,0.5226719,169
2026-08-15,Saturday,linea 12,lomas estrella,8306.862850124566,6985.113378374433,9536.891631680473,0.0071945377,0.25352234,0.5226558,153
2026-08-22,Saturday,linea 2,cuitláhuac,11142.148936659589,8114.263924099914,14121.744149770058,0.0071928003,0.25346112,0.5225296,112
2026-08-03,Monday,linea 12,lomas estrella,9475.348211218645,8217.732737786797,10719.890271102608,0.008115215,0.28596535,0.52236605,151
2026-08-05,Wednesday,linea 9,chilpancingo,39061.26598556047,32719.000449241405,45362.419616432846,0.007921545,0.27914074,0.5222216,139
2026-08-24,Monday,linea 7,tacubaya,6132.225363505257,4687.375588183519,7384.972054502666,0.008111608,0.28583825,0.5221339,115
2026-08-18,Tuesday,linea 12,eje central,13190.820002207172,11140.998490437414,15011.660225636104,0.008525113,0.30040938,0.52198076,132
2026-08-24,Monday,linea 4,candelaria,9460.024822131138,6239.985448949419,12563.052775762297,0.008103095,0.28553826,0.5215859,116
2026-08-09,Sunday,linea 8,uam-i,10128.442702874068,5615.544543496886,14690.577475275744,0.008519342,0.30020604,0.5215778,105
2026-08-22,Saturday,linea 9,patriotismo,11009.7791303277,7290.926685209793,14717.579035445397,0.0071764374,0.25288454,0.5213409,113
2026-08-18,Tuesday,linea 9,pantitlán,50263.62856793845,42362.9387279979,58419.39323644746,0.008507739,0.29979715,0.520917,133
2026-08-07,Friday,linea 5,instituto del petróleo,5522.838286512059,4260.673193327232,6800.02463839286,0.0064512133,0.22732896,0.5207782,114
2026-08-15,Saturday,linea 4,candelaria,9745.145828903733,6815.989538904662,12820.553905618111,0.0071679517,0.2525855,0.5207244,154
2026-08-05,Wednesday,linea 5,misterios,6970.146095359694,5600.234851500202,8354.172435886609,0.007892802,0.2781279,0.5203268,140
2026-08-29,Saturday,linea 2,popotla,6552.049676941069,4219.571436720537,9085.465282418429,0.007157257,0.25220865,0.51994747,170
2026-08-27,Thursday,linea 5,misterios,7812.404049096695,6363.464913549882,9079.161042331414,0.006824223,0.24047314,0.51990724,173
2026-08-14,Friday,linea 1,tacubaya,22114.463056180484,17021.064444631138,27322.346468987613,0.0064378767,0.226859,0.51970154,154
2026-08-16,Sunday,linea 9,chilpancingo,14117.89182413763,7891.306281668028,20299.734567650765,0.008482107,0.29889393,0.51929814,127
2026-08-03,Monday,linea b,oceanía,7252.473502912786,5525.069650219375,9217.856615570572,0.008061614,0.28407654,0.5189158,152
2026-08-22,Saturday,linea b,oceanía,6420.302554539799,4535.610746522336,8245.170364686162,0.0071406183,0.25162232,0.51873875,114
2026-08-18,Tuesday,linea 7,san antonio,12114.784503735327,9764.064238916535,14525.887674095095,0.008460687,0.29813913,0.51803607,134
2026-08-06,Thursday,linea 7,camarones,13749.185808105589,11431.206083315572,16306.301119051728,0.0067963274,0.23949015,0.51778203,115
2026-08-01,Saturday,linea 4,bondojito,4730.104701307448,3795.527831320299,5597.634498107069,0.007124848,0.25106663,0.51759315,160
2026-08-03,Monday,linea b,ciudad azteca,43202.04779790921,34540.459912382765,52042.66280261842,0.008039958,0.28331342,0.5175218,153
2026-08-20,Thursday,linea 8,constitución de 1917,105839.81809917979,87453.3010516198,123140.7187280713,0.00678664,0.23914878,0.51704395,137
2026-08-21,Friday,linea 2,san cosme,18902.785920083243,14417.51291266795,23174.256329774023,0.0064021586,0.22560036,0.5168182,120
2026-08-08,Saturday,linea 8,uam-i,17529.04241194955,13166.91846740257,22337.011518021747,0.0071140453,0.25068596,0.51680833,109
2026-08-21,Friday,linea 3,tlatelolco,16344.785503553658,12624.042748205717,20004.983819599234,0.006400451,0.22554019,0.51668036,121
2026-08-02,Sunday,linea b,garibaldi/lagunilla,7555.040628102262,5756.428299453563,9349.68180540951,0.008438382,0.29735315,0.5166212,158
2026-08-20,Thursday,linea 5,instituto del petróleo,6055.717885767117,4782.653368020765,7271.02029195405,0.006780921,0.23894726,0.51660824,138
2026-08-21,Friday,linea 7,tacubaya,6463.49782699345,5122.322050853375,7868.331539505444,0.006397771,0.22544576,0.516464,122
2026-08-17,Monday,linea 2,popotla,7267.67736097835,4466.014312031541,9681.445344107759,0.008015376,0.2824472,0.5159395,143
2026-08-13,Thursday,linea 12,ermita,9614.17015713781,7917.211376636024,11359.123128779449,0.0067657065,0.23841113,0.5154491,152
2026-08-09,Sunday,linea 6,uam-azcapotzalco,3668.0163915536773,2313.1609805963217,4948.23447861388,0.008419125,0.29667458,0.51544225,106
2026-08-05,Wednesday,linea 7,san antonio,11879.950282151196,9431.518838870361,14313.819589023162,0.007817871,0.27548748,0.515387,141
2026-08-07,Friday,linea 12,lomas estrella,9990.167591458754,8716.628974685686,11209.975544121417,0.0063841785,0.22496678,0.51536673,115
2026-08-22,Saturday,linea 2,popotla,5828.6549072957305,3331.106484701912,8208.019845875979,0.0070927944,0.2499371,0.5152646,115
2026-08-06,Thursday,linea 7,mixcoac,19070.370578585498,14594.342594968432,23546.428930028043,0.006762829,0.23830973,0.51522994,116
2026-08-18,Tuesday,linea b,nezahualcóyotl,22346.486722110407,17663.779640017645,26891.204536656307,0.008412695,0.29644796,0.51509756,135
2026-08-08,Saturday,linea 2,cuitláhuac,11188.770536063375,8165.140838906936,14375.529364565211,0.007090242,0.24984716,0.51507914,110
2026-08-19,Wednesday,linea 4,candelaria,9644.31093835082,6597.667063885179,12749.193199257137,0.007808674,0.27516338,0.5147807,145
2026-08-20,Thursday,linea 5,aragón,6913.253050432868,5588.580468562365,8153.765370854051,0.0067563653,0.23808196,0.5147375,139
2026-08-07,Friday,linea 5,hangares,5039.002643166061,3955.0464071947717,6295.176021525615,0.00637165,0.22452529,0.51435536,116
2026-08-07,Friday,linea 2,hidalgo,20399.641276203383,12577.367886029751,27941.61202037504,0.006370844,0.22449689,0.5142903,117
2026-08-06,Thursday,linea 6,tezozómoc,5189.301967204488,4145.469266158464,6208.866361090943,0.006749329,0.23783402,0.5142014,117
2026-08-08,Saturday,linea 1,chapultepec,36980.58468456077,27267.013145424964,45479.051305363755,0.007077384,0.24939406,0.514145,111
2026-08-21,Friday,linea 12,hospital 20 de noviembre,11865.977749331063,9989.304642690286,13522.942064320005,0.006366273,0.22433582,0.5139213,123
2026-08-08,Saturday,linea 3,viveros/derechos humanos,14088.291495212934,10821.023229528493,17321.62042824044,0.007074221,0.24928261,0.51391524,112
2026-08-22,Saturday,linea 9,pantitlán,41197.78708274964,33736.713579293515,48780.77944063033,0.007070765,0.24916083,0.5136642,116
2026-08-23,Sunday,linea 6,vallejo,2501.550259069834,977.7551247777718,4075.5588681964796,0.008382229,0.29537442,0.51318336,97
2026-08-04,Tuesday,linea 12,lomas estrella,9783.651300261698,8476.654472704637,11116.226400005648,0.008379423,0.29527554,0.5130604,128
2026-08-22,Saturday,linea 6,vallejo,5635.667635969107,4240.169492818031,7228.490154451004,0.0070614344,0.24883203,0.51298636,117
2026-08-04,Tuesday,linea 1,candelaria,16480.491086880975,13319.672146758898,20008.875715489925,0.008372322,0.29502532,0.5126256,129
2026-08-26,Wednesday,linea 7,camarones,15107.263832829542,12575.379570063778,17944.116289984373,0.0077745016,0.27395922,0.5125279,169
2026-08-23,Sunday,linea 8,garibaldi/lagunilla,9078.974138745685,5582.21705792207,12711.494578000595,0.008371317,0.29498988,0.51251525,98
2026-08-08,Saturday,linea 9,jamaica,11268.546142121724,8526.748794128616,13990.672242186893,0.007051972,0.2484986,0.51229894,113
2026-08-04,Tuesday,linea 3,copilco,33314.06995187679,21054.450671177572,46298.53173194839,0.008366952,0.29483607,0.5122968,130
2026-08-09,Sunday,linea 6,norte 45,1129.296485086828,0.0,2530.813479787309,0.008364784,0.2947597,0.5121153,107
2026-08-20,Thursday,linea b,ciudad azteca,47178.68876652188,38447.01335036658,55530.10313123611,0.006720254,0.23680946,0.5119863,140
2026-08-23,Sunday,linea 3,división del norte,5943.277280981524,3065.8725088418096,8963.138254593934,0.008356351,0.29446253,0.511599,99
2026-08-20,Thursday,linea 12,hospital 20 de noviembre,12124.940943878328,10398.292908297577,13730.236803519727,0.0067136115,0.2365754,0.5114803,141
2026-08-06,Thursday,linea 6,martín carrera,23548.039089892794,18571.308283836137,28890.81324741451,0.0067103915,0.23646192,0.51123494,118
2026-08-12,Wednesday,linea 2,tasqueña,51024.43681464092,37878.495600430055,65568.55671975076,0.007750035,0.27309707,0.510915,142
2026-08-23,Sunday,linea 1,chapultepec,32524.30267353902,23342.356706493323,41386.08664758694,0.008344506,0.29404512,0.5108738,100
2026-08-25,Tuesday,linea 2,popotla,8862.543385275572,6169.0075696082595,11464.6660745092,0.008335247,0.29371884,0.51035553,163
2026-08-16,Sunday,linea 5,misterios,3564.1276035997935,2242.0110072201232,5002.416802989916,0.008335916,0.29374245,0.51034796,128
2026-08-10,Monday,linea 3,balderas,9110.388839381161,1306.8248856982557,16925.55798757301,0.007926028,0.27929875,0.51018834,155
2026-08-19,Wednesday,linea 5,hangares,5362.000338549444,4203.134337776167,6568.900940559536,0.0077372,0.27264476,0.51006883,146
2026-08-17,Monday,linea 2,cuatro caminos,100951.9713947213,86734.296219816,116358.04406970847,0.007919019,0.27905175,0.50973713,144
2026-08-16,Sunday,linea b,villa de aragón,3770.363457944917,0.0,7911.31867500638,0.008325229,0.29336587,0.5096937,129
2026-08-06,Thursday,linea 3,la raza,29336.243591625826,23719.19459769336,34906.58480944481,0.006688478,0.23568973,0.5095654,119
2026-08-08,Saturday,linea 1,zaragoza,23877.32636589705,18867.25219422449,28462.684895553324,0.0070131235,0.24712965,0.5094768,114
2026-08-14,Friday,linea 6,ferrería/arena ciudad de méxico,18814.542664941648,12817.863994014793,24813.516274285397,0.0063096634,0.222341,0.50935143,155
2026-08-05,Wednesday,linea 12,eje central,12739.560055203598,10926.301524653429,14801.762769348496,0.0077243685,0.27219263,0.5092229,142
2026-08-21,Friday,linea 8,santa anita,4129.657795642379,3237.755551129175,4928.8750036341125,0.0063072303,0.22225526,0.50915504,124
2026-08-05,Wednesday,linea 3,etiopía/plaza de la transparencia,23615.448866968956,18874.719309924687,28521.372162292962,0.0077223144,0.27212024,0.5090875,143
2026-08-21,Friday,linea 5,aragón,6940.612630155697,5547.8123220730795,8244.933352666836,0.006305387,0.2221903,0.5090062,125
2026-08-07,Friday,linea 7,san antonio,11739.069664446552,9401.09866870547,14167.167554509742,0.006304941,0.2221746,0.50897026,118
2026-08-05,Wednesday,linea 9,ciudad deportiva,6935.820341534758,643.1216844671152,13113.352427761132,0.007719571,0.27202356,0.50890666,144
2026-08-24,Monday,linea 7,camarones,14258.77405639804,11876.0494201453,16796.81409480874,0.007898714,0.27833626,0.5084302,117
2026-08-09,Sunday,linea 5,autobuses del norte,16195.837629599391,11131.270976804151,21285.374525630083,0.008302215,0.29255486,0.5082846,108
2026-08-18,Tuesday,linea 3,deportivo 18 de marzo,28207.823643420106,22567.563392990636,33949.50721721665,0.008299456,0.29245764,0.5081641,136
2026-08-04,Tuesday,linea 4,candelaria,8476.031302140265,5357.543528089854,11822.764341486874,0.008297337,0.292383,0.5080344,131
2026-08-07,Friday,linea 12,hospital 20 de noviembre,11113.48704918938,9457.477738789208,12684.309259896963,0.0062893685,0.22162585,0.50771314,119
2026-08-25,Tuesday,linea 9,tacubaya,47254.269914587145,36704.13153226204,59105.401170527286,0.008288085,0.29205698,0.5074679,164
2026-08-09,Sunday,linea b,villa de aragón,2457.507620519924,0.0,6766.283620266028,0.008285754,0.29197484,0.5072769,109
2026-08-26,Wednesday,linea 2,tasqueña,53765.71194882182,40136.684936571924,66415.97609209565,0.0076938267,0.27111638,0.5072095,170
2026-08-08,Saturday,linea 8,coyuya,19128.808476266007,13944.488986926855,24260.13834240888,0.00698175,0.2460241,0.5071976,115
2026-08-20,Thursday,linea b,buenavista,52737.70640982252,43154.187449554265,62698.72238384464,0.0066563366,0.23455712,0.50711673,142
2026-08-27,Thursday,linea 6,el rosario,15737.319764361426,11901.878251430888,19679.993388372128,0.0066543818,0.23448825,0.5069678,174
2026-08-12,Wednesday,linea 2,hidalgo,19660.082596288652,11735.518918479738,26946.144696382213,0.007685607,0.27082673,0.5066676,143
2026-08-06,Thursday,linea 6,norte 45,6323.930466240367,4899.724710176295,7664.156886432468,0.0066496874,0.23432283,0.50661016,120
2026-08-25,Tuesday,linea 2,cuatro caminos,103809.75092653348,89390.41156658878,118746.56919856483,0.008271172,0.29146096,0.5064323,165
2026-08-15,Saturday,linea 3,deportivo 18 de marzo,20174.784572003802,15176.694803540759,25651.128361420302,0.0069685094,0.24555753,0.5062357,155
2026-08-19,Wednesday,linea b,río de los remedios,15807.342613816107,11649.492572514171,19415.198241213166,0.007676412,0.27050272,0.50606143,147
2026-08-04,Tuesday,linea 5,misterios,6885.652633817546,5553.945856277657,8226.764923493854,0.008264772,0.29123545,0.50604045,132
2026-08-06,Thursday,linea 3,tlatelolco,15517.925118288395,11814.249065207388,19212.048155198176,0.0066401185,0.23398563,0.50588113,121
2026-08-05,Wednesday,linea 9,patriotismo,17058.661550811856,13435.917910878992,20745.07015349862,0.0076724794,0.27036414,0.50580215,145
2026-08-24,Monday,linea 5,valle gómez,4209.115268520491,3455.842819838467,4954.988937681757,0.007857837,0.2768958,0.50579894,118
2026-08-09,Sunday,linea 2,xola,8836.572928621677,4435.856549629693,12851.4935904317,0.0082606645,0.2910907,0.5057408,110
2026-08-07,Friday,linea 1,sevilla,26136.198097403634,20402.23829660126,32012.19300440138,0.006262138,0.22066629,0.5055149,120
2026-08-22,Saturday,linea 7,san pedro de los pinos,8227.340989321998,5454.482150873423,10985.5607338089,0.0069579775,0.2451864,0.50547063,118
2026-08-07,Friday,linea b,garibaldi/lagunilla,5903.940636427806,4092.160518541786,7497.802586058217,0.0062607615,0.22061779,0.5054038,121
2026-08-24,Monday,linea 8,atlalilco,13600.858986464682,10663.924468530073,16101.662953404171,0.00785117,0.2766609,0.50536984,119
2026-08-16,Sunday,linea 3,indios verdes,49861.98208199157,34954.70041340748,65034.99362304158,0.008248181,0.2906508,0.5049766,130
2026-08-11,Tuesday,linea b,deportivo oceanía,10515.114372863678,7070.175780102734,13813.714005415015,0.008247101,0.29061276,0.5049585,163
2026-08-17,Monday,linea 12,calle 11,13034.626596403288,11007.445766430219,14990.290556104119,0.007844728,0.27643389,0.5049552,145
2026-08-04,Tuesday,linea 8,obrera,11092.980196089718,8953.186196900122,13333.233513543404,0.008246808,0.29060245,0.50494057,133
2026-08-22,Saturday,linea 7,san antonio,8598.079654068855,6122.3160609007455,10947.591564876326,0.0069476236,0.24482155,0.5047184,119
2026-08-04,Tuesday,linea 7,barranca del muerto,39047.271393364004,30305.51996068496,47603.55228312942,0.008241272,0.29040733,0.5046016,134
2026-08-07,Friday,linea 1,chapultepec,45985.48735878185,35896.871567500886,54910.19141965968,0.0062470706,0.22013535,0.5042986,122
2026-08-19,Wednesday,linea 8,constitución de 1917,105207.92723146931,85896.19779188733,124646.65812613633,0.007649413,0.2695513,0.5042815,148
2026-08-26,Wednesday,linea 12,zapotitlán,13904.27769978123,11458.420886969412,16616.195654192335,0.0076449662,0.26939464,0.5039884,171
2026-08-11,Tuesday,linea 1,juanacatlán,7237.013388827687,5584.666077616578,9041.140089308406,0.008229931,0.2900077,0.5039072,164
2026-08-07,Friday,linea 8,obrera,11289.901755804105,9234.840601059595,13305.407307884585,0.0062390324,0.21985209,0.5036497,123
2026-08-13,Thursday,linea 8,constitución de 1917,101695.5163032187,83373.45677407278,119775.82851964721,0.0066102743,0.23293398,0.50360745,153
2026-08-01,Saturday,linea 12,lomas estrella,8297.05692918041,6922.6465742077,9510.166166168088,0.00692639,0.24407332,0.5031759,161
2026-08-08,Saturday,linea 4,candelaria,9294.31331914737,6325.213538883599,12206.814286825078,0.0069259377,0.24405739,0.503143,116
2026-08-06,Thursday,linea 5,hangares,5147.178725836942,3941.9443495630658,6260.943939622867,0.0066027516,0.23266889,0.5030343,122
2026-08-03,Monday,linea 6,ferrería/arena ciudad de méxico,16288.64297104741,10459.946523565754,22276.543161399768,0.007814887,0.27538234,0.5030343,154
2026-08-23,Sunday,linea 2,san cosme,8666.17666873669,4371.338379967927,12831.549223874774,0.008216382,0.28953028,0.5030297,101
2026-08-05,Wednesday,linea b,garibaldi/lagunilla,5413.8554682091235,3492.7325404687576,7171.677273951013,0.0076281778,0.26880303,0.50288165,146
2026-08-18,Tuesday,linea 2,panteones,10806.187097661907,8970.46886431351,12553.036246697748,0.00821231,0.2893868,0.5028283,137
2026-08-21,Friday,linea b,ciudad azteca,48155.657903736086,39621.81167974401,56227.25276259211,0.0062287613,0.21949016,0.5028206,126
2026-08-18,Tuesday,linea 9,chilpancingo,39663.79735607001,33234.72612526564,45606.734370469116,0.008208703,0.2892597,0.50260746,138
2026-08-23,Sunday,linea 3,eugenia,5525.026303452172,3027.5106271941327,8331.628622255961,0.008207741,0.2892258,0.5025007,102
2026-08-25,Tuesday,linea 7,camarones,15028.723717823837,12475.221079763967,17705.769111490008,0.008205652,0.28915218,0.50242066,166
2026-08-25,Tuesday,linea 6,el rosario,15599.92543397715,12076.30409345632,19139.839333718974,0.008203852,0.28908876,0.5023104,167
2026-08-08,Saturday,linea a,pantitlán,25947.710439939983,17996.80663995089,34037.51188065561,0.006911597,0.24355204,0.50210124,117
2026-08-06,Thursday,linea 4,candelaria,8924.403291814486,5794.555672102239,12026.885364731344,0.0065896558,0.23220742,0.50203663,123
2026-08-18,Tuesday,linea a,la paz,46764.850761484995,37577.14849333141,56044.380528426926,0.008199043,0.28891927,0.50201595,139
2026-08-20,Thursday,linea 6,ferrería/arena ciudad de méxico,21179.32156929802,15429.370060182677,26906.006467560648,0.0065879705,0.23214804,0.50190824,143
2026-08-21,Friday,linea 12,insurgentes sur,38920.25980891746,32994.43449178108,44667.321578315736,0.0062163654,0.21905334,0.5018199,127
2026-08-08,Saturday,linea b,impulsora,17492.53885368174,13276.221127248466,21768.0040942282,0.0069059045,0.24335144,0.5016877,118
2026-08-23,Sunday,linea 4,candelaria,7269.308416773744,4106.74454761538,10479.275394495595,0.008193806,0.28873473,0.50164753,103
2026-08-23,Sunday,linea 9,lázaro cárdenas,7530.909456269562,5500.533191636416,9423.931770553781,0.008192918,0.28870347,0.5015932,104
2026-08-06,Thursday,linea 8,coyuya,25067.69395834716,19440.23364085386,30370.55691156045,0.006582188,0.23194426,0.50146765,124
2026-08-17,Monday,linea 12,lomas estrella,9517.62789880409,8206.903894689434,10815.987143959843,0.0077904826,0.27452236,0.5014634,146
2026-08-23,Sunday,linea b,río de los remedios,8063.793882614784,4352.260445088221,12106.586111691839,0.008190613,0.28862223,0.5014521,105
2026-08-23,Sunday,linea 6,uam-azcapotzalco,4137.203487967199,2844.4180302713985,5412.355406566858,0.008185126,0.28842887,0.50111616,106
2026-08-21,Friday,linea 4,jamaica,6663.8307181852115,5438.073972537922,8066.984175098192,0.0062024533,0.21856311,0.50069684,128
2026-08-07,Friday,linea 8,constitución de 1917,99753.45031790137,81791.06924896664,118378.27625859233,0.006201504,0.21852966,0.5006202,124
2026-08-28,Friday,linea 5,oceanía,8548.10672637668,6596.75792466979,10350.194303695363,0.0062011397,0.21851683,0.5005908,179
2026-08-24,Monday,linea b,villa de aragón,13797.271963285722,9588.978757144,18085.52222815275,0.0077760974,0.27401546,0.50053746,120
2026-08-08,Saturday,linea 9,pantitlán,39463.601354893704,31655.970667670994,47630.52366637284,0.006889804,0.24278408,0.500518,119
2026-08-21,Friday,linea 5,instituto del petróleo,5944.144512941606,4672.417434238959,7194.699105693704,0.0061983806,0.2184196,0.5003681,129
2026-08-06,Thursday,linea 7,san pedro de los pinos,12416.13565715248,9800.200847587566,15165.837554278913,0.0065660807,0.23137668,0.5002405,125
2026-08-07,Friday,linea 3,indios verdes,88798.77316949202,73446.96118292247,103950.15793153079,0.006194939,0.21829832,0.50009024,125
2026-08-07,Friday,linea 6,norte 45,6178.0892823485965,4757.478128809587,7563.996322939334,0.006194153,0.21827061,0.5000268,126
2026-08-03,Monday,linea 12,mexicaltzingo,16739.002656962264,13662.06541061177,19930.81306638419,0.0077673243,0.27370632,0.49997276,155
2026-08-21,Friday,linea 9,pantitlán,52574.87194627012,44764.67338343051,60280.397998896806,0.0061932364,0.21823832,0.49995282,130
2026-08-14,Friday,linea 4,bondojito,5912.113371911726,4983.072506353218,6832.522791230051,0.0061907955,0.21815231,0.49975577,156
2026-08-22,Saturday,linea 8,atlalilco,11751.78317845388,9146.36914057051,14478.292202789018,0.006878961,0.242402,0.49973035,120
2026-08-14,Friday,linea 5,la raza,8863.757482014624,6659.589521121533,11032.048479293713,0.0061898273,0.21811819,0.49967763,157
2026-08-08,Saturday,linea a,guelatao,15353.749951589012,10332.722614986105,20293.55527417804,0.006876157,0.24230321,0.49952668,120
2026-08-27,Thursday,linea 2,panteones,11436.629572744814,9462.921552396998,13395.525279148776,0.006556542,0.23104055,0.49951383,175
2026-08-24,Monday,linea 8,iztacalco,15319.152717057008,11235.484301618406,19637.471647665065,0.007754073,0.27323934,0.4991198,121
2026-08-30,Sunday,linea b,deportivo oceanía,6803.670337006395,3470.544639930152,10270.421716831275,0.008152176,0.28726777,0.49909884,152
2026-08-05,Wednesday,linea 7,barranca del muerto,39655.78977061131,29560.425264677026,49114.996294655546,0.007569772,0.26674494,0.49903128,147
2026-08-18,Tuesday,linea b,deportivo oceanía,11608.818244924105,7977.940167929856,14754.131495470243,0.008145855,0.28704503,0.49875933,140
2026-08-12,Wednesday,linea 9,chilpancingo,39725.56427140602,33503.709352955986,45764.41686344651,0.0075640646,0.2665438,0.49865502,144
2026-08-09,Sunday,linea 9,patriotismo,5242.424877518157,1696.8094539996307,8964.223973802831,0.008143629,0.2869666,0.49857557,111
2026-08-24,Monday,linea 12,lomas estrella,9636.352091877548,8385.309430087264,10866.096472163295,0.0077450825,0.27292255,0.4985411,122
2026-08-08,Saturday,linea 5,autobuses del norte,17192.33046553235,12242.625655083553,22732.300433566703,0.006862455,0.24182037,0.49853128,121
2026-08-09,Sunday,linea 3,indios verdes,48014.06728178343,33681.55550793098,63058.64252045093,0.008142081,0.28691205,0.4984808,112
2026-08-22,Saturday,linea 4,canal del norte,6858.054700520497,5354.298006748612,8472.00897268566,0.0068573123,0.24163915,0.49815765,121
2026-08-19,Wednesday,linea 2,popotla,8071.464487966019,5588.092124064186,10689.463094938672,0.0075499243,0.26604554,0.49772283,149
2026-08-19,Wednesday,linea 12,hospital 20 de noviembre,12300.940478246552,10472.10278556392,14105.285931566435,0.0075427033,0.26579106,0.4972468,150
2026-08-10,Monday,linea 8,constitución de 1917,96540.09324722615,77076.78210681184,114645.65688577287,0.0077226185,0.27213097,0.4970951,156
2026-08-18,Tuesday,linea 7,refinería,9859.913330448404,6611.018152460867,13315.172274631037,0.008111804,0.28584513,0.49667445,141
2026-08-21,Friday,linea 3,miguel ángel de quevedo,35548.424150487095,28418.678726618335,42317.524647015605,0.00614702,0.21660975,0.496222,131
2026-08-06,Thursday,linea 2,hidalgo,19366.396394174044,11689.918945475078,27146.257005089483,0.006513045,0.2295078,0.4962,126
2026-08-20,Thursday,linea 9,chilpancingo,39696.438423620806,32847.7421440623,46428.80995466409,0.006511576,0.22945604,0.49608806,144
2026-08-16,Sunday,linea 4,martín carrera,12730.403569067494,8333.757313343456,17436.502149737098,0.008102229,0.28550774,0.49604094,131
2026-08-13,Thursday,linea b,deportivo oceanía,10821.117399821242,7194.526181575249,14076.795627274054,0.006506596,0.22928055,0.49570867,154
2026-08-24,Monday,linea 2,general anaya,17925.548250851418,13297.79418835936,23164.109569887794,0.0076974975,0.27124575,0.4954781,123
2026-08-27,Thursday,linea 3,universidad,69195.01777578887,54010.24319652955,83907.3599814657,0.006501516,0.22910152,0.49532163,176
2026-08-18,Tuesday,linea 8,santa anita,4071.3924946707825,3237.1556191529967,4942.9792264255,0.008087398,0.2849851,0.49518007,142
2026-08-30,Sunday,linea 5,la raza,4995.721802404849,2963.287663832751,7112.495494559038,0.008086774,0.2849631,0.49509472,153
2026-08-22,Saturday,linea 9,velódromo,11424.644657260516,0.0,25568.338895068406,0.00681466,0.24013616,0.49505913,122
2026-08-16,Sunday,linea 3,viveros/derechos humanos,9362.689497993071,6142.40454851553,12745.943466938574,0.008084884,0.28489652,0.49497902,132
2026-08-07,Friday,linea 8,coyuya,25376.152330485656,20079.115803741286,31215.606319052866,0.006127864,0.21593472,0.4946756,127
2026-08-27,Thursday,linea 7,constituyentes,13875.429436165481,9758.898882962456,18210.074281924655,0.0064901356,0.2287005,0.4944546,177
2026-08-14,Friday,linea b,garibaldi/lagunilla,5984.073465644148,4244.595316362746,7753.911065845975,0.00612373,0.21578905,0.49434188,158
2026-08-23,Sunday,linea b,tepito,14446.787374351201,9451.292148387238,19317.458183322382,0.008073199,0.28448474,0.49426362,107
2026-08-18,Tuesday,linea 6,ferrería/arena ciudad de méxico,21031.673265276768,15436.568390295508,27007.925617672612,0.008066725,0.28425664,0.49391434,143
2026-08-08,Saturday,linea 7,camarones,10206.453978575908,7521.511025485618,12629.141312973543,0.0067988676,0.23957966,0.4939119,122
2026-08-18,Tuesday,linea 4,jamaica,6195.716160793856,4797.408134956622,7558.142462708515,0.008065409,0.28421026,0.49383375,144
2026-08-23,Sunday,linea 9,pantitlán,25187.611486967104,17501.562193916016,33335.47553150212,0.008064314,0.28417167,0.49371967,108
2026-08-08,Saturday,linea 7,mixcoac,14971.784172180927,10813.190954544849,19356.144139184595,0.0067918296,0.23933165,0.4934006,123
2026-08-05,Wednesday,linea 2,san cosme,17029.203273005285,12380.985149277685,21376.158954855793,0.0074802767,0.26359126,0.49313137,148
2026-08-14,Friday,linea b,ciudad azteca,46912.37170901409,38048.91189316481,55328.2610665941,0.0061084027,0.21524894,0.49310458,159
2026-08-05,Wednesday,linea a,tepalcates,24559.359564250346,18621.069706508675,31163.933044384146,0.007477438,0.26349124,0.49294424,149
2026-08-13,Thursday,linea 8,iztacalco,14745.480822134326,10060.932147598218,18544.09180754129,0.0064674965,0.22790276,0.49272984,155
2026-08-07,Friday,linea b,ecatepec,22424.94516244987,17565.95717499356,27556.330395607045,0.00610355,0.21507794,0.49271283,128
2026-08-07,Friday,linea 3,niños héroes,18400.660154475492,12795.143506228595,23961.09957391403,0.0061020083,0.2150236,0.49258837,129
2026-08-17,Monday,linea 12,hospital 20 de noviembre,11951.76449041324,10173.306651849849,13676.764152329664,0.0076493523,0.2695492,0.49237904,147
2026-08-21,Friday,linea 6,uam-azcapotzalco,7774.505131472636,6403.108333986846,9050.627759860723,0.006099224,0.2149255,0.49236363,132
2026-08-07,Friday,linea 7,san pedro de los pinos,12270.620030132584,9525.32890576629,14923.103574636354,0.0060935146,0.21472432,0.4919027,130
2026-08-26,Wednesday,linea 5,eduardo molina,6747.465275433249,5507.52131499886,8005.695228056131,0.007458744,0.2628325,0.49171185,172
2026-08-30,Sunday,linea 1,tacubaya,13498.66814780897,8264.732385902966,19213.72254859354,0.008026302,0.2828322,0.4913925,154
2026-08-17,Monday,linea 2,tasqueña,52394.618121343374,38819.09451487946,66728.01360093351,0.0076265745,0.26874653,0.49091285,148
2026-08-19,Wednesday,linea 9,velódromo,12576.640499809351,0.0,26820.259270164282,0.0074432837,0.2622877,0.49069262,151
2026-08-05,Wednesday,linea b,oceanía,7766.533383922978,5909.3344141383,9740.9897926246,0.0074403253,0.26218346,0.4904976,150
2026-08-07,Friday,linea 4,jamaica,6268.097639356737,4872.251229984687,7602.157327152225,0.0060760733,0.2141097,0.49049476,131
2026-08-26,Wednesday,linea 12,culhuacán,17393.2188634102,15336.714620140949,19750.63184471132,0.0074392906,0.262147,0.4904294,173
2026-08-15,Saturday,linea b,garibaldi/lagunilla,7744.649956145246,5928.078781679225,9473.24103095337,0.0067481943,0.23779403,0.49023065,156
2026-08-19,Wednesday,linea b,ciudad azteca,46969.957385515256,38173.00014143274,55843.92313830595,0.0074314564,0.26187092,0.48991293,152
2026-08-30,Sunday,linea 8,constitución de 1917,55499.73333216642,37735.514540672884,74629.43810732008,0.008001987,0.2819754,0.48990387,155
2026-08-23,Sunday,linea 8,coyuya,14110.305503590638,9225.361927892194,19319.304192052623,0.007996562,0.2817842,0.48957172,109
2026-08-10,Monday,linea 12,zapotitlán,12958.84606789977,10428.798124396584,15314.023849814046,0.0076056207,0.26800817,0.4895641,157
2026-08-11,Tuesday,linea 2,panteones,10344.670052657273,8487.564396352209,12210.34282923176,0.007993505,0.2816765,0.4894312,165
2026-08-21,Friday,linea 7,polanco,44078.05498683552,35583.38881988991,52541.02804278996,0.006062721,0.2136392,0.48941687,133
2026-08-21,Friday,linea 9,chilpancingo,40074.03627533385,34138.82811462295,46403.68403018118,0.0060567413,0.21342848,0.48893416,134
2026-08-17,Monday,linea 3,universidad,66915.91567045887,51683.480132380064,82860.52715752178,0.007595123,0.26763824,0.48888835,149
2026-08-20,Thursday,linea 5,politécnico,26547.190724658576,17872.484203298394,34700.31139021691,0.006413322,0.22599374,0.48860252,145
2026-08-19,Wednesday,linea b,buenavista,53142.021267174154,43415.335758385605,63946.4361789319,0.0074101514,0.26112017,0.4885084,153
2026-08-23,Sunday,linea 4,canal del norte,4322.377123268721,2926.632925413218,5869.461219061738,0.007978633,0.28115243,0.48847407,110
2026-08-25,Tuesday,linea 4,fray servando,7853.793813297517,5373.405597870823,10364.600300032533,0.007977528,0.28111348,0.48845288,168
2026-08-24,Monday,linea 3,miguel ángel de quevedo,33152.19896393668,25886.410041116655,40316.25049632107,0.0075827832,0.26720342,0.4880941,124
2026-08-08,Saturday,linea 6,norte 45,3918.893400764662,2579.1292238026194,5289.935028810008,0.0067171897,0.23670147,0.48797828,124
2026-08-06,Thursday,linea 2,cuatro caminos,97135.11201362108,82050.59044829382,112093.5136250991,0.006403466,0.22564644,0.48785165,127
2026-08-22,Saturday,linea 5,politécnico,18404.35358491454,9693.506175730983,26567.78011048306,0.006715345,0.23663649,0.4878443,123
2026-08-30,Sunday,linea 5,hangares,2382.8904976621384,1106.0068049788538,3581.520767625537,0.007962839,0.28059587,0.4875071,156
2026-08-10,Monday,linea 1,tacubaya,19888.517533807284,14516.086109699205,24945.839592619217,0.0075727277,0.26684907,0.4874468,158
2026-08-27,Thursday,linea 5,hangares,5439.585590575471,4129.17538167562,6686.614167415495,0.006397683,0.22544266,0.48741108,178
2026-08-07,Friday,linea b,impulsora,21979.083969302064,17456.66147660127,26359.199836020154,0.0060319984,0.2125566,0.48693678,132
2026-08-08,Saturday,linea 3,indios verdes,71614.10872117316,56623.99348613004,86363.72863910343,0.0067026634,0.2361896,0.486923,125
2026-08-04,Tuesday,linea a,tepalcates,24018.782233559567,18009.10814157312,30249.994566608948,0.007946203,0.2800097,0.48653495,135
2026-08-03,Monday,linea 4,jamaica,5568.574014541581,4202.298404934666,7051.933561254352,0.0075521218,0.26612297,0.48612043,156
2026-08-24,Monday,linea b,ciudad azteca,46990.72695456442,38030.32780875613,55268.921229903994,0.0075498703,0.26604363,0.4859755,125
2026-08-07,Friday,linea 1,candelaria,18285.481932272713,15156.522056444634,21549.046636740648,0.0060183336,0.21207507,0.48583367,133
2026-08-29,Saturday,linea 5,pantitlán,37680.41090064758,27047.610417599702,47781.66648428841,0.006687483,0.23565467,0.4858202,171
2026-08-03,Monday,linea 1,balderas,16299.798127880445,9953.523304096743,21940.228906104065,0.007543606,0.2658229,0.4855723,157
2026-08-16,Sunday,linea 7,san pedro de los pinos,4973.785041248893,2080.548751687137,7679.054269047387,0.007929729,0.27942917,0.48548004,133
2026-08-08,Saturday,linea 2,san cosme,12474.756204081634,8010.496397744196,16913.65478970985,0.0066807936,0.23541895,0.48533425,126
2026-08-22,Saturday,linea 7,polanco,28273.38440615282,19959.13224326036,36990.56090853196,0.0066805813,0.23541147,0.48531884,124
2026-08-07,Friday,linea 5,misterios,7134.51010086485,5767.489126468408,8621.851046603422,0.0060106567,0.21180455,0.48521397,134
2026-08-21,Friday,linea 7,barranca del muerto,40928.263645599094,31642.192980873042,49672.02580820447,0.0060087168,0.21173619,0.48505735,135
2026-08-08,Saturday,linea 3,miguel ángel de quevedo,26555.533026247365,19562.68155645222,33122.65884429605,0.0066749165,0.23521185,0.4849073,127
2026-08-19,Wednesday,linea 4,bondojito,5965.040436742798,5091.034341655644,6899.865569781625,0.007348355,0.25894257,0.48443452,154
2026-08-26,Wednesday,linea 2,colegio militar,15269.730359824369,11012.352404378822,19683.96730095767,0.007344759,0.25881588,0.48419747,174
2026-08-05,Wednesday,linea 3,juárez,13177.883545275454,8904.862552222894,17254.580629282635,0.007341756,0.25871006,0.4839995,151
2026-08-16,Sunday,linea b,nezahualcóyotl,12178.54112094997,7666.819150384748,16724.346961937692,0.007903936,0.27852026,0.48390093,134
2026-08-21,Friday,linea 7,mixcoac,20852.243542778753,16150.321927439201,25315.04817821719,0.0059924484,0.21116292,0.48374408,136
2026-08-06,Thursday,linea 8,obrera,11224.754229156406,9167.688848653705,13215.189417081037,0.0063465373,0.22364037,0.4835145,128
2026-08-30,Sunday,linea 2,panteones,5810.690995147819,3867.6556975045573,7590.385897504944,0.007893889,0.27816623,0.4832858,157
2026-08-22,Saturday,linea 5,aragón,5560.856566082378,4153.6061969532475,6949.3247854942965,0.006644908,0.2341544,0.4827273,125
2026-08-12,Wednesday,linea 8,iztacalco,14133.967047363225,9709.394778524858,18307.77206113661,0.0073191714,0.25791422,0.48251063,145
2026-08-13,Thursday,linea 4,jamaica,6147.259118903877,4705.32319606765,7509.7216039612795,0.0063235266,0.22282952,0.4817614,156
2026-08-29,Saturday,linea 12,insurgentes sur,25198.261044315706,19647.415307224775,31178.804922092764,0.006630809,0.23365758,0.48170307,172
2026-08-16,Sunday,linea 2,panteones,5187.399497170797,3052.5389687908437,7123.431091982966,0.007864207,0.27712026,0.4814686,135
2026-08-06,Thursday,linea 1,sevilla,26458.254582391,20809.44120805833,32278.67883933141,0.006314508,0.22251172,0.48107433,129
2026-08-20,Thursday,linea 3,deportivo 18 de marzo,28548.798645638984,23170.269287304174,34116.4862686614,0.006312151,0.22242866,0.48089474,146
2026-08-19,Wednesday,linea b,garibaldi/lagunilla,5550.976813040692,3801.9454060064936,7330.246823302137,0.007294048,0.2570289,0.4808544,155
2026-08-21,Friday,linea 9,lázaro cárdenas,13133.56482882265,11029.385134126935,15143.131641358044,0.0059559057,0.20987523,0.48079416,137
2026-08-06,Thursday,linea 8,constitución de 1917,98646.01051942125,80583.84959861482,116992.91493012449,0.0063083656,0.22229527,0.48060635,130
2026-08-08,Saturday,linea 3,tlatelolco,12734.675428770592,8999.79823356205,16312.425196132992,0.0066101644,0.23293011,0.4802033,128
2026-08-28,Friday,linea 12,culhuacán,17645.253407299708,15229.529114403784,19987.704982754083,0.005941179,0.2093563,0.47960535,180
2026-08-07,Friday,linea 9,patriotismo,17047.867915346324,13518.306082559953,20770.28245204862,0.0059406525,0.20933773,0.47956282,135
2026-08-08,Saturday,linea 9,chilpancingo,26481.898602705318,20469.47681633857,32771.9006482503,0.006600797,0.23260002,0.47952282,129
2026-08-15,Saturday,linea b,deportivo oceanía,7816.563550283828,4365.748422652817,11429.205287132309,0.0065972614,0.23247543,0.47926596,157
2026-08-19,Wednesday,linea b,deportivo oceanía,11959.22350098872,8568.18954479207,15449.47162309216,0.007268429,0.25612614,0.47916546,156
2026-08-23,Sunday,linea 1,observatorio,30534.11633725203,21778.53481182793,39067.57474619887,0.007826264,0.27578324,0.47914562,111
2026-08-12,Wednesday,linea 2,cuatro caminos,101041.29241720696,86538.37712192879,115146.19208420003,0.0072655184,0.2560236,0.4789736,146
2026-08-09,Sunday,linea 9,pantitlán,23543.260139879887,15400.209916895203,31793.241877986307,0.007821234,0.27560598,0.47883767,113
2026-08-24,Monday,linea 9,velódromo,11950.553554509612,0.0,26305.934824179283,0.007435556,0.2620154,0.47861725,126
2026-08-09,Sunday,linea 1,zaragoza,15633.419862429659,10988.167057194214,20407.272858966946,0.007813464,0.27533218,0.47836196,114
2026-08-23,Sunday,linea 2,xola,10003.68444732769,5398.714662224956,14223.109745522239,0.0078100413,0.27521157,0.47815242,112
2026-08-26,Wednesday,linea 7,constituyentes,13999.086423499883,9264.692722038604,18787.174624410793,0.007251661,0.25553527,0.47806004,175
2026-08-23,Sunday,linea 2,viaducto,7042.6664152309295,3984.1044889101577,9948.969200342988,0.007808028,0.2751406,0.47802913,113
2026-08-15,Saturday,linea b,ciudad azteca,38038.83240381045,29327.40207744303,46046.12641122124,0.006579899,0.23186362,0.47800466,158
2026-08-20,Thursday,linea 8,obrera,11423.549593855741,9335.699384043044,13451.779286301908,0.0062720957,0.22101718,0.4778431,147
2026-08-22,Saturday,linea 3,indios verdes,74857.81842693804,59580.69778938871,88836.88662902388,0.006576057,0.23172823,0.47772554,126
2026-08-20,Thursday,linea 12,mixcoac,17692.10495405985,14934.037675036454,20746.139297888163,0.0062688123,0.22090149,0.47759297,148
2026-08-01,Saturday,linea 7,barranca del muerto,22608.75235209669,13000.68727076933,32054.56025755018,0.0065713427,0.2315621,0.47738305,162
2026-08-08,Saturday,linea 7,san antonio,8135.312870251072,5720.122485122943,10569.201870797822,0.0065643145,0.23131444,0.47687247,130
2026-08-24,Monday,linea 2,cuitláhuac,12988.742492952322,9957.598880033704,16035.888225676114,0.007408236,0.2610527,0.4768587,127
2026-08-10,Monday,linea b,ciudad azteca,44508.851960315485,35723.55469010223,53572.016955975734,0.007407837,0.26103863,0.47683302,159
2026-08-06,Thursday,linea 3,copilco,35708.15414430351,22624.6996584511,47199.55313267694,0.006256067,0.22045237,0.476622,131
2026-08-08,Saturday,linea 7,san pedro de los pinos,7408.944344100304,4725.5963302258515,10331.090821625137,0.0065566506,0.23104438,0.47631574,131
2026-08-08,Saturday,linea 8,obrera,9568.914427545724,7503.480513018515,11696.511299973003,0.0065562343,0.2310297,0.4762855,132
2026-08-23,Sunday,linea 3,centro médico,9668.675500766258,6772.861207322508,12508.048088168143,0.007778449,0.2740983,0.47621825,114
2026-08-21,Friday,linea 6,ferrería/arena ciudad de méxico,20671.25507527584,14626.962234807235,26828.148235856876,0.005897696,0.20782402,0.47609514,138
2026-08-14,Friday,linea 1,balderas,19153.490204671823,13041.771660571449,25199.059622269593,0.0058932668,0.20766795,0.47573757,160
2026-08-21,Friday,linea 5,politécnico,26639.15368969113,18438.898338240902,35442.85178215236,0.0058931545,0.20766398,0.4757285,139
2026-08-05,Wednesday,linea 1,observatorio,38907.41341426448,29899.174595826924,47785.74818608688,0.007215944,0.25427666,0.47570544,152
2026-08-06,Thursday,linea b,río de los remedios,15288.271718138038,11652.905518824455,19318.583295589648,0.0062427027,0.21998143,0.4756038,132
2026-08-18,Tuesday,linea 5,misterios,7443.409119816444,6146.056649874461,8721.369795833967,0.007763125,0.27355832,0.47532532,145
2026-08-09,Sunday,linea 2,cuitláhuac,5939.032658391743,2798.1680858810187,8743.903161383265,0.0077618877,0.27351472,0.47520432,115
2026-08-22,Saturday,linea 9,lázaro cárdenas,11139.639846770337,9019.276620605888,13179.398036070856,0.0065407734,0.23048489,0.47516233,127
2026-08-24,Monday,linea 7,refinería,8958.902858858411,5433.895067989835,12362.181431929901,0.0073759365,0.25991452,0.4747796,128
2026-08-14,Friday,linea 1,juanacatlán,7196.710840027487,5518.4949900175325,8844.29632614771,0.0058767744,0.20708679,0.47440624,161
2026-08-20,Thursday,linea 2,tasqueña,52796.466786976336,38884.086144096866,66073.5215556513,0.0062232153,0.21929473,0.47411913,149
2026-08-08,Saturday,linea b,ecatepec,16531.49340528456,11661.539464043328,21546.928354244512,0.0065243104,0.22990477,0.47396636,133
2026-08-29,Saturday,linea 9,velódromo,10793.046751240405,0.0,22994.905876495326,0.006523587,0.22987927,0.4739138,173
2026-08-20,Thursday,linea 4,bondojito,5890.015241702924,4992.071568155291,6790.037092322821,0.006216872,0.2190712,0.47363588,150
2026-08-21,Friday,linea 7,camarones,14958.658884008322,12368.774383890728,17480.954589513545,0.005865853,0.20670192,0.47352457,140
2026-08-01,Saturday,linea b,buenavista,44361.7584064644,34282.6558123069,55296.84315879007,0.0065140137,0.22954193,0.47321832,163
2026-08-24,Monday,linea 8,constitución de 1917,104086.68068374951,85236.30347300654,121691.05414901805,0.007350477,0.25901738,0.4731408,129
2026-08-06,Thursday,linea b,ecatepec,22451.361940773833,17479.293243548484,27436.56876650209,0.0062087346,0.21878445,0.4730159,133
2026-08-05,Wednesday,linea 12,mixcoac,16906.612971418388,14028.455854637205,19617.38030638136,0.007172419,0.25274295,0.4728361,153
2026-08-06,Thursday,linea 5,misterios,7025.939858710257,5689.3200234129445,8363.474298640846,0.006205108,0.21865666,0.47273964,134
2026-08-14,Friday,linea b,buenavista,53369.79563731405,42974.61869090511,63620.40756668542,0.0058483635,0.20608564,0.47211275,162
2026-08-16,Sunday,linea a,guelatao,13164.90555228346,8247.022650473204,17945.54818427994,0.0077098943,0.2716826,0.47202113,136
2026-08-09,Sunday,linea 9,lázaro cárdenas,6937.391386501023,4828.929219122096,9071.673593122756,0.007705576,0.2715304,0.47175676,116
2026-08-22,Saturday,linea 8,constitución de 1917,84752.45871020577,66324.86808719233,101929.58433423229,0.006491658,0.22875415,0.47159424,128
2026-08-28,Friday,linea 3,universidad,69958.23694589199,53988.38421235534,85279.45710197274,0.005835931,0.20564753,0.4711091,181
2026-08-10,Monday,linea 6,ferrería/arena ciudad de méxico,17527.483597747047,11357.661477929982,23853.186464752267,0.007316531,0.25782117,0.47095576,160
2026-08-12,Wednesday,linea 8,atlalilco,13665.334181473585,10781.05174855838,16296.192020463717,0.0071414267,0.2516508,0.47079295,147
2026-08-07,Friday,linea 4,candelaria,9148.850863757973,5947.656684563037,12317.88915623288,0.0058317995,0.20550194,0.4707756,136
2026-08-11,Tuesday,linea 4,bondojito,5701.424027841681,4737.148076628505,6568.916120717641,0.0076853237,0.27081674,0.47056165,166
2026-08-17,Monday,linea 8,santa anita,3766.6504729936773,2869.53665150854,4661.1012003245005,0.0073084147,0.25753516,0.47043332,150
2026-08-09,Sunday,linea 7,mixcoac,8722.560642314285,4745.45227342295,13048.600647056273,0.0076837344,0.27076074,0.47041956,117
2026-08-06,Thursday,linea 1,zaragoza,27405.37404754674,22677.25580751048,32280.58324335639,0.0061699217,0.21741676,0.47005895,135
2026-08-27,Thursday,linea 5,la raza,9759.957631660702,7455.060913400142,12025.033101764026,0.0061675655,0.21733373,0.46987942,179
2026-08-04,Tuesday,linea 9,patriotismo,16978.198631555562,13347.563235564669,20572.12543751736,0.0076724794,0.27036414,0.46977523,136
2026-08-12,Wednesday,linea 12,ermita,9584.897238397723,7874.639171277797,11427.695742149775,0.0071240147,0.25103724,0.46964508,148
2026-08-24,Monday,linea 9,patriotismo,17202.391944178216,13429.561019053212,21122.368135855588,0.007295218,0.25707012,0.46958387,130
2026-08-18,Tuesday,linea b,oceanía,8225.57800855646,6238.394445492155,10075.187615832885,0.007659877,0.26992005,0.46900362,146
2026-08-23,Sunday,linea 7,camarones,7438.282035715669,4724.600593618696,9905.998419540498,0.007655612,0.2697698,0.46869785,115
2026-08-19,Wednesday,linea 12,san andrés tomatlán,11275.68087590476,9033.044557902393,13311.06775945403,0.007106888,0.25043374,0.46851602,157
2026-08-22,Saturday,linea 9,tacubaya,36308.13192239574,24594.79307818316,48058.255327376006,0.0064466977,0.22716984,0.4683281,129
2026-08-12,Wednesday,linea b,río de los remedios,15449.316820932127,11542.203882959584,19321.276605047427,0.0071027377,0.25028747,0.4682424,149
2026-08-07,Friday,linea 3,juárez,13665.851669330943,9639.238524764763,18034.597111029383,0.005797382,0.20428914,0.46799722,137
2026-08-20,Thursday,linea 7,refinería,9933.011898420398,6497.905809926757,13254.09628278273,0.0061418344,0.21642701,0.46791908,151
2026-08-04,Tuesday,linea 12,eje central,12646.851483083416,10745.249178870932,14478.28418001851,0.007641458,0.26927102,0.4678758,137
2026-08-24,Monday,linea 9,pantitlán,49221.01324723128,40619.50948051224,57612.07874780533,0.007264865,0.25600055,0.4676301,131
2026-08-22,Saturday,linea 4,candelaria,10221.79600668072,7101.259300913628,13252.406963319174,0.006431438,0.22663212,0.46721953,130
2026-08-17,Monday,linea b,buenavista,51177.376907293576,40762.01444792071,61900.32910994667,0.007257629,0.2557456,0.46716434,151
2026-08-17,Monday,linea 3,deportivo 18 de marzo,28578.748506755135,22956.432090026196,34463.786209595695,0.0072570457,0.25572503,0.46712676,152
2026-08-26,Wednesday,linea 5,pantitlán,49711.52934415003,38939.06056039946,60062.75519228245,0.0070856744,0.24968621,0.46711752,176
2026-08-26,Wednesday,linea 5,la raza,9809.334252775181,7665.339082211921,11988.473617828458,0.0070848567,0.24965739,0.4670636,177
2026-08-23,Sunday,linea 7,refinería,5506.847949888632,2455.8945591662246,8972.816220273735,0.007621704,0.26857492,0.46662188,116
2026-08-26,Wednesday,linea 12,ermita,9843.649914069136,7970.593404218828,11723.386117016096,0.0070717195,0.24919446,0.46619755,178
2026-08-04,Tuesday,linea 9,puebla,28713.537680724105,20165.705965977082,36214.50272635915,0.0076114065,0.26821205,0.4660358,138
2026-08-03,Monday,linea 7,el rosario,27659.443627171215,21636.478699166106,34437.65754048335,0.0072341505,0.25491825,0.46565303,158
2026-08-08,Saturday,linea 2,bellas artes,23476.958215351748,15108.703849260066,32330.991270939554,0.0064057484,0.22572686,0.46535328,134
2026-08-09,Sunday,linea 8,constitución de 1917,46340.35962828882,29413.496939781617,63894.76175989692,0.0075996993,0.2677995,0.4652747,118
2026-08-16,Sunday,linea b,ciudad azteca,26932.71041459434,18611.50991221577,35114.208905666484,0.0075995987,0.26779595,0.46526852,137
2026-08-13,Thursday,linea b,ciudad azteca,45852.332157074234,36870.19098552742,53782.24420300272,0.0061047855,0.21512148,0.4650965,157
2026-08-16,Sunday,linea b,tepito,13991.207422244594,8799.479442520904,18891.368140493985,0.0075933295,0.26757506,0.46488473,138
2026-08-18,Tuesday,linea 2,cuatro caminos,102518.27483990326,87196.79450506232,116077.54447411986,0.007590926,0.26749036,0.46478182,147
2026-08-17,Monday,linea 2,hidalgo,18164.853005118177,10946.470482533177,26109.390754064527,0.007211901,0.2541342,0.46422085,153
2026-08-19,Wednesday,linea 2,panteones,11077.42546932019,9078.298433067992,12843.922462736211,0.007035547,0.24791981,0.46381292,158
2026-08-10,Monday,linea 12,mixcoac,16507.85927000543,13504.919081717662,19333.539812975443,0.007204172,0.25386184,0.46372336,161
2026-08-15,Saturday,linea 7,auditorio,16604.72077750589,9751.236255847749,23696.20536130399,0.006377802,0.22474208,0.4633231,159
2026-08-09,Sunday,linea 1,balderas,6369.764437475176,225.29959308187713,12582.867610253645,0.007567143,0.2666523,0.4632815,119
2026-08-19,Wednesday,linea 5,oceanía,8490.179542734419,6636.329159539249,10270.134900104544,0.0070252544,0.24755712,0.46313438,159
2026-08-04,Tuesday,linea 9,chilpancingo,38574.174702332995,32409.344621015265,45093.75328301765,0.007559402,0.2663795,0.46285164,139
2026-08-05,Wednesday,linea 12,ermita,9241.791978737318,7549.909268264002,11212.227178835416,0.0070096944,0.24700882,0.46210858,154
2026-08-17,Monday,linea 2,bellas artes,14787.951874744189,6776.636747001143,23368.197466696292,0.0071766917,0.25289348,0.46195447,154
2026-08-30,Sunday,linea 3,copilco,22174.28621045458,9419.609798193012,35995.67031497499,0.007534915,0.26551664,0.46130842,158
2026-08-24,Monday,linea a,la paz,48594.36497978835,40532.16711952152,57177.00921227672,0.007163728,0.25243667,0.46112004,132
2026-08-12,Wednesday,linea 8,constitución de 1917,101046.10428743326,82484.83998217313,121223.2972304728,0.0069930353,0.24642177,0.46101037,150
2026-08-26,Wednesday,linea 2,panteones,11416.272052204156,9611.9389494041,13448.601679977122,0.006990735,0.24634072,0.4608587,179
2026-08-14,Friday,linea 2,panteones,10785.918616290559,8955.567465221808,12791.339690944778,0.0057077743,0.20113152,0.4607636,163
2026-08-06,Thursday,linea 12,mixcoac,16639.50356135114,13825.995755237302,19729.3561159083,0.0060472297,0.21309331,0.46071157,136
2026-08-16,Sunday,linea 5,hangares,2244.9262645021986,1075.9093009899375,3489.099413247756,0.0075189383,0.26495364,0.46033028,139
2026-08-15,Saturday,linea 8,iztacalco,9944.315239324344,5489.298001823836,14250.683622265653,0.0063351383,0.22323869,0.4602237,160
2026-08-08,Saturday,linea 5,hangares,3701.9379824244634,2473.316007132557,4884.208262628162,0.006333272,0.22317292,0.46008813,135
2026-08-19,Wednesday,linea 2,tasqueña,52896.17823899523,39126.11940501053,66831.84364736786,0.006978029,0.24589297,0.46002108,160
2026-08-27,Thursday,linea 12,culhuacán,17290.191523866568,14999.091002773454,19594.99476965159,0.006034772,0.21265432,0.45976248,180
2026-08-26,Wednesday,linea 5,hangares,5427.727772678324,4272.872929689799,6622.001922999406,0.006972239,0.24568895,0.45963937,180
2026-08-30,Sunday,linea 7,barranca del muerto,16070.752793538875,7095.68763299971,25518.036117522555,0.0075052516,0.26447135,0.45949233,159
2026-08-22,Saturday,linea 7,mixcoac,16208.578609879236,11810.056794342889,20552.721566956672,0.00632474,0.22287227,0.45946833,131
2026-08-23,Sunday,linea b,morelos,3171.429014829797,2122.016582037399,4161.775583623391,0.0074990415,0.2642525,0.45911214,117
2026-08-09,Sunday,linea a,la paz,22006.287684639847,13279.043106323006,29906.17154557196,0.0074971537,0.264186,0.45899656,120
2026-08-27,Thursday,linea 12,zapotitlán,13922.909205302609,11486.698036408785,16400.631176774343,0.0060236934,0.21226394,0.45891845,181
2026-08-18,Tuesday,linea 8,constitución de 1917,103739.1050072018,85243.4877558936,122867.690432044,0.007494759,0.2641016,0.45889363,148
2026-08-29,Saturday,linea 5,hangares,3974.461875321633,2799.8416589905823,5303.330574553616,0.0063157175,0.22255434,0.45881286,174
2026-08-24,Monday,linea 9,chilpancingo,37899.166743437745,31887.628435291535,43959.19456071525,0.007126262,0.25111642,0.45870838,133
2026-08-01,Saturday,linea 5,misterios,5233.160850369075,3797.4878437567786,6662.641185928191,0.006312546,0.22244257,0.45858246,164
2026-08-22,Saturday,linea 9,chilpancingo,27227.40580360766,20661.743293926414,33471.71114005903,0.0063112155,0.22239569,0.4584858,132
2026-08-14,Friday,linea 12,tlaltenco,5224.916565660605,4425.422745830164,6005.941121845149,0.0056784414,0.20009789,0.45839566,164
2026-08-07,Friday,linea 7,camarones,13856.080801025892,11222.370775331108,16489.39713973529,0.0056773676,0.20006005,0.458309,138
2026-08-11,Tuesday,linea 12,san andrés tomatlán,10518.16917207123,8493.757553347767,12677.553958355214,0.0074793953,0.2635602,0.45795295,167
2026-08-15,Saturday,linea 2,colegio militar,5896.027137285344,1466.3897800171464,10314.83746377857,0.0063038296,0.22213542,0.45794925,161
2026-08-18,Tuesday,linea 9,tacubaya,46566.51855621129,34732.519472808475,58428.73502012738,0.007473571,0.263355,0.45759636,149
2026-08-24,Monday,linea 3,tlatelolco,15086.45701230783,11540.439593846184,18755.672217455314,0.007106562,0.25042224,0.45744035,134
2026-08-12,Wednesday,linea 7,barranca del muerto,40859.38839046258,32254.82096120475,49993.18763668336,0.006933537,0.24432516,0.45708796,151
2026-08-16,Sunday,linea 8,constitución de 1917,50197.748022972155,32729.83105065617,68569.43070166738,0.0074650235,0.26305377,0.45702946,140
2026-08-08,Saturday,linea a,tepalcates,18668.076789289942,12080.90503837297,24677.24654535042,0.006290156,0.2216536,0.4569559,136
2026-08-27,Thursday,linea 12,ermita,9829.008169387445,8019.540132411295,11613.579347759041,0.0059938603,0.21121268,0.4566456,182
2026-08-20,Thursday,linea 7,san antonio,12274.010380521288,9823.816414517878,14758.575305421298,0.0059920684,0.21114953,0.45650908,152
2026-08-20,Thursday,linea 7,constituyentes,14179.200920144647,9788.375743804627,18520.94408319298,0.0059899413,0.21107458,0.45634702,153
2026-08-13,Thursday,linea b,garibaldi/lagunilla,5425.809065269392,3727.061096218669,7390.866084137922,0.0059883404,0.21101816,0.45622507,158
2026-08-22,Saturday,linea a,la paz,37814.05026120589,29630.64939624694,47071.73037390962,0.006279741,0.22128658,0.45619932,133
2026-08-16,Sunday,linea 7,camarones,7028.707247507856,4466.598577590658,9549.865665514273,0.007446748,0.26240978,0.4559106,141
2026-08-02,Sunday,linea 5,eduardo molina,2777.533981190646,1528.143807903989,4160.220661560434,0.0074456763,0.26237202,0.45584497,159
2026-08-09,Sunday,linea 1,chapultepec,32825.316611910115,23573.715256093084,42363.71113550456,0.007444285,0.262323,0.4557598,121
2026-08-24,Monday,linea b,nezahualcóyotl,22359.44955289031,17833.7837968582,27317.466691381764,0.0070799403,0.24948415,0.4557267,135
2026-08-04,Tuesday,linea b,oceanía,7678.3405873716,5794.1909841322695,9595.13504699534,0.0074403253,0.26218346,0.45556074,140
2026-08-20,Thursday,linea 2,popotla,8294.062279220736,5811.948947980675,10925.489738991331,0.0059780176,0.21065441,0.4554386,154
2026-08-11,Tuesday,linea 12,zapotitlán,13177.775069676105,10627.311885317733,15650.141018172828,0.007428169,0.26175508,0.45481643,168
2026-08-08,Saturday,linea 1,balderas,14550.70066145793,8749.682730279896,20283.987829950027,0.0062596495,0.2205786,0.45473975,137
2026-08-10,Monday,linea 3,universidad,62772.98960294225,47115.495913870414,78937.44662552471,0.0070637483,0.24891357,0.45468447,162
2026-08-04,Tuesday,linea b,impulsora,20769.950245562828,16731.01204149396,25058.61193820125,0.0074242745,0.26161787,0.45457798,141
2026-08-13,Thursday,linea 4,bondojito,5768.214548386544,4816.078082131667,6677.052886356916,0.005963923,0.21015774,0.4543648,159
2026-08-21,Friday,linea 3,niños héroes,21303.915784802262,15641.63804846282,26820.634089091545,0.005627452,0.19830112,0.4542795,141
2026-08-13,Thursday,linea 5,la raza,8823.995808224661,6548.384147189419,11041.267359526526,0.00596266,0.21011324,0.4542686,160
2026-08-25,Tuesday,linea 4,candelaria,9711.748914386379,6672.806393198253,13263.798601690858,0.007416246,0.26133496,0.4540864,169
2026-08-26,Wednesday,linea 5,misterios,7763.357437535318,6266.37760400137,9249.042929550107,0.006880792,0.24246652,0.4536108,181
2026-08-22,Saturday,linea 8,santa anita,3338.114614138234,2461.334335425154,4174.134412664365,0.0062381043,0.21981938,0.45317456,134
2026-08-12,Wednesday,linea 7,refinería,9847.415110840824,6600.788426691505,13196.965966275682,0.0068734353,0.24220729,0.45312583,152
2026-08-22,Saturday,linea 7,camarones,11275.829671250603,8628.34534467732,13940.474935985783,0.006236065,0.21974753,0.4530264,135
2026-08-14,Friday,linea 4,jamaica,6424.374665946118,5022.557052832248,7863.671437681968,0.0056100446,0.19768772,0.4528743,165
2026-08-04,Tuesday,linea 5,aragón,6305.071842284263,4917.461178027121,7739.164366322587,0.0073922444,0.26048917,0.4526168,142
2026-08-06,Thursday,linea 7,san antonio,11794.768471327156,9306.006481718314,14156.323617493887,0.0059398697,0.20931014,0.4525323,137
2026-08-22,Saturday,linea 6,uam-azcapotzalco,6058.225093119924,4727.886048580583,7386.26356965421,0.0062279264,0.21946074,0.45243517,136
2026-08-24,Monday,linea 7,mixcoac,19514.96436826284,15312.591194761584,23945.592839160898,0.007026262,0.24759263,0.45227152,136
2026-08-22,Saturday,linea b,impulsora,20356.934949110277,15976.138109217376,24852.075410908386,0.006223091,0.21929035,0.4520839,137
2026-08-17,Monday,linea b,ciudad azteca,46019.61247596951,37333.738111669394,54939.254180796874,0.0070204297,0.24738711,0.4518961,155
2026-08-18,Tuesday,linea b,ciudad azteca,46384.70967222577,38461.34054599186,54864.253335080015,0.007379198,0.26002944,0.45181802,150
2026-08-17,Monday,linea 5,misterios,7006.897774295765,5499.762664026621,8537.009875186275,0.007018209,0.24730885,0.45175314,156
2026-08-09,Sunday,linea 3,coyoacán,13198.760372176359,8200.521853671145,17869.608713373953,0.007375964,0.25991547,0.45157698,122
2026-08-01,Saturday,linea b,impulsora,16205.966679819518,12181.885026752221,20602.727069035016,0.006214934,0.2190029,0.45149133,165
2026-08-21,Friday,linea 7,constituyentes,14112.208021764354,9628.42658462509,18911.43272734001,0.0055840784,0.19677271,0.45077816,142
2026-08-04,Tuesday,linea 8,doctores,10556.901387390997,7906.61825320831,13387.7324771391,0.0073620295,0.25942445,0.4507668,143
2026-08-25,Tuesday,linea 7,constituyentes,13842.416455857596,8975.244580953724,18289.1124307722,0.0073491237,0.2589697,0.4499766,170
2026-08-12,Wednesday,linea 9,patriotismo,17699.825358215276,13999.083084197258,21826.73507513194,0.0068243556,0.24047782,0.4498903,153
2026-08-14,Friday,linea 12,insurgentes sur,38497.24967312078,33094.748186841935,44012.75698562566,0.0055698324,0.1962707,0.44962814,166
2026-08-21,Friday,linea b,buenavista,53723.99294546431,42880.6579608968,64319.17564475717,0.0055694203,0.19625619,0.4495949,143
2026-08-21,Friday,linea 9,velódromo,13735.992878517227,642.365064452948,28346.792080513635,0.005564526,0.19608372,0.4491998,144
2026-08-07,Friday,linea a,tepalcates,25434.467618467454,19546.89959964656,31928.08466231808,0.005550399,0.1955859,0.44805938,139
2026-08-04,Tuesday,linea 8,atlalilco,12978.517347801508,10227.36070521968,15745.916149740086,0.0073172795,0.25784755,0.44802684,144
2026-08-25,Tuesday,linea 12,ermita,9811.605200170872,8149.059045872766,11691.206267970501,0.0073169502,0.25783595,0.44800666,171
2026-08-06,Thursday,linea 3,niños héroes,19499.521078288246,13571.796755274263,25162.20380494231,0.0058781253,0.20713438,0.44782826,138
2026-08-19,Wednesday,linea 7,constituyentes,14248.949145410534,9515.306040762287,18853.752813786916,0.006791414,0.23931701,0.44771865,161
2026-08-30,Sunday,linea 2,popotla,3788.5030792809844,1204.5898823635123,6249.8904523368865,0.007312858,0.25769174,0.44771346,160
2026-08-13,Thursday,linea 3,deportivo 18 de marzo,27534.916925458947,21543.035017241313,33265.073633296655,0.0058742897,0.20699923,0.44753605,161
2026-08-09,Sunday,linea 2,panteones,4741.438859675544,2799.023670987756,6607.492455553735,0.0072916523,0.25694448,0.4464152,123
2026-08-07,Friday,linea 2,cuatro caminos,100735.01754923446,85990.34105947182,115298.79419275782,0.0055289133,0.1948288,0.44632494,140
2026-08-07,Friday,linea 2,tasqueña,51611.49841735708,38022.24736467628,65060.639370442346,0.005527414,0.19477595,0.4462039,141
2026-08-17,Monday,linea 8,constitución de 1917,100558.18089748106,80234.45479453226,119442.13614422065,0.0069312225,0.2442436,0.44615394,157
2026-08-09,Sunday,linea 3,división del norte,5085.577571408741,2041.3472236062485,8137.855089316285,0.007282287,0.25661448,0.44584182,124
2026-08-04,Tuesday,linea b,garibaldi/lagunilla,4736.540648743192,2949.546009811428,6509.846232565615,0.007278186,0.25646996,0.44563317,145
2026-08-11,Tuesday,linea 7,constituyentes,13725.871895037613,9054.533722189008,18508.984879603067,0.0072756438,0.25638038,0.44547752,169
2026-08-30,Sunday,linea 6,el rosario,7661.063817156186,3911.9316393483878,11404.52005638298,0.007274507,0.25634032,0.44536552,161
2026-08-15,Saturday,linea 1,juanacatlán,4031.7582134503427,2337.3273061567184,5924.560720033212,0.0061284215,0.21595436,0.44520652,162
2026-08-14,Friday,linea 5,oceanía,8036.185850123732,6162.793390688988,9823.87863719636,0.005507952,0.19409016,0.44463283,167
2026-08-21,Friday,linea 3,deportivo 18 de marzo,28757.179606606358,23407.38484520934,33898.53180286548,0.005507046,0.19405822,0.44455966,145
2026-08-18,Tuesday,linea 12,hospital 20 de noviembre,12231.882507190936,10494.922473918823,14018.493135365095,0.007253185,0.25558898,0.4441024,151
2026-08-22,Saturday,linea 3,tlatelolco,13277.380326587241,9555.195214855321,17036.08200846174,0.0061089788,0.21526924,0.44379407,138
2026-08-18,Tuesday,linea 5,la raza,9236.291038161438,7162.352366603611,11462.810359479061,0.0072477586,0.25539777,0.44377017,152
2026-08-09,Sunday,linea 3,hospital general,6470.1267423004065,2290.0855688740644,10656.4128772474,0.0072458857,0.25533175,0.44361323,125
2026-08-24,Monday,linea 3,balderas,9134.609389478279,1245.0735052681644,16973.81749714506,0.0068893866,0.24276939,0.44346103,137
2026-08-10,Monday,linea 5,la raza,8032.023390013417,5836.284959011916,10242.580514020825,0.006888268,0.24272998,0.44338903,163
2026-08-18,Tuesday,linea 4,bondojito,5843.46074839213,4932.490224774835,6812.14817993621,0.007241116,0.25516367,0.44336343,153
2026-08-22,Saturday,linea 3,etiopía/plaza de la transparencia,18219.741724443425,13407.52228202593,23144.443668961252,0.006100759,0.21497959,0.44319695,139
2026-08-09,Sunday,linea 5,oceanía,3265.3342794938317,1445.966831613374,5020.726987924071,0.0072318874,0.2548385,0.44275624,126
2026-08-19,Wednesday,linea 5,misterios,7544.144451080927,6164.879630220929,9038.638130906078,0.0067121875,0.23652521,0.4424957,162
2026-08-12,Wednesday,linea 12,tlaltenco,5192.974593642875,4429.060991737718,6002.6635419931645,0.0067106993,0.23647277,0.44239756,154
2026-08-19,Wednesday,linea 2,bellas artes,15071.3676581562,6351.806652374642,23642.54476889026,0.0067081195,0.23638186,0.4422275,163
2026-08-09,Sunday,linea 2,colegio militar,1424.8780724017997,0.0,5997.117039810237,0.0072197546,0.25441095,0.4420134,127
2026-08-24,Monday,linea 6,uam-azcapotzalco,7488.451280338784,6059.480185317654,8859.432242399062,0.0068655983,0.24193113,0.4419298,138
2026-08-23,Sunday,linea 2,hidalgo,8104.753990318044,1005.9300785000382,15932.752628660794,0.0072147115,0.25423324,0.44170466,118
2026-08-20,Thursday,linea b,garibaldi/lagunilla,5487.829034675712,3662.209006133392,7194.936473578258,0.0057964916,0.20425777,0.44160897,155
2026-08-07,Friday,linea b,oceanía,7554.074327060124,5712.419506196024,9355.813236657516,0.0054651108,0.1925805,0.44117442,142
2026-08-30,Sunday,linea 7,polanco,21179.70029629594,12945.090223419886,29069.23020160059,0.0072038923,0.25385198,0.44104227,162
2026-08-09,Sunday,linea 1,observatorio,32739.1470346244,23671.20483490834,41407.63207902448,0.0072036707,0.25384417,0.4410287,128
2026-08-21,Friday,linea b,deportivo oceanía,11832.915178021347,8268.276952121192,15153.793047989226,0.0054628327,0.19250023,0.44099054,146
2026-08-08,Saturday,linea 7,san joaquín,19386.525540084367,12625.067996064514,26205.25808259412,0.00606793,0.21382275,0.44081202,138
2026-08-29,Saturday,linea 12,eje central,9423.991503036876,7429.235457993768,11338.27689748648,0.0060634883,0.21366625,0.44048938,175
2026-08-20,Thursday,linea 5,hangares,5377.886966445771,4104.238476185663,6659.122699438011,0.0057791993,0.20364842,0.44029152,156
2026-08-05,Wednesday,linea 4,bondojito,5662.676504736136,4734.156083333345,6585.806608498204,0.00667756,0.23530501,0.4402129,155
2026-08-30,Sunday,linea 6,ferrería/arena ciudad de méxico,8140.855781229826,1838.6139639810879,13960.497186073275,0.0071901586,0.25336805,0.44020146,163
2026-08-03,Monday,linea 12,hospital 20 de noviembre,11120.367744246552,9383.140308191305,12865.146584851043,0.006833686,0.2408066,0.43987563,159
2026-08-23,Sunday,linea 7,mixcoac,9882.545777469451,5613.114342441032,14089.901050014043,0.007180858,0.2530403,0.43963206,119
2026-08-23,Sunday,linea 5,aragón,3805.4337590825444,2379.9330321287775,5092.598499419568,0.007166893,0.25254822,0.4387771,120
2026-08-15,Saturday,linea 1,tacubaya,20203.05070821883,15156.670484266255,25811.333754831703,0.0060367747,0.2127249,0.43854874,163
2026-08-20,Thursday,linea 4,candelaria,9819.277047743713,6678.773799854281,12951.638475135724,0.0057452624,0.20245254,0.43770602,157
2026-08-05,Wednesday,linea 7,constituyentes,13459.956430817168,8799.551887124368,18030.132402963987,0.006636141,0.23384547,0.43748236,156
2026-08-09,Sunday,linea 7,refinería,5251.919742276474,2110.3130991780713,8570.944642530387,0.00714514,0.25178167,0.4374453,129
2026-08-09,Sunday,linea b,impulsora,12015.177550279139,8178.4216146970775,16412.362750561537,0.0071367216,0.25148502,0.4369299,130
2026-08-25,Tuesday,linea 2,tasqueña,53786.083970531916,40031.357028537874,67148.78226940475,0.0071358704,0.251455,0.4369194,172
2026-08-30,Sunday,linea 3,niños héroes,6451.958528503086,812.0356460903786,12352.164218755484,0.007134489,0.25140634,0.4367932,164
2026-08-07,Friday,linea 1,zaragoza,28316.948421235553,23195.94469277157,32959.481450969746,0.0054077795,0.19056027,0.43654633,143
2026-08-21,Friday,linea 2,popotla,8439.858218092531,5983.717344512728,11078.177949835572,0.00539984,0.19028048,0.4359054,147
2026-08-16,Sunday,linea 3,deportivo 18 de marzo,14488.714841869692,8639.575672433637,19988.556047438724,0.0071193823,0.250874,0.43586835,142
2026-08-24,Monday,linea b,buenavista,50995.255269840614,40281.632083810015,61282.33187425823,0.006770822,0.23859139,0.4358292,139
2026-08-15,Saturday,linea 3,copilco,30038.225469494875,17730.353694468417,42768.295008864836,0.005994059,0.21121968,0.4354456,164
2026-08-24,Monday,linea b,san lázaro,19316.704727489065,15157.23866987161,23390.806090497405,0.006762176,0.2382867,0.43527263,140
2026-08-09,Sunday,linea 4,martín carrera,11828.519070064465,7378.914614803373,16271.4314936513,0.007106562,0.25042224,0.43508345,131
2026-08-17,Monday,linea 1,juanacatlán,6660.514067856871,4827.541582288138,8450.519484303142,0.0067584007,0.23815368,0.43502963,158
2026-08-16,Sunday,linea 7,auditorio,9765.435809802168,1652.2092979883034,17897.373786437176,0.007105543,0.25038633,0.43502104,143
2026-08-01,Saturday,linea 7,el rosario,19798.79063392982,13540.197308285397,25913.784852363227,0.005987296,0.21098135,0.4349543,166
2026-08-02,Sunday,linea 7,polanco,18508.073190298324,10159.667928574221,26280.28059649295,0.007103023,0.25029755,0.4348668,160
2026-08-02,Sunday,linea 12,parque de los venados,5004.628132168056,3197.0662140586855,6702.426156488272,0.0071006157,0.2502127,0.4347194,161
2026-08-17,Monday,linea 5,la raza,8599.465114933992,6269.618077300419,11004.452898584987,0.006745501,0.23769912,0.43419927,159
2026-08-15,Saturday,linea b,buenavista,46817.11398839091,35671.36389531882,57314.96833139307,0.0059764707,0.2105999,0.43416786,165
2026-08-07,Friday,linea 3,copilco,38123.20375050443,25096.713140551623,51091.528728750854,0.00537821,0.18951829,0.4341593,144
2026-08-10,Monday,linea b,garibaldi/lagunilla,5323.9498689380525,3391.699899755116,7246.602126436113,0.006744654,0.23766927,0.43414477,164
2026-08-17,Monday,linea 4,candelaria,9023.866802780802,5975.897225211261,12302.959860091636,0.006742045,0.23757733,0.43397683,160
2026-08-21,Friday,linea 7,san antonio,12213.204776989549,9698.407350906744,14757.662601298574,0.005372785,0.18932712,0.43372136,148
2026-08-23,Sunday,linea 8,atlalilco,7405.911171311932,4832.265593981231,10153.698776502913,0.007083763,0.24961884,0.43368763,121
2026-08-14,Friday,linea 12,ermita,9505.45604024913,7699.200388952174,11424.33713961874,0.0053701634,0.18923473,0.43350974,168
2026-08-13,Thursday,linea b,buenavista,52213.09697152843,41397.3405441274,62240.44972430436,0.0056863143,0.20037532,0.43321502,162
2026-08-14,Friday,linea 12,san andrés tomatlán,10614.113093451771,8608.335298701215,12664.4722074669,0.0053636013,0.1890035,0.43298,169
2026-08-20,Thursday,linea 12,eje central,13240.661321480527,11268.631693266132,15273.04623310648,0.0056828666,0.20025383,0.43295237,158
2026-08-24,Monday,linea 3,juárez,13024.76623586213,8420.728685994822,17049.475600460944,0.0067259795,0.23701122,0.43294272,141
2026-08-07,Friday,linea 9,tacubaya,44994.6106885803,33140.85694098719,57714.504829039324,0.005362286,0.18895715,0.43287385,145
2026-08-03,Monday,linea b,buenavista,48855.32961078876,38409.908200596845,59260.50028214804,0.006722056,0.23687296,0.43269014,160
2026-08-05,Wednesday,linea b,impulsora,21271.559168491563,17025.184279316538,25806.05015242043,0.006560457,0.2311785,0.43249297,157
2026-08-25,Tuesday,linea 5,hangares,5378.061507480844,4180.1417660447005,6523.662091554922,0.0070616915,0.24884109,0.43237752,173
2026-08-22,Saturday,linea a,tepalcates,22584.141959980807,16498.5507557945,29142.127476486352,0.005944526,0.20947422,0.43184718,140
2026-08-12,Wednesday,linea 2,bellas artes,15807.484723172432,6996.698450290273,24850.06857111965,0.006544229,0.23060666,0.43142316,155
2026-08-19,Wednesday,linea 4,fray servando,7809.159395327369,5493.126839524877,10345.358756643782,0.0065434603,0.23057957,0.43137246,164
2026-08-25,Tuesday,linea 2,panteones,11173.234165937218,9299.790629878426,13084.125296790651,0.0070438697,0.24821308,0.43128633,174
2026-08-19,Wednesday,linea 5,politécnico,26503.534464434237,17815.595733295188,34750.31836026946,0.006541502,0.23051058,0.4312434,165
2026-08-16,Sunday,linea 5,oceanía,3608.6006018836165,1642.5275281180952,5482.002334619528,0.00704254,0.24816622,0.43116385,144
2026-08-08,Saturday,linea 5,misterios,5400.361713106837,4009.099500370528,6809.908899334836,0.005934672,0.209127,0.43113136,139
2026-08-06,Thursday,linea 9,patriotismo,17137.76088553795,13386.058370263192,20788.81321756375,0.005658958,0.19941133,0.4311309,139
2026-08-04,Tuesday,linea 2,san cosme,16593.118556048925,12441.772578916054,20868.82238364857,0.0070258463,0.24757798,0.43018278,146
2026-08-23,Sunday,linea 3,tlatelolco,9497.357302623004,6005.231184759026,13233.379299785716,0.0070255105,0.24756615,0.43012127,122
2026-08-10,Monday,linea 12,eje central,12539.882712478642,10703.425206914162,14428.159221396447,0.0066783475,0.23533276,0.42987671,165
2026-08-24,Monday,linea 4,canal del norte,6725.2718649474455,5152.745773686452,8220.802759713386,0.0066777975,0.23531337,0.4298413,142
2026-08-06,Thursday,linea 7,barranca del muerto,39053.8447027707,30018.785300531483,47939.94066991922,0.0056411168,0.19878264,0.42977163,140
2026-08-12,Wednesday,linea 3,deportivo 18 de marzo,27181.377791214203,21418.97281509978,32870.6367495881,0.0065175295,0.22966582,0.429663,156
2026-08-15,Saturday,linea 4,jamaica,5828.781063256215,4365.0331495102055,7210.3469259399335,0.005909408,0.20823672,0.42929602,166
2026-08-10,Monday,linea b,deportivo oceanía,10016.950797479303,6462.510224249933,13440.875737636787,0.0066683497,0.23498045,0.42923316,166
2026-08-23,Sunday,linea 2,popotla,3126.6182263095143,516.7577778732854,5732.419216187058,0.007010557,0.24703921,0.42920578,123
2026-08-22,Saturday,linea 7,san joaquín,20575.39140183601,14258.019760868332,27029.244813051704,0.0059037968,0.208039,0.42888838,141
2026-08-04,Tuesday,linea 1,observatorio,41362.97001884794,32412.8171453881,49803.307219388065,0.0070020813,0.24674053,0.4287277,147
2026-08-18,Tuesday,linea 7,constituyentes,14031.20485120155,9498.29581229088,18317.403697026763,0.007000022,0.24666798,0.4286016,154
2026-08-07,Friday,linea 8,doctores,10571.520756373764,7979.7936574077,13226.968673372929,0.00530323,0.18687613,0.42810652,146
2026-08-03,Monday,linea 4,bondojito,5305.4545518401965,4320.683559319885,6297.428513772526,0.0066492334,0.23430683,0.42800266,161
2026-08-25,Tuesday,linea 5,misterios,7679.22280353444,6253.988618161625,9078.391296373975,0.0069891163,0.24628368,0.42793384,175
2026-08-09,Sunday,linea 7,aquiles serdán,5978.726449143871,3090.3200612967016,8831.342509197115,0.0069866315,0.24619612,0.427741,132
2026-08-06,Thursday,linea b,garibaldi/lagunilla,5351.497212098087,3609.6759204766754,7165.0147048802955,0.005608454,0.19763166,0.4272832,141
2026-08-23,Sunday,linea b,impulsora,14789.665029843192,10234.677810293126,19270.2968497089,0.0069767535,0.24584803,0.4271362,124
2026-08-24,Monday,linea 3,niños héroes,21608.163116514814,15932.996919954558,26953.492071199424,0.006635104,0.23380892,0.42709318,143
2026-08-06,Thursday,linea b,oceanía,7734.439423293267,5869.523474667872,9605.956254975186,0.005605136,0.19751474,0.4270304,142
2026-08-03,Monday,linea 12,eje central,12272.194186599874,10299.59324484732,14002.007399285758,0.006628419,0.23357336,0.42666286,162
2026-08-19,Wednesday,linea 2,cuatro caminos,103973.37250293583,88637.42019458435,118347.38750381369,0.0064657377,0.22784077,0.42624867,166
2026-08-22,Saturday,linea 5,la raza,6750.847612390192,4548.060252646565,8965.380391789668,0.005864757,0.20666331,0.4260523,142
2026-08-02,Sunday,linea 7,barranca del muerto,12836.689565723293,3493.031091993844,22090.394645045293,0.006958221,0.24519499,0.4260016,162
2026-08-07,Friday,linea 9,chilpancingo,39223.093578139255,32763.22040966509,45124.06580213308,0.005276774,0.18594387,0.42597082,147
2026-08-06,Thursday,linea 1,candelaria,17155.58832883858,13901.530712620897,20750.679822801856,0.0055912053,0.19702385,0.4259691,143
2026-08-18,Tuesday,linea b,buenavista,51422.535145228336,41079.66273205291,61769.34260536106,0.006955685,0.24510562,0.4258869,155
2026-08-08,Saturday,linea 2,hidalgo,17811.823194874072,9994.823208238062,24660.166356335256,0.00586225,0.20657498,0.42587018,140
2026-08-04,Tuesday,linea 7,refinería,9615.114157517952,6198.508586191016,12710.148959511504,0.0069521847,0.24498227,0.4256726,148
2026-08-27,Thursday,linea 5,oceanía,8585.150092802214,6660.215376632595,10491.303548279568,0.005585675,0.19682898,0.42554778,183
2026-08-27,Thursday,linea 7,auditorio,28080.733047936083,20851.48150257339,36026.31727622133,0.0055855555,0.19682476,0.42553866,184
2026-08-15,Saturday,linea 2,panteones,8738.324173635205,6736.508583767952,10631.654015041218,0.0058567696,0.20638186,0.42547205,167
2026-08-18,Tuesday,linea 5,hangares,5307.428903906637,3958.5463681138217,6531.993671837219,0.0069482224,0.24484265,0.42542997,156
2026-08-05,Wednesday,linea b,nezahualcóyotl,19316.89517345051,14628.965982433725,24280.82190264913,0.0064517874,0.22734919,0.42532903,158
2026-08-22,Saturday,linea 4,bondojito,5141.883343134603,4264.155737390479,6039.5891423580015,0.0058538136,0.20627768,0.4252573,143
2026-08-12,Wednesday,linea b,garibaldi/lagunilla,5479.856174134138,3615.1170413276236,7216.31495026338,0.0064482307,0.22722386,0.42509454,157
2026-08-08,Saturday,linea 8,atlalilco,11025.266656309572,8445.761385299771,13653.158390763892,0.0058489093,0.20610486,0.424901,141
2026-08-04,Tuesday,linea 12,mixcoac,16728.732700621138,13894.11901078132,19294.719018713076,0.0069331233,0.24431059,0.42450547,149
2026-08-30,Sunday,linea 12,parque de los venados,5726.107991378829,3905.505684992881,7413.271533159871,0.0069313115,0.24424674,0.42435414,165
2026-08-21,Friday,linea 5,pantitlán,48972.28566511141,39190.81099768885,59637.066982513556,0.0052533066,0.18511692,0.4240764,149
2026-08-22,Saturday,linea 4,jamaica,6071.461552349252,4725.732652183928,7551.348877743955,0.0058315285,0.20549239,0.42363837,144
2026-08-24,Monday,linea 3,etiopía/plaza de la transparencia,24332.322922081174,19314.341133226866,29313.92061062102,0.0065811654,0.23190823,0.4236212,144
2026-08-08,Saturday,linea 12,lomas estrella,8274.312339699594,7052.784835312523,9579.193050431022,0.005830868,0.20546913,0.4235904,142
2026-08-24,Monday,linea 4,bondojito,5697.340615556045,4747.47242965971,6617.103747084716,0.006574201,0.23166282,0.42317292,145
2026-08-04,Tuesday,linea 3,etiopía/plaza de la transparencia,22855.38051506099,17833.004404671854,27565.010195423874,0.0069081746,0.24343143,0.4229779,150
2026-08-08,Saturday,linea 5,oceanía,5574.81702904079,3704.240298762711,7550.037678208874,0.0058160513,0.20494701,0.42251402,143
2026-08-18,Tuesday,linea 7,barranca del muerto,41345.80911051579,31857.50354439039,50851.476074436556,0.006897387,0.2430513,0.4223174,157
2026-08-29,Saturday,linea 12,culhuacán,13955.539862236104,11555.723394424207,16427.47125167449,0.00581227,0.20481376,0.42223933,176
2026-08-19,Wednesday,linea 12,ermita,9800.79101741506,7994.918734870024,11580.25018226139,0.006404234,0.2256735,0.4221941,167
2026-08-13,Thursday,linea 2,panteones,10671.487171871346,8804.967429880468,12615.917670118057,0.0055407,0.19524415,0.42212135,163
2026-08-20,Thursday,linea 2,panteones,11128.253142813941,9234.833989645227,12981.565680249376,0.005539066,0.19518656,0.42199686,159
2026-08-09,Sunday,linea 3,viveros/derechos humanos,8836.092656448844,5545.363981774751,11913.652927263003,0.0068904925,0.24280836,0.4218551,133
2026-08-24,Monday,linea 12,mexicaltzingo,15928.474713270984,12684.778393709392,18815.226332540788,0.0065532415,0.23092425,0.4218238,146
2026-08-21,Friday,linea 3,juárez,14237.330133456824,9769.806779694589,18684.54059640657,0.005225244,0.18412805,0.42181104,150
2026-08-28,Friday,linea 7,auditorio,28177.628594490696,20517.661941475202,35650.90687488779,0.0052232244,0.18405688,0.421648,182
2026-08-18,Tuesday,linea 2,tasqueña,52685.0277059884,38827.94861583373,66897.54345629923,0.006885238,0.2426232,0.42157352,158
2026-08-09,Sunday,linea 9,chilpancingo,13567.695810763274,7258.963876068898,19419.236366362456,0.0068850582,0.24261686,0.42152238,134
2026-08-13,Thursday,linea 1,tacubaya,20300.09663239895,14972.227665798353,25979.656202943253,0.0055327397,0.19496363,0.42151487,164
2026-08-21,Friday,linea 4,bondojito,6022.926630000937,5082.779805193524,6964.904970591132,0.0052200737,0.18394585,0.42139366,151
2026-08-13,Thursday,linea 7,constituyentes,14010.347842649659,9009.090494572789,18834.649140861267,0.005530799,0.19489524,0.421367,165
2026-08-02,Sunday,linea 7,el rosario,12648.861239460877,6415.0129474560645,19512.769529276076,0.006881115,0.24247791,0.42128098,163
2026-08-06,Thursday,linea b,nezahualcóyotl,19393.017275198617,14655.913519059006,23921.0654920167,0.0055272984,0.19477189,0.42110032,144
2026-08-21,Friday,linea 5,hangares,5263.15005457771,4113.67800049738,6525.856897868279,0.0052157072,0.18379198,0.4210412,152
2026-08-08,Saturday,linea 3,etiopía/plaza de la transparencia,16358.056784138487,11789.332258285041,21070.729596027082,0.005788377,0.20397182,0.4205036,144
2026-08-16,Sunday,linea 3,etiopía/plaza de la transparencia,10924.37194881011,5967.839379391928,15802.823451193963,0.0068663363,0.24195714,0.42037618,145
2026-08-24,Monday,linea 8,santa anita,3922.7909256109624,3059.616881621499,4845.950079039506,0.0065286728,0.23005849,0.42024234,147
2026-08-18,Tuesday,linea 12,san andrés tomatlán,11097.42860700699,8895.727184669493,13399.566216007406,0.0068632644,0.24184889,0.42022812,159
2026-08-08,Saturday,linea 3,balderas,4331.263263610608,0.0,12315.992152760537,0.0057803723,0.20368975,0.41992208,145
2026-08-11,Tuesday,linea 5,oceanía,8070.470156958767,6309.196636056408,10004.735005509792,0.006847658,0.24129896,0.41927257,170
2026-08-09,Sunday,linea b,múzquiz,13206.660292870223,8204.223245393128,18096.730019797054,0.006843502,0.2411525,0.4189782,135
2026-08-25,Tuesday,linea 2,colegio militar,15099.564130798768,10374.90109684427,19982.447589769192,0.0068320227,0.24074799,0.41831523,176
2026-08-22,Saturday,linea 6,ferrería/arena ciudad de méxico,11684.095072919907,5313.99605271495,17850.999395348677,0.0057576005,0.20288731,0.4182678,145
2026-08-13,Thursday,linea 4,fray servando,7615.940023467764,5206.952094086751,9912.922926383251,0.0054879207,0.19338429,0.4181003,166
2026-08-09,Sunday,linea 8,santa anita,1831.0858664118748,951.2401096040854,2737.8777092876567,0.0068288296,0.24063547,0.4180799,136
2026-08-10,Monday,linea 8,iztacalco,12962.035742775177,8708.008218612904,16934.51965989822,0.006492885,0.22879739,0.4179387,167
2026-08-26,Wednesday,linea 3,universidad,69713.4561576846,52704.22654377764,85131.53652602383,0.0063337157,0.22318856,0.41754523,182
2026-08-30,Sunday,linea 12,periférico oriente,22644.886507416402,15096.986919938832,30716.259295323085,0.006818437,0.24026926,0.41744363,166
2026-08-07,Friday,linea 6,martín carrera,23110.81652657419,17877.942266474736,28502.149281656435,0.005170796,0.1822094,0.4174157,148
2026-08-22,Saturday,linea 5,hangares,3917.922316171035,2657.5593291338805,5220.284292152581,0.005739719,0.2022572,0.41696876,146
2026-08-30,Sunday,linea 1,juanacatlán,2015.0725176466417,314.70700576854244,3734.5651346862405,0.006800719,0.2396449,0.4163589,167
2026-08-12,Wednesday,linea 8,cerro de la estrella,10480.888869742994,8462.128693054494,12537.374336709168,0.0063144607,0.22251004,0.41627586,158
2026-08-09,Sunday,linea 7,auditorio,9177.970001784279,1796.786329765987,17098.063468268287,0.006799251,0.23959316,0.416269,137
2026-08-21,Friday,linea 4,candelaria,10064.758811004824,6801.830994722688,12978.884269086497,0.005154178,0.1816238,0.4160742,153
2026-08-29,Saturday,linea 7,barranca del muerto,25909.91573486721,16647.35648532202,34582.3158064826,0.0057246336,0.20172562,0.41587287,177
2026-08-11,Tuesday,linea 7,el rosario,28264.643120439338,22346.77187123772,34465.66130494076,0.0067888163,0.23922548,0.41566977,171
2026-08-12,Wednesday,linea b,buenavista,52456.33283889818,42548.577374634195,63917.05291404367,0.0063047647,0.22216837,0.41563666,159
2026-08-07,Friday,linea 1,observatorio,41740.27242984139,32945.916117709916,50308.32758271975,0.0051478683,0.18140146,0.41556484,149
2026-08-06,Thursday,linea 9,puebla,29103.642361920996,20880.554844453283,36740.739783943,0.0054539284,0.19218646,0.4155106,145
2026-08-20,Thursday,linea 5,misterios,7609.930669332547,6201.4368253137245,8996.42067521796,0.0054514282,0.19209836,0.4153201,160
2026-08-19,Wednesday,linea 5,la raza,9397.502852246558,7187.025045285565,11894.884962610306,0.0062999064,0.22199719,0.41531637,168
2026-08-06,Thursday,linea a,tepalcates,24588.950087226578,18559.291682088035,30698.76216360911,0.005449781,0.19204032,0.41519463,146
2026-08-21,Friday,linea 5,misterios,7722.372776112052,6315.799654261883,9136.592781339677,0.005143184,0.1812364,0.4151867,154
2026-08-22,Saturday,linea b,deportivo oceanía,9130.115007942282,5667.6294092580465,12400.284042855561,0.005713974,0.20135,0.4150985,147
2026-08-23,Sunday,linea 9,patriotismo,6182.23248521499,2374.3914974990607,9819.457104596257,0.006777315,0.23882018,0.41492602,125
2026-08-24,Monday,linea 5,aragón,6811.911801631661,5446.3792395133,8265.043247251391,0.0064456896,0.22713432,0.4149008,148
2026-08-25,Tuesday,linea 12,culhuacán,17247.79095608074,14957.966370907063,19710.67262043016,0.0067743603,0.23871607,0.41478464,177
2026-08-06,Thursday,linea 1,observatorio,38901.95894552478,31248.382433847724,48611.780859718856,0.0054434943,0.19181879,0.41471565,147
2026-08-04,Tuesday,linea b,ciudad azteca,43523.89961106469,35139.95935435371,52479.76190915218,0.0067693214,0.2385385,0.41447613,151
2026-08-13,Thursday,linea 6,ferrería/arena ciudad de méxico,19301.191360711484,13415.424125786722,25187.60727220881,0.005438764,0.1916521,0.41435528,167
2026-08-07,Friday,linea b,buenavista,52108.31832786145,42018.52193463732,62491.133043901675,0.0051319827,0.18084168,0.41428247,150
2026-08-01,Saturday,linea 7,auditorio,15519.312465011171,8356.096005181596,22929.024779754887,0.005697557,0.20077148,0.41390583,167
2026-08-22,Saturday,linea b,garibaldi/lagunilla,7782.178725543009,5878.0754170358605,9458.562525283181,0.0056925886,0.2005964,0.41354492,148
2026-08-08,Saturday,linea 3,niños héroes,9653.854109179258,3847.2962615866545,15487.480154404551,0.005691941,0.2005736,0.41349787,146
2026-08-15,Saturday,linea 7,constituyentes,11153.679461009275,6550.880905443733,16071.94416083905,0.005688652,0.20045769,0.41325894,168
2026-08-22,Saturday,linea 12,hospital 20 de noviembre,6577.618716854224,4666.088672180283,8350.055511647031,0.0056845215,0.20031214,0.41295886,149
2026-08-16,Sunday,linea 7,san antonio,5145.775972259339,2809.6898633280143,7520.430034028867,0.0067450795,0.23768426,0.41295248,146
2026-08-30,Sunday,linea 5,oceanía,4070.7247884239796,2080.319607274991,6072.879089067428,0.0067396024,0.23749126,0.41261718,168
2026-08-08,Saturday,linea 2,tasqueña,42331.55845030663,28678.535130929045,55819.347005060896,0.0056778495,0.20007703,0.4124742,147
2026-08-11,Tuesday,linea 4,fray servando,7322.029544395899,4924.141288305936,9650.392811071899,0.006733164,0.2372644,0.41226226,172
2026-08-10,Monday,linea 12,ermita,9208.390196898972,7473.435246423695,11114.360590842307,0.0064043277,0.22567679,0.4122384,168
2026-08-06,Thursday,linea 3,etiopía/plaza de la transparencia,23599.637588885653,18316.17515952892,28350.201829305715,0.0054105655,0.19065844,0.41220695,148
2026-08-19,Wednesday,linea b,villa de aragón,13490.506167837397,9266.5774293959,17699.591621891257,0.006248933,0.22020097,0.41195598,169
2026-08-28,Friday,linea 12,ermita,9679.09921148466,7740.44403418113,11463.890132228613,0.0050894306,0.17934223,0.41084743,183
2026-08-24,Monday,linea 2,popotla,8198.54007017491,5698.441006660172,10649.96405811006,0.006381058,0.22485682,0.41074055,149
2026-08-22,Saturday,linea 2,ermita,10701.925931921829,7120.5691556430575,14114.275454571094,0.0056512575,0.19913998,0.41054237,150
2026-08-06,Thursday,linea 9,chilpancingo,38750.722800619194,32668.478207365893,45372.31752552556,0.00538864,0.18988581,0.41053653,149
2026-08-13,Thursday,linea 5,oceanía,8048.322973063451,6153.980970512455,9842.130403602192,0.005387247,0.18983674,0.41043043,168
2026-08-17,Monday,linea 12,eje central,12815.211192292012,10792.388756604272,14907.551281466285,0.0063743494,0.22462042,0.41030872,161
2026-08-06,Thursday,linea 8,atlalilco,13316.805646690464,10635.073076692524,16070.55539966224,0.005385612,0.18977912,0.41030586,150
2026-08-21,Friday,linea 4,fray servando,8167.994188027291,5918.587276744423,10565.447179005905,0.005081452,0.17906107,0.41020334,155
2026-08-02,Sunday,linea 4,bondojito,3079.9840008553606,2104.8916991085466,3960.105315589921,0.0066951304,0.23592415,0.40989447,164
2026-08-29,Saturday,linea 2,normal,21416.850601565522,12551.26295750288,30075.2328659613,0.005642032,0.19881488,0.40987214,178
2026-08-19,Wednesday,linea 12,tlaltenco,5294.230918883184,4504.062527804917,6012.122297250901,0.006212519,0.2189178,0.40955544,170
2026-08-01,Saturday,linea 7,constituyentes,10158.831851468567,5769.052655686972,14703.782402544639,0.005637216,0.19864517,0.4095223,168
2026-08-22,Saturday,linea b,ciudad azteca,39193.16065778309,30827.662409545974,47291.03831942111,0.0056346073,0.19855325,0.40933278,151
2026-08-04,Tuesday,linea 7,constituyentes,13167.241512936269,8332.330079070414,17960.044870851525,0.006682607,0.23548284,0.4091667,152
2026-08-09,Sunday,linea 5,misterios,3252.693593882546,1838.4614613507774,4650.854046437483,0.0066809515,0.23542452,0.40902638,138
2026-08-24,Monday,linea 2,san cosme,18129.23785207441,14028.566804978283,22709.487883355745,0.006354426,0.22391835,0.4090263,150
2026-08-09,Sunday,linea a,guelatao,11133.500497320945,6470.275502450427,15939.08690088685,0.0066777216,0.2353107,0.40882865,139
2026-08-20,Thursday,linea 5,la raza,9381.824083680207,7140.392704099321,11655.924510158402,0.0053624185,0.18896182,0.40853885,161
2026-08-30,Sunday,linea 12,calle 11,6646.217594313408,4690.856872216453,8571.8649302633,0.0066721886,0.23511572,0.4084899,169
2026-08-06,Thursday,linea b,impulsora,21226.2276895857,16788.013964108944,25539.09750739274,0.0053612567,0.18892089,0.40845034,151
2026-08-28,Friday,linea 12,zapotitlán,14286.849872440465,12050.204452988944,16695.49116880439,0.0050515244,0.17800649,0.4077874,184
2026-08-24,Monday,linea 7,barranca del muerto,39870.33211060215,31336.156721729178,49451.75433404742,0.006334286,0.22320867,0.40772992,151
2026-08-06,Thursday,linea 3,universidad,61433.38130173025,45297.97457679318,77410.5074919094,0.005350346,0.18853642,0.40761912,152
2026-08-02,Sunday,linea b,buenavista,27513.42946888067,16483.16091219217,38009.59200556358,0.006650415,0.23434846,0.40715685,165
2026-08-21,Friday,linea b,río de los remedios,16191.875826007821,12293.73266144973,20196.51444081593,0.005043344,0.17771822,0.40712705,156
2026-08-20,Thursday,linea 2,cuatro caminos,103725.88828350324,88441.92517752554,117267.87982817541,0.005343613,0.18829916,0.40710616,162
2026-08-08,Saturday,linea 3,deportivo 18 de marzo,19032.495954599563,13380.130259131496,24856.76020401608,0.0056025824,0.19742475,0.4070063,148
2026-08-22,Saturday,linea 12,lomas estrella,8410.639768610665,7172.21321353006,9526.855932487855,0.0056017167,0.19739425,0.4069434,152
2026-08-29,Saturday,linea 2,colegio militar,9016.40613510608,4035.7319487770324,13392.695834195214,0.005597869,0.19725867,0.4066639,179
2026-08-16,Sunday,linea 4,bondojito,3395.023550324984,2393.2569803626693,4330.858036211178,0.00662824,0.23356706,0.40579924,147
2026-08-08,Saturday,linea b,ciudad azteca,36484.33250928049,27949.461940659778,44644.95594383935,0.0055796895,0.19661805,0.40534323,149
2026-08-14,Friday,linea 2,popotla,7498.66234604602,4796.409242398766,9873.011322138214,0.0050211404,0.1769358,0.40533465,170
2026-08-09,Sunday,linea 7,san antonio,4882.998569715812,2572.158350951398,7290.726441527924,0.006619637,0.2332639,0.40527254,140
2026-08-13,Thursday,linea 12,san andrés tomatlán,10593.053084668321,8424.65300112843,12699.39527195507,0.005317953,0.18739493,0.40515122,169
2026-08-04,Tuesday,linea 8,cerro de la estrella,10222.280323828487,8191.518870036096,12099.013159589505,0.0066104904,0.2329416,0.40475112,153
2026-08-07,Friday,linea 2,san cosme,17081.74070963751,13055.867285765029,21542.670103560285,0.0050137583,0.17667568,0.40473872,151
2026-08-18,Tuesday,linea 12,tlaltenco,5237.335439138672,4476.851546895735,5985.145643699209,0.0066077383,0.23284462,0.40458262,160
2026-08-29,Saturday,linea 3,zapata,12153.41176661749,7239.923846695855,17995.833379723557,0.005569103,0.19624501,0.4045742,180
2026-08-18,Tuesday,linea 2,hidalgo,18807.590240557165,11532.498348756171,26215.890934037732,0.0066054137,0.2327627,0.40444028,161
2026-08-02,Sunday,linea 7,san joaquín,12609.712560826443,6316.739878386602,19322.471886933658,0.006602717,0.23266767,0.40423667,166
2026-08-11,Tuesday,linea 5,eduardo molina,6197.295399259192,4933.367942190898,7503.012720672674,0.00657965,0.23185484,0.40286282,173
2026-08-19,Wednesday,linea 2,hidalgo,19212.53428580434,11312.755137696944,26696.29422272523,0.00610992,0.21530241,0.40279168,171
2026-08-21,Friday,linea 2,tasqueña,54967.66984732232,41863.49374066464,68619.37513359908,0.004988434,0.17578329,0.40269437,157
2026-08-26,Wednesday,linea 12,periférico oriente,36611.33253692424,28464.612964428197,44955.16722557518,0.0061075925,0.21522039,0.40263823,183
2026-08-10,Monday,linea 2,panteones,9727.91909980538,7850.52571487476,11687.499893672568,0.006249907,0.22023529,0.40229854,169
2026-08-05,Wednesday,linea b,buenavista,51104.7406806274,40126.11621317979,61753.588762408806,0.0060985014,0.21490003,0.4020389,159
2026-08-22,Saturday,linea 5,oceanía,6208.409319220433,4296.305731620942,8330.239012501457,0.0055304184,0.19488183,0.40176386,153
2026-08-12,Wednesday,linea 7,constituyentes,14009.781843665203,9487.920579937396,18645.632888103384,0.006092926,0.21470357,0.40167135,160
2026-08-23,Sunday,linea 4,martín carrera,13367.872606056895,8782.431765112498,17388.79708922942,0.006540538,0.23047659,0.40042987,126
2026-08-18,Tuesday,linea b,garibaldi/lagunilla,4869.735384412579,3054.827082573703,6688.087022727335,0.0065382454,0.23039581,0.40032765,162
2026-08-19,Wednesday,linea 9,tacubaya,47945.4506076247,35452.44016277966,59928.102304110405,0.006070259,0.21390483,0.40017706,172
2026-08-24,Monday,linea 4,jamaica,6079.193977074975,4655.899482687506,7334.204765513135,0.0062167835,0.21906808,0.40016642,152
2026-08-23,Sunday,linea 3,miguel ángel de quevedo,19000.937220619155,11753.410574887046,26261.670364041893,0.006535527,0.23030001,0.4001231,127
2026-08-05,Wednesday,linea b,ciudad azteca,44100.643024190125,35035.070528972945,53660.11862663095,0.006068269,0.21383469,0.40004584,160
2026-08-24,Monday,linea 5,pantitlán,48891.536719652606,39389.12907050904,58900.726083762725,0.0062112715,0.21887384,0.39981163,153
2026-08-16,Sunday,linea 1,tacubaya,13555.630506508234,8172.049027076657,18630.675936217573,0.0065251575,0.22993462,0.39948827,148
2026-08-19,Wednesday,linea 5,pantitlán,48245.35935528875,37995.528342104546,58111.34233025398,0.0060572666,0.213447,0.39932054,173
2026-08-17,Monday,linea b,garibaldi/lagunilla,5406.21803600563,3456.10820614914,7118.136183299742,0.006197773,0.21839818,0.39894274,162
2026-08-04,Tuesday,linea 4,bondojito,5533.530400888298,4629.538157274408,6463.377714360814,0.006510432,0.22941571,0.39862466,154
2026-08-09,Sunday,linea 5,hangares,2120.8795371684473,888.0807715224537,3358.183531065201,0.006501781,0.22911087,0.39805707,141
2026-08-24,Monday,linea 3,indios verdes,90524.95090374867,75039.90564222966,105070.50460829124,0.006182065,0.21784465,0.3979316,154
2026-08-23,Sunday,linea 3,viveros/derechos humanos,9625.56882655792,6407.969686862272,13100.730295306867,0.0064982055,0.22898488,0.39783818,128
2026-08-17,Monday,linea 12,insurgentes sur,38010.83107555205,32388.27931515342,43324.252609152565,0.0061782487,0.21771018,0.39768597,163
2026-08-25,Tuesday,linea 5,pantitlán,49284.62686697803,38782.77707021344,60066.675821973695,0.0064927987,0.22879435,0.397545,178
2026-08-26,Wednesday,linea 7,auditorio,28462.211488805817,20284.04750065793,35281.32496339354,0.00603032,0.21249746,0.39754412,184
2026-08-09,Sunday,linea 7,san pedro de los pinos,4479.854406267848,1681.0939713548753,7267.2512011413755,0.006488488,0.22864245,0.39724326,142
2026-08-12,Wednesday,linea 4,bondojito,5832.737649740374,4926.741717897209,6764.0569486998775,0.006025692,0.21233436,0.397239,161
2026-08-17,Monday,linea 5,pantitlán,47204.57317416756,36910.53712987372,56771.04151717707,0.006163711,0.21719791,0.3967502,164
2026-08-08,Saturday,linea 1,merced,42654.33178017,35470.48845130197,50108.45612972716,0.0054610227,0.19243646,0.39672253,150
2026-08-16,Sunday,linea 2,tasqueña,27088.71589758143,13454.407648481521,41265.390714005975,0.0064784256,0.22828788,0.3966272,149
2026-08-05,Wednesday,linea 4,fray servando,7314.504127300437,4972.044844864132,9671.945556563142,0.006006385,0.21165404,0.39596623,161
2026-08-26,Wednesday,linea 5,oceanía,8723.262547914985,6831.341477015461,10804.991859876529,0.006001789,0.21149208,0.39566323,185
2026-08-24,Monday,linea 3,deportivo 18 de marzo,29405.836277762173,23929.244586193,35058.13730279952,0.0061426256,0.2164549,0.39539295,155
2026-08-05,Wednesday,linea 12,tlaltenco,5164.3257936666205,4376.826116256412,5869.362683572294,0.005990041,0.21107809,0.39488873,162
2026-08-19,Wednesday,linea 1,tacubaya,20163.061759419594,15061.93074786307,25330.182966598848,0.0059786043,0.21067508,0.3941348,174
2026-08-09,Sunday,linea b,nezahualcóyotl,10329.015320803695,5546.891460260627,15054.985643426962,0.0064271344,0.22648047,0.393487,143
2026-08-16,Sunday,linea 2,bellas artes,16541.900421620172,7929.050765850153,25443.051953910035,0.006423125,0.22633918,0.39324155,150
2026-08-23,Sunday,linea 12,zapata,7896.528405213361,6305.515070038283,9477.185119102713,0.0064220023,0.22629961,0.3931728,129
2026-08-01,Saturday,linea 12,hospital 20 de noviembre,5499.963576720425,3805.118318662667,7245.002552532919,0.005408231,0.19057618,0.39288744,169
2026-08-08,Saturday,linea 2,pino suárez,41272.53100735282,31471.279984742272,52192.7968537574,0.0054047494,0.19045348,0.39263448,151
2026-08-21,Friday,linea 5,la raza,9407.245624075093,7126.2050120645845,11603.92604578689,0.0048630103,0.17136359,0.39256948,158
2026-08-16,Sunday,linea 12,zapata,7703.160578521682,5875.061537087566,9445.80585630431,0.006408672,0.22582987,0.3923567,151
2026-08-04,Tuesday,linea 8,uam-i,22336.533870042273,17399.423329851514,26974.44844056713,0.0064030145,0.22563052,0.39204764,155
2026-08-07,Friday,linea 12,insurgentes sur,37683.95211083556,31605.151658213643,43412.02843640285,0.0048558596,0.17111161,0.39199224,152
2026-08-13,Thursday,linea 12,zapotitlán,13233.409006356764,10709.726739353278,15650.96560359596,0.0051448555,0.1812953,0.3919637,170
2026-08-06,Thursday,linea 9,ciudad deportiva,7179.715774029802,875.9119797855664,13507.353359317589,0.0051431037,0.18123357,0.39183024,153
2026-08-16,Sunday,linea b,buenavista,29921.485003313606,19454.00711454135,41427.78636793071,0.006399914,0.22552127,0.39182052,152
2026-08-24,Monday,linea 2,normal,27644.779950962933,18198.869345581526,36912.79591782388,0.0060867523,0.21448602,0.39179647,156
2026-08-22,Saturday,linea b,buenavista,46994.60578305648,36120.89282659404,57024.81573761782,0.0053922115,0.19001167,0.39172366,154
2026-08-07,Friday,linea b,ciudad azteca,45365.36185348773,36589.19741368035,53831.299966410406,0.0048491703,0.17087589,0.39145225,153
2026-08-06,Thursday,linea 12,eje central,12705.700391741448,10808.11740656884,14557.499507773236,0.005137997,0.18105362,0.3914412,154
2026-08-23,Sunday,linea 5,politécnico,10903.0470342918,2247.1539050448573,19381.960769096328,0.0063923085,0.22525327,0.39135486,130
2026-08-22,Saturday,linea 2,bellas artes,22047.851563420692,13687.873421953776,30688.391659228426,0.0053861816,0.18979919,0.39128563,155
2026-08-06,Thursday,linea b,ciudad azteca,44333.76694141513,35334.31757905703,53289.77261690163,0.0051335655,0.18089746,0.39110357,155
2026-08-06,Thursday,linea 4,bondojito,5598.16061066004,4632.612686041121,6464.8823470087955,0.0051246043,0.18058169,0.39042085,156
2026-08-06,Thursday,linea 8,doctores,10654.085013706874,8030.10877841119,13309.03788166309,0.0051243124,0.18057139,0.3903986,157
2026-08-06,Thursday,linea 2,san cosme,17286.32620132254,12950.870234985661,21358.571300574436,0.005123778,0.18055256,0.39035788,158
2026-08-24,Monday,linea 6,el rosario,14786.039122027258,11344.87335743585,18346.74351149725,0.006061856,0.21360873,0.39019394,157
2026-08-20,Thursday,linea 9,tacubaya,47547.47168491232,36339.0291731932,60520.15763949743,0.005117445,0.1803294,0.38987538,163
2026-08-27,Thursday,linea 12,periférico oriente,36822.48240928102,28932.056993281472,45474.00259735312,0.0051163863,0.1802921,0.38979477,185
2026-08-21,Friday,linea b,garibaldi/lagunilla,6034.833414725522,4187.374408934849,7825.576763471645,0.0048276824,0.1701187,0.38971764,159
2026-08-25,Tuesday,linea 5,eduardo molina,6654.839608305706,5395.934180110618,7832.751609288513,0.0063648103,0.22428428,0.38970846,179
2026-08-18,Tuesday,linea 2,bellas artes,14458.94926508457,5849.330059759689,23800.13056677449,0.0063620512,0.22418705,0.38953954,163
2026-08-16,Sunday,linea b,garibaldi/lagunilla,7666.294038962694,5870.456681659624,9506.397552589726,0.0063529816,0.22386745,0.38894716,153
2026-08-28,Friday,linea 3,zapata,18696.211462298164,13141.486700635543,23994.010470976067,0.0048166094,0.1697285,0.38882375,185
2026-08-16,Sunday,linea a,tepalcates,13922.31701615384,8269.31494678651,20001.470825796285,0.006344402,0.22356513,0.38842192,154
2026-08-23,Sunday,linea 3,indios verdes,51119.314489821765,36486.52937801271,65657.36382001222,0.0063398317,0.22340408,0.3881421,131
2026-08-23,Sunday,linea 2,tacuba,19044.793691545856,13434.794033266668,24777.333000105795,0.006338045,0.22334112,0.3880327,132
2026-08-09,Sunday,linea 3,etiopía/plaza de la transparencia,9798.849626533818,5054.804935490403,14603.33624349315,0.0063324887,0.22314532,0.38769254,144
2026-08-15,Saturday,linea 4,fray servando,7880.297429944192,5401.824575831779,10334.01843416963,0.005335952,0.1880292,0.38763663,169
2026-08-09,Sunday,linea b,ciudad azteca,25390.768389765668,17061.036521974424,34187.777239036615,0.0063314894,0.22311011,0.38763136,145
2026-08-30,Sunday,linea 12,insurgentes sur,17381.305100425878,11319.407622186742,23271.642466146826,0.0063312827,0.22310282,0.3876187,170
2026-08-23,Sunday,linea 5,hangares,2327.4657808671977,1133.0037064759688,3582.7596003081912,0.0063262503,0.22292548,0.3873106,133
2026-08-06,Thursday,linea b,buenavista,50895.51110913119,40406.81733389679,61770.49107632446,0.0050829467,0.17911375,0.38724715,159
2026-08-09,Sunday,linea a,tepalcates,11895.978172793031,5821.6125450984,17986.175573565197,0.0063199564,0.22270371,0.38692528,146
2026-08-29,Saturday,linea 2,cuatro caminos,93286.57594080397,78345.31720998885,107536.14530242915,0.0053197187,0.18745716,0.38645735,181
2026-08-17,Monday,linea 9,tacubaya,45889.98464252234,34161.58216773645,57339.212077952914,0.0060020452,0.21150109,0.386344,165
2026-08-10,Monday,linea 12,insurgentes sur,37300.009573428295,31872.875074913412,42810.91357049629,0.005996651,0.21131101,0.38599676,170
2026-08-21,Friday,linea b,villa de aragón,13416.038552122547,9007.46065662634,17577.53461099979,0.004774545,0.16824622,0.38542807,160
2026-08-08,Saturday,linea b,garibaldi/lagunilla,7661.241364490439,5829.531309534135,9451.469908503983,0.0053043673,0.1869162,0.38534212,152
2026-08-13,Thursday,linea 5,pantitlán,46222.34817969154,36392.958721975905,55653.68820768907,0.005057284,0.17820944,0.38529202,171
2026-08-21,Friday,linea 12,mexicaltzingo,16431.01490162643,13469.122905342127,19496.233047653095,0.004772406,0.16817087,0.38525543,161
2026-08-30,Sunday,linea 7,san joaquín,14058.829829889723,7531.308139204679,20908.165305751096,0.0062895683,0.22163288,0.38506484,171
2026-08-20,Thursday,linea b,deportivo oceanía,12044.83105464852,8680.006217903398,15690.382780202654,0.0050520226,0.17802404,0.38489118,164
2026-08-24,Monday,linea b,garibaldi/lagunilla,5412.293392012709,3634.9503836395747,7148.0055558761305,0.005975845,0.21057785,0.3846575,158
2026-08-02,Sunday,linea b,impulsora,10652.297821228924,6353.22546699754,15248.231320162728,0.006281694,0.22135541,0.38458273,167
2026-08-22,Saturday,linea 7,el rosario,19968.166729855067,13000.42577438023,26209.456751882833,0.0052881446,0.18634455,0.3841636,156
2026-08-21,Friday,linea 7,el rosario,28516.77160598195,22090.012560139076,35213.25897434865,0.0047536925,0.16751143,0.38374475,162
2026-08-21,Friday,linea 2,panteones,11233.0179059615,9304.141661256996,13026.747088224847,0.004752202,0.1674589,0.38362443,163
2026-08-29,Saturday,linea 1,juanacatlán,3781.619653034675,2103.439417134532,5529.268537133506,0.0052686087,0.18565613,0.3827444,182
2026-08-30,Sunday,linea b,villa de aragón,7169.288009436529,2818.763502775552,11760.84910060009,0.0062502003,0.22024563,0.3826546,172
2026-08-17,Monday,linea 4,fray servando,7042.479159068377,4612.241252571008,9430.351062564116,0.005942615,0.2094069,0.38251856,166
2026-08-23,Sunday,linea 2,normal,9547.247588519262,0.0,18549.50030509978,0.0062449365,0.22006014,0.38233235,134
2026-08-25,Tuesday,linea 3,universidad,69685.40865128864,53301.132599410055,85403.07523647304,0.0062439423,0.2200251,0.3823079,180
2026-08-27,Thursday,linea 3,zapata,18564.986487301594,13159.835356859629,23937.166892572244,0.005014972,0.17671844,0.38206843,186
2026-08-23,Sunday,linea 7,san pedro de los pinos,5246.238703042931,2587.6886825769525,7904.961091189311,0.006233539,0.21965851,0.38163456,135
2026-08-18,Tuesday,linea 4,fray servando,7534.143207233289,5198.370235894595,10058.177976958297,0.0062325555,0.21962386,0.3816107,164
2026-08-07,Friday,linea 4,fray servando,7688.416399502771,5364.059307562498,9795.10984724597,0.004725567,0.16652034,0.38147432,154
2026-08-23,Sunday,linea 9,chilpancingo,14200.885013385563,7962.589150321444,20082.58873162761,0.006228278,0.21947312,0.38131246,136
2026-08-04,Tuesday,linea 12,ermita,9160.489938402887,7276.721287961442,10901.540631793903,0.006225745,0.21938388,0.3811937,156
2026-08-12,Wednesday,linea 5,la raza,8830.65012783053,6683.94159832935,10960.16049983725,0.00578151,0.20372984,0.38114148,162
2026-08-07,Friday,linea 12,mexicaltzingo,17122.507451453585,13815.376328193463,20603.724657131163,0.0047196057,0.16631027,0.38099307,155
2026-08-24,Monday,linea 2,tasqueña,53701.77448635841,40140.51608604309,68527.44394714196,0.005916933,0.2085019,0.38086542,159
2026-08-11,Tuesday,linea 12,tláhuac,59865.345740040364,48635.889082861715,69945.23365893654,0.00620747,0.21873988,0.38007474,174
2026-08-24,Monday,linea 7,el rosario,28013.031157618483,21469.39051803438,34212.07050474166,0.005902831,0.20800497,0.3799577,160
2026-08-10,Monday,linea 7,el rosario,27545.749263099842,21223.400965268494,34023.74584575795,0.0059017627,0.20796733,0.37988892,171
2026-08-17,Monday,linea 1,tacubaya,19851.138992312513,14545.596224994435,25751.70426966224,0.0059016338,0.20796278,0.37988064,167
2026-08-10,Monday,linea 5,oceanía,7662.287483455684,5670.658348059136,9456.97183072965,0.0058970167,0.20780009,0.37958345,172
2026-08-19,Wednesday,linea 5,eduardo molina,6533.020712686584,5299.168393320418,7803.741069172918,0.005754615,0.20278211,0.37936848,175
2026-08-22,Saturday,linea 6,el rosario,10197.094612732566,6603.141968215409,13840.945592079674,0.005221688,0.18400274,0.3793358,157
2026-08-27,Thursday,linea 1,juanacatlán,6949.661066247074,5208.696089559905,8644.461141352234,0.0049777073,0.17540531,0.37922943,187
2026-08-25,Tuesday,linea 5,oceanía,8653.818581080093,6797.870823605958,10555.31153740043,0.0061921543,0.21820019,0.37913698,181
2026-08-16,Sunday,linea 2,colegio militar,2750.8128361119143,0.0,7405.824325759488,0.0061896923,0.21811344,0.37895015,155
2026-08-16,Sunday,linea 3,miguel ángel de quevedo,18710.221941984168,11884.615362049131,25535.532032079813,0.006188648,0.21807663,0.3788862,156
2026-08-12,Wednesday,linea 2,panteones,10615.788075682287,8748.847682113521,12541.555747816561,0.0057455157,0.20246147,0.3787686,163
2026-08-04,Tuesday,linea 6,martín carrera,23382.31378219471,18150.77955852013,28522.17240890159,0.0061806208,0.21779378,0.37843078,157
2026-08-17,Monday,linea 2,panteones,10184.215602701584,8225.887838987604,12167.88803819327,0.0058739474,0.20698716,0.3780985,168
2026-08-18,Tuesday,linea 5,politécnico,26038.41551407025,17420.129380962517,34540.17427525129,0.0061744433,0.21757609,0.37805256,165
2026-08-08,Saturday,linea 7,polanco,26490.430445043814,18143.457263294546,35023.71633242304,0.0051995716,0.1832234,0.37772912,153
2026-08-16,Sunday,linea 5,eduardo molina,3193.044071577355,1998.0639941212548,4554.119997379428,0.0061687143,0.2173742,0.37766582,157
2026-08-12,Wednesday,linea 1,juanacatlán,7258.339504007086,5513.89173068091,8946.853751367977,0.005723632,0.20169032,0.37732595,164
2026-08-09,Sunday,linea b,tepito,13665.310120808412,8906.4464994354,18828.733203676762,0.0061620027,0.21713771,0.3772549,147
2026-08-07,Friday,linea 7,barranca del muerto,38747.94637302724,30028.509619726727,47638.56487310829,0.0046630106,0.16431597,0.3764244,156
2026-08-09,Sunday,linea b,buenavista,28835.725468333276,18090.062270751176,39270.44887896261,0.0061467234,0.21659929,0.37631947,148
2026-08-09,Sunday,linea b,ecatepec,10529.629110554339,5760.452727784691,15782.107064480157,0.006142693,0.21645728,0.37607273,149
2026-08-07,Friday,linea 12,tlaltenco,5175.247640745153,4405.7350442372,5910.839407187183,0.0046541626,0.16400418,0.37571013,157
2026-08-21,Friday,linea 12,san andrés tomatlán,11285.041400364064,9046.371400768727,13459.165482709272,0.004646314,0.1637276,0.37507653,164
2026-08-12,Wednesday,linea 4,fray servando,7596.543715719911,5243.1382053647585,9956.5554176126,0.0056816842,0.20021217,0.37456056,165
2026-08-26,Wednesday,linea 1,juanacatlán,7118.912808496265,5250.242532382181,8762.832237211729,0.005680806,0.20018122,0.37450266,186
2026-08-21,Friday,linea 1,tacubaya,21952.0681920255,16401.018818621193,27560.486381397906,0.0046374593,0.16341558,0.37436175,165
2026-08-03,Monday,linea 1,observatorio,52548.89113534571,42518.211295564346,61214.92976574445,0.005811253,0.20477793,0.37406296,163
2026-08-07,Friday,linea 3,deportivo 18 de marzo,26640.926853754376,21251.712462352534,31944.520783936434,0.0046313684,0.16320096,0.37387007,158
2026-08-12,Wednesday,linea 4,jamaica,6148.020894460782,4758.073254164849,7565.387268113738,0.0056670327,0.19969587,0.37359467,166
2026-08-18,Tuesday,linea 4,candelaria,9302.526121259652,5796.401488762593,12179.964920542945,0.0061007245,0.21497837,0.37353885,166
2026-08-18,Tuesday,linea 1,juanacatlán,7261.816462095838,5698.3065117579235,8870.539322301664,0.0060960334,0.21481307,0.37325162,167
2026-08-10,Monday,linea 5,politécnico,21406.603840751002,13231.014835044654,29931.875786662546,0.0057936287,0.20415688,0.3729285,173
2026-08-08,Saturday,linea 2,colegio militar,4673.147600095179,222.47452349981938,9281.591136825284,0.005131194,0.1808139,0.37276173,154
2026-08-08,Saturday,linea 1,candelaria,21275.717809404276,17997.052795256313,24535.062109191447,0.0051215882,0.1804754,0.3720639,155
2026-08-18,Tuesday,linea 12,ermita,9748.856063191213,7806.793540042678,11505.75801344322,0.0060730022,0.21400149,0.37184146,168
2026-08-19,Wednesday,linea 7,el rosario,28460.45120748196,22496.795609591245,34969.56508017383,0.005626777,0.19827734,0.37094086,176
2026-08-16,Sunday,linea 4,candelaria,6810.521152731583,3585.486915771062,10242.869983612429,0.0060547665,0.2133589,0.3706896,158
2026-08-22,Saturday,linea 7,auditorio,16701.019016772538,9390.866736102307,23730.810293220133,0.005102173,0.17979124,0.37065348,158
2026-08-23,Sunday,linea b,buenavista,29919.136047927164,19108.935144774274,40309.13097564368,0.006051582,0.21324667,0.37049463,137
2026-08-07,Friday,linea 6,ferrería/arena ciudad de méxico,17118.375358496094,11157.695435137435,22787.35594837411,0.0045822714,0.16147086,0.3699067,159
2026-08-20,Thursday,linea 12,san andrés tomatlán,11237.256103100637,9210.384436071254,13243.773539969072,0.0048527154,0.17100082,0.36970684,165
2026-08-08,Saturday,linea 1,observatorio,38785.33509821494,30133.393938673737,47671.9774166137,0.0050860704,0.17922382,0.36948368,156
2026-08-22,Saturday,linea 7,constituyentes,11175.682953811356,6455.655013864524,16267.649013362448,0.0050859307,0.1792189,0.36947352,159
2026-08-03,Monday,linea 5,pantitlán,43637.325308752515,33667.01213101028,54199.70533587164,0.0057319175,0.20198229,0.3689562,164
2026-08-24,Monday,linea b,impulsora,23750.901571642607,19200.44387473046,28071.268412007623,0.0057318606,0.2019803,0.36895254,161
2026-08-07,Friday,linea 7,refinería,9889.671616126145,6642.458072643042,13252.653705198136,0.0045698043,0.16103154,0.36890027,160
2026-08-17,Monday,linea 12,zapotitlán,13156.401154690606,10732.795462976224,15404.117072973313,0.005723117,0.20167218,0.36838973,169
2026-08-12,Wednesday,linea 1,tacubaya,20275.53732364942,14925.27445197226,25993.668514672863,0.0055818623,0.19669461,0.36797988,167
2026-08-20,Thursday,linea b,villa de aragón,13481.865771268062,9346.113260535405,17508.203192044915,0.004824643,0.1700116,0.36756814,166
2026-08-23,Sunday,linea 5,la raza,4721.242167256338,2546.547768568014,6874.969104849146,0.0059950906,0.21125603,0.36703607,138
2026-08-04,Tuesday,linea 9,ciudad deportiva,6264.494843107539,0.0,12379.526962472868,0.005991321,0.2111232,0.36684024,158
2026-08-16,Sunday,linea 1,juanacatlán,2297.9106533536997,457.7498835144743,4076.720211212594,0.0059893136,0.21105246,0.3666824,159
2026-08-10,Monday,linea 12,tlaltenco,5016.396311107728,4239.045967427868,5787.283265359261,0.005688277,0.20044447,0.36614713,174
2026-08-16,Sunday,linea 5,pantitlán,21190.442207634685,10917.209926017207,30890.97565817644,0.0059765354,0.21060218,0.3659001,160
2026-08-14,Friday,linea 12,zapotitlán,13564.271931860312,10890.184808950471,16056.030530275457,0.00453058,0.15964934,0.36573383,171
2026-08-17,Monday,linea 5,oceanía,8003.4121917774955,6138.605185442036,9899.314270334198,0.005678889,0.20011365,0.36554283,170
2026-08-21,Friday,linea 12,tlaltenco,5342.927564817584,4579.932547446101,6122.4982407688185,0.004527729,0.1595489,0.3655037,166
2026-08-09,Sunday,linea 12,zapata,7457.553265768363,5807.218356841181,9069.45522432851,0.0059665474,0.21025021,0.3652886,150
2026-08-13,Thursday,linea 5,eduardo molina,6467.299194783052,5199.142061236862,7678.789418008495,0.004791298,0.16883658,0.36502773,172
2026-08-23,Sunday,linea 7,san antonio,5328.542657146536,3011.220781398196,7636.081058682402,0.0059611565,0.21006025,0.36495855,139
2026-08-25,Tuesday,linea 12,zapotitlán,13788.511220821847,11410.654443122572,16048.45713079779,0.005954091,0.20981127,0.3645607,182
2026-08-19,Wednesday,linea 12,zapotitlán,13502.22513342529,11168.379321037191,15957.34537644411,0.0055261846,0.19473264,0.36430937,177
2026-08-06,Thursday,linea 6,ferrería/arena ciudad de méxico,17694.488235940204,11560.980157655767,23798.6647499424,0.004780251,0.1684473,0.3641861,160
2026-08-18,Tuesday,linea 5,oceanía,8406.30821864719,6419.030194575486,10283.714777685676,0.005944864,0.20948613,0.36399573,169
2026-08-12,Wednesday,linea b,ciudad azteca,45569.45401026458,37247.77505465397,54623.09880835036,0.0055204118,0.19452922,0.3639288,168
2026-08-06,Thursday,linea 7,refinería,9661.154747276762,6216.868183183133,12957.393870686268,0.0047753244,0.1682737,0.36381075,161
2026-08-24,Monday,linea 12,hospital 20 de noviembre,12147.603757341198,10315.495861797246,13841.165170099803,0.005644314,0.1988953,0.36331728,162
2026-08-08,Saturday,linea b,buenavista,45633.26286800511,35143.58154270156,55953.20024958417,0.00499791,0.17611721,0.36307916,157
2026-08-20,Thursday,linea 2,bellas artes,15299.222031547506,7052.498818982441,24055.361997785938,0.0047635613,0.16785918,0.3629146,167
2026-08-09,Sunday,linea b,garibaldi/lagunilla,7582.177402268269,5820.966508426996,9334.736778545674,0.0059268507,0.20885138,0.36285827,151
2026-08-17,Monday,linea 2,normal,24437.288422495643,15809.249327856112,32921.00577029873,0.0056255604,0.19823447,0.36211014,171
2026-08-07,Friday,linea 7,constituyentes,13513.110095248661,8933.710047120392,18463.597226033475,0.004482568,0.1579575,0.36185804,161
2026-08-21,Friday,linea 2,normal,28528.907337281817,19486.526484285867,37244.806858183634,0.0044806316,0.15788926,0.36170173,167
2026-08-12,Wednesday,linea 12,zapotitlán,13252.336896859611,10793.277079817446,15805.271047201644,0.005476973,0.19299851,0.36106515,169
2026-08-30,Sunday,linea 12,mexicaltzingo,5347.975830387899,2423.2113120867025,8577.383886471222,0.0058922446,0.20763193,0.3607396,173
2026-08-21,Friday,linea 12,eje central,13106.870260477179,11193.68762201497,14949.046040293264,0.0044675,0.15742652,0.3606417,168
2026-08-04,Tuesday,linea b,buenavista,49224.5620040853,38883.35807731406,60182.5017504203,0.0058856565,0.20739977,0.36037055,159
2026-08-21,Friday,linea 6,el rosario,14867.810719923387,11071.394407452908,18420.33865174832,0.0044625103,0.1572507,0.36023888,169
2026-08-06,Thursday,linea 4,fray servando,7349.847910207354,4966.422022077307,9615.574070508603,0.004724561,0.16648488,0.3599433,162
2026-08-03,Monday,linea 5,oceanía,7384.630101320481,5526.913491941378,9299.48022366418,0.005589946,0.19697948,0.3598177,165
2026-08-08,Saturday,linea 7,auditorio,15981.561487871757,8585.893809269051,23356.36115083387,0.0049448176,0.17424633,0.3592222,158
2026-08-22,Saturday,linea 5,pantitlán,36579.77849457266,26907.820481193034,46621.29388054881,0.0049431096,0.17418614,0.3590981,160
2026-08-22,Saturday,linea 2,tasqueña,45685.78664087518,32189.25022179372,59261.551918626144,0.004936266,0.173945,0.35860097,161
2026-08-22,Saturday,linea 3,niños héroes,12108.414419237622,6361.352145205073,17654.97381525071,0.0049354974,0.1739179,0.35854512,162
2026-08-09,Sunday,linea 4,bondojito,3236.9254373729646,2287.841676012894,4129.406125361173,0.0058515915,0.20619938,0.35825068,152
2026-08-02,Sunday,linea 9,ciudad deportiva,5557.274801445903,0.0,11950.505838971481,0.0058479616,0.20607148,0.35802844,168
2026-08-23,Sunday,linea 5,misterios,3831.104800607212,2465.1746022492907,5210.767523524143,0.005844589,0.20595263,0.35782194,140
2026-08-18,Tuesday,linea 3,universidad,69903.75973631104,53935.08691875229,85741.9166066274,0.005841924,0.2058587,0.35769287,170
2026-08-15,Saturday,linea 12,eje central,9037.431086491591,7097.632578129457,10805.934562449074,0.00491563,0.17321782,0.35710183,170
2026-08-16,Sunday,linea a,la paz,23969.552605487934,15594.684045322369,32506.219113563242,0.0058308565,0.20546871,0.35698122,161
2026-08-09,Sunday,linea 2,bellas artes,17371.487085439807,7860.383526449393,26679.55160563699,0.005829165,0.20540912,0.35687768,153
2026-08-18,Tuesday,linea 7,el rosario,28349.193872342472,22161.17512695451,34501.3773316012,0.0058224513,0.20517254,0.35650057,171
2026-08-06,Thursday,linea 7,constituyentes,13479.046364103928,8634.468489129993,18124.540507235073,0.0046787015,0.16486889,0.35644948,163
2026-08-19,Wednesday,linea 6,el rosario,14685.00499288242,10918.435362673685,18516.00958979595,0.005406841,0.1905272,0.35644177,178
2026-08-23,Sunday,linea 9,tacubaya,18346.070460556708,6356.12293905369,30073.22781407158,0.005821345,0.20513354,0.3563989,141
2026-08-05,Wednesday,linea 3,deportivo 18 de marzo,26059.2739542656,20512.324160676384,31708.344755099482,0.005403965,0.19042584,0.35625213,163
2026-08-24,Monday,linea 1,juanacatlán,6555.340091376645,4830.645874660377,8332.634905474935,0.005526219,0.19473386,0.35571566,163
2026-08-06,Thursday,linea 12,ermita,9279.007234597651,7366.093030411318,11066.839601935359,0.004666662,0.16444463,0.35553223,164
2026-08-20,Thursday,linea 4,fray servando,7834.155826831837,5378.841482252486,10392.289776191492,0.0046658204,0.16441497,0.35546812,168
2026-08-19,Wednesday,linea 12,atlalilco,11614.864868678304,7349.9966158712305,15593.528188625472,0.0053914413,0.18998453,0.35542652,179
2026-08-21,Friday,linea 2,bellas artes,17768.316278550654,9234.169249081027,26024.84221933989,0.0043986114,0.15499902,0.3550806,170
2026-08-13,Thursday,linea 1,juanacatlán,7127.658476542019,5431.390094262575,9010.198228236966,0.0046577267,0.16412978,0.3548515,173
2026-08-23,Sunday,linea 5,oceanía,3885.807425896784,2047.5221235397958,5876.691118331135,0.0057959696,0.20423937,0.35484535,142
2026-08-23,Sunday,linea 2,tasqueña,28573.541047715582,13999.541718080463,42302.7115104713,0.0057928627,0.20412989,0.35465515,143
2026-08-22,Saturday,linea 5,misterios,5986.237242176779,4704.972269892769,7489.084083762302,0.004881909,0.17202955,0.35465214,163
2026-08-18,Tuesday,linea 2,san cosme,18023.559370658262,13450.911369494688,22348.544272621522,0.005791693,0.20408867,0.3546173,172
2026-08-22,Saturday,linea 3,deportivo 18 de marzo,21100.156053246756,15584.613028776233,26465.1625647363,0.0048801536,0.17196769,0.3545246,164
2026-08-07,Friday,linea 3,universidad,63520.59939215356,48034.57860193865,80015.22494476163,0.004391396,0.15474476,0.35449815,162
2026-08-20,Thursday,linea 2,hidalgo,18755.069475087323,10928.159185862267,26220.869786360694,0.0046517444,0.16391897,0.35439575,169
2026-08-21,Friday,linea 5,oceanía,8341.412479736198,6456.4185474020605,10296.446904944112,0.004387441,0.1546054,0.35417888,171
2026-08-11,Tuesday,linea 12,culhuacán,16628.369641099154,14233.765757172694,18842.16496022983,0.005782143,0.20375216,0.35403258,175
2026-08-17,Monday,linea 5,politécnico,24179.713546145606,15315.441299338323,32857.97866112314,0.005499942,0.1938079,0.35402426,172
2026-08-30,Sunday,linea 2,normal,11998.891179974085,2684.2056404712175,20832.99487679989,0.0057812794,0.20372172,0.35394597,174
2026-08-16,Sunday,linea 3,niños héroes,7579.224632041753,1992.90424927919,13215.1881774093,0.005780852,0.20370665,0.3539198,162
2026-08-15,Saturday,linea 5,eduardo molina,4904.9535480101085,3667.736202106837,6238.278407663385,0.0048680617,0.17154159,0.3536462,171
2026-08-27,Thursday,linea 3,balderas,9026.349675845191,1143.1037367500312,16536.707505788978,0.004640207,0.16351241,0.3535168,188
2026-08-17,Monday,linea 3,zapata,16816.68659462349,11310.635699091192,22121.139290710795,0.005489652,0.1934453,0.3533619,173
2026-08-23,Sunday,linea 3,etiopía/plaza de la transparencia,11534.605906164574,6658.431421836551,16260.631811912343,0.005769019,0.20328969,0.35319537,144
2026-08-05,Wednesday,linea b,ecatepec,22392.338518600765,17312.995415212958,27655.982272390447,0.005354855,0.18869531,0.35301462,164
2026-08-23,Sunday,linea b,villa de aragón,5501.94176825548,1510.6277684908982,9787.736347812444,0.0057637156,0.2031028,0.35287067,145
2026-08-23,Sunday,linea a,tepalcates,15782.070143854708,9440.764032171213,22213.780203233026,0.00576371,0.2031026,0.35287032,146
2026-08-22,Saturday,linea 2,panteones,9171.23896880834,7394.202652733298,11094.452069951914,0.004856558,0.17113623,0.35281047,165
2026-08-14,Friday,linea 7,refinería,10031.877124132827,6595.257511018054,13420.569991385133,0.004368129,0.15392488,0.35261992,172
2026-08-25,Tuesday,linea 5,la raza,9680.287452723422,7390.900301605735,12050.505822243522,0.005758657,0.20292455,0.35259455,183
2026-08-20,Thursday,linea 1,tacubaya,20158.683812146697,14360.933195211235,26029.89601351562,0.004624083,0.16294423,0.35228837,170
2026-08-13,Thursday,linea 3,universidad,67768.12238447617,51478.10121531349,83529.56846698961,0.00461847,0.16274644,0.35186073,174
2026-08-24,Monday,linea 5,hangares,5111.8046036028345,3752.8063846677987,6334.137222320241,0.0054617296,0.19246136,0.35156456,164
2026-08-08,Saturday,linea 12,mexicaltzingo,10643.110534236732,7776.09189089291,13788.001926440838,0.0048362464,0.17042048,0.3513349,159
2026-08-20,Thursday,linea 5,oceanía,8365.758182878199,6418.307780201404,10180.842695379819,0.0046038413,0.16223095,0.3507462,171
2026-08-28,Friday,linea 1,juanacatlán,6981.6514835382095,5428.895803569935,8848.008315786976,0.0043447516,0.1531011,0.35073274,186
2026-08-07,Friday,linea 4,bondojito,5744.153334823906,4815.824075641968,6694.889817503216,0.004339132,0.15290308,0.3502791,163
2026-08-19,Wednesday,linea 3,universidad,70298.56576983751,54737.49934516357,85940.35444661615,0.005313173,0.1872265,0.35026675,180
2026-08-29,Saturday,linea 12,periférico oriente,30905.07091203836,22577.518800778977,39068.011014263444,0.004820851,0.16987798,0.3502165,183
2026-08-03,Monday,linea 12,zapotitlán,12906.078951772448,10425.996555196061,15297.940439539036,0.0054367427,0.19158088,0.34995618,166
2026-08-17,Monday,linea 5,eduardo molina,6142.8030212433205,4878.190480559872,7390.22497644635,0.005433544,0.19146815,0.3497503,174
2026-08-01,Saturday,linea 12,calle 11,9296.995759886995,7314.597573420318,11199.923770676834,0.0048091137,0.16946436,0.34936383,170
2026-08-08,Saturday,linea 12,hospital 20 de noviembre,5866.522478483275,4163.95947303139,7573.451094076381,0.004808178,0.1694314,0.34929585,160
2026-08-24,Monday,linea 2,cuatro caminos,102515.89073241691,88499.15184959119,117509.68580381293,0.005417277,0.19089493,0.3487032,165
2026-08-15,Saturday,linea 2,cuatro caminos,90816.00121719809,77269.71667768958,105915.4982749173,0.004791746,0.16885236,0.34810212,172
2026-08-25,Tuesday,linea 12,periférico oriente,36366.9711976594,28836.551120040967,44668.11586428356,0.0056818915,0.20021947,0.34789428,184
2026-08-22,Saturday,linea 2,normal,18787.68822955485,10365.488643897019,27541.593243246884,0.004787675,0.16870892,0.3478064,166
2026-08-23,Sunday,linea b,garibaldi/lagunilla,7688.842923801143,5900.2539711069485,9497.755492291124,0.0056722877,0.19988105,0.3472732,147
2026-08-01,Saturday,linea 2,panteones,8099.380724859702,6047.549521474771,10141.472338230755,0.0047799177,0.16843556,0.34724283,171
2026-08-17,Monday,linea 12,mixcoac,17059.90061544853,14220.57781724735,19805.96019364044,0.0053933826,0.19005294,0.34716517,175
2026-08-29,Saturday,linea 3,universidad,47680.00920215948,31489.557627372895,63487.165733981594,0.00477697,0.16833168,0.3470287,184
2026-08-19,Wednesday,linea 8,iztacalco,15230.71460612837,11098.824530416678,19723.40627854496,0.00526402,0.18549444,0.34702638,181
2026-08-03,Monday,linea 12,mixcoac,15979.28094668081,12988.561796543938,18916.46101939026,0.0053888187,0.18989211,0.34687138,167
2026-08-08,Saturday,linea 4,bondojito,4878.3494351016725,3965.799910646539,5845.168635863831,0.004772966,0.16819058,0.34673783,161
2026-08-12,Wednesday,linea 12,san andrés tomatlán,10662.164430454344,8389.881871763746,12889.616080322463,0.005255752,0.18520308,0.3464813,170
2026-08-21,Friday,linea 9,tacubaya,48017.23044468274,36512.61863533168,60075.68225773385,0.0042785197,0.1507672,0.34538612,172
2026-08-08,Saturday,linea 3,copilco,24573.77941205797,12483.956293060288,36243.52150977315,0.004749519,0.16736436,0.34503448,162
2026-08-22,Saturday,linea 12,mexicaltzingo,9910.257367244241,6634.886583027232,13021.86424646713,0.0047474634,0.16729192,0.34488517,167
2026-08-24,Monday,linea 5,la raza,9073.394479055893,7046.469396980329,11290.782378455424,0.0053573647,0.18878374,0.34484673,166
2026-08-12,Wednesday,linea 5,oceanía,8162.383856452498,6256.133451796094,10033.583699392904,0.0052301735,0.18430175,0.34479508,171
2026-08-04,Tuesday,linea 2,panteones,10020.929006750139,8165.124309648631,11924.624120646675,0.005616632,0.19791983,0.34389853,160
2026-08-09,Sunday,linea 6,el rosario,5305.974158585822,1618.9685247585496,9097.446015790416,0.005599977,0.19733295,0.34284613,154
2026-08-28,Friday,linea 12,tlaltenco,5482.325190542372,4671.956335969402,6285.740079380672,0.004246214,0.14962882,0.34277824,187
2026-08-05,Wednesday,linea 12,zapotitlán,13167.526724619944,10730.59495399239,15508.977764958032,0.005197301,0.18314338,0.34262797,165
2026-08-10,Monday,linea 12,san andrés tomatlán,10063.073677280177,7883.3982953614795,12248.854960924673,0.005319941,0.18746498,0.3424378,175
2026-08-08,Saturday,linea 8,iztacalco,9251.590487476435,4739.60939295862,13351.125560596749,0.0047024344,0.16570519,0.34161398,163
2026-08-24,Monday,linea 1,tacubaya,19685.63839716297,14457.544656287024,25117.611898734092,0.0053059454,0.18697181,0.34153694,167
2026-08-17,Monday,linea b,villa de aragón,12043.062281545614,7766.575568022124,16422.317532017605,0.0052991016,0.18673065,0.3410964,176
2026-08-16,Sunday,linea 6,el rosario,5880.582365899632,2152.3442288952892,9563.875524940253,0.005569555,0.19626093,0.3409836,163
2026-08-23,Sunday,linea 6,el rosario,6722.3411397681,3070.75354683518,10621.738804416807,0.0055465335,0.1954497,0.3395742,148
2026-08-20,Thursday,linea 7,el rosario,28547.859582817247,21828.667277039625,35565.68671544808,0.0044511342,0.15684983,0.33911216,172
2026-08-05,Wednesday,linea 6,ferrería/arena ciudad de méxico,17973.52333190303,12159.448717962277,24414.251112710583,0.0051420643,0.18119694,0.33898655,166
2026-08-25,Tuesday,linea 7,auditorio,27744.688250888797,19716.043369740964,35225.451880266155,0.0055363225,0.19508988,0.3389813,185
2026-08-01,Saturday,linea 1,tacubaya,19937.475081772893,14648.56806228807,25064.40274212268,0.004661982,0.16427971,0.33867526,172
2026-08-18,Tuesday,linea 2,popotla,7956.229897493847,5283.598508392517,10709.957446724176,0.005527755,0.19478796,0.33845672,173
2026-08-10,Monday,linea 5,eduardo molina,5903.168026223463,4656.284702191664,7232.297582182858,0.005253262,0.18511534,0.33814576,176
2026-08-24,Monday,linea 2,panteones,10576.667795345758,8739.602533327223,12486.700769219837,0.00524955,0.18498455,0.33790684,168
2026-08-28,Friday,linea 12,periférico oriente,37594.428881662556,29020.915528040798,45927.62190694496,0.0041830046,0.14740144,0.33767563,188
2026-08-21,Friday,linea 12,mixcoac,17312.427801403857,14380.988926844992,20163.961623927757,0.0041781114,0.147229,0.33728063,173
2026-08-09,Sunday,linea 3,deportivo 18 de marzo,13357.786389430366,7771.593289342851,19290.832838700746,0.005508459,0.19410802,0.33724317,155
2026-08-18,Tuesday,linea 1,tacubaya,20059.30686537498,14206.387216793575,25446.274608623673,0.0055078426,0.1940863,0.33723754,174
2026-08-05,Wednesday,linea 1,balderas,17874.306737072216,11803.746879392842,23943.47009928951,0.0051144157,0.18022266,0.33716384,167
2026-08-30,Sunday,linea 2,cuatro caminos,64810.614713570336,50437.39531208584,79253.77476037382,0.0055003255,0.19382142,0.3367452,175
2026-08-23,Sunday,linea 4,fray servando,5426.277002212379,3222.9138523401193,7928.726434406912,0.005495718,0.19365907,0.33646312,149
2026-08-30,Sunday,linea 12,culhuacán,10615.986811789695,8321.008699397149,13131.867340542849,0.005487455,0.19336788,0.33595723,176
2026-08-17,Monday,linea 12,ermita,9474.365444427822,7669.416596283573,11349.224342088522,0.0052182316,0.18388094,0.33589092,177
2026-08-13,Thursday,linea 7,el rosario,28356.94440120711,22402.6478324192,34810.48015475447,0.0043898327,0.15468968,0.33444187,175
2026-08-20,Thursday,linea 12,ermita,9803.26587299942,8040.840242666979,11735.407325578602,0.0043888493,0.15465502,0.33436695,173
2026-08-26,Wednesday,linea 12,tlaltenco,5434.4810572222195,4615.1021548046465,6248.123859541115,0.0050703166,0.17866868,0.33425665,187
2026-08-21,Friday,linea 2,cuatro caminos,106979.44865556847,91368.6343208465,121387.80110898936,0.0041386997,0.14584021,0.33409908,174
2026-08-19,Wednesday,linea 2,colegio militar,13648.53492371751,9074.48212201789,17958.61140424613,0.005063995,0.17844592,0.33383986,182
2026-08-24,Monday,linea 5,misterios,7258.773972813055,5883.421439350035,8675.061882748128,0.0051779365,0.18246101,0.33329716,169
2026-08-04,Tuesday,linea 6,ferrería/arena ciudad de méxico,17773.434143890245,11760.672969121215,23725.725278907445,0.0054293657,0.19132091,0.3324325,161
2026-08-02,Sunday,linea 4,fray servando,4614.376965292788,2024.9425474603177,6809.702141127607,0.0054295072,0.1913259,0.3324095,169
2026-08-18,Tuesday,linea 8,iztacalco,14770.932740521695,10551.635840105138,19146.954333989343,0.005423285,0.19110665,0.3320602,175
2026-08-22,Saturday,linea 1,tacubaya,20028.994168333662,14526.52984613306,25799.982628490092,0.004570728,0.1610641,0.33204603,168
2026-08-07,Friday,linea 7,el rosario,28333.821377261,22342.047651398232,34746.14940383639,0.004111239,0.14487255,0.33188233,164
2026-08-04,Tuesday,linea 3,deportivo 18 de marzo,26026.789486913207,20461.762934078215,31888.02545638082,0.0054153916,0.1908285,0.33157688,162
2026-08-10,Monday,linea 12,culhuacán,16247.83285014209,13897.294996575618,18633.200000996872,0.0051491726,0.18144743,0.33144566,177
2026-08-09,Sunday,linea 3,miguel ángel de quevedo,17960.98849898036,11189.871810706203,24998.07077567336,0.0054136356,0.19076662,0.3314378,156
2026-08-15,Saturday,linea 5,pantitlán,34709.528668816645,24388.202676505363,44676.31179565228,0.00455874,0.16064167,0.33117515,173
2026-08-03,Monday,linea 5,politécnico,19674.225661042074,11181.607738494598,27823.550992722518,0.0051324405,0.18085782,0.33036864,168
2026-08-23,Sunday,linea b,ciudad azteca,27995.292528713944,19179.571608888276,36622.25231539362,0.005395465,0.19012631,0.33032534,150
2026-08-22,Saturday,linea 1,juanacatlán,3968.7950697740616,2238.7858130991476,5836.042859512968,0.0045449226,0.16015476,0.33017135,169
2026-08-23,Sunday,linea 2,panteones,5601.961495942671,3806.7953051684312,7559.632997005252,0.0053928457,0.19003402,0.330165,151
2026-08-09,Sunday,linea 3,niños héroes,5663.859908343235,52.043549297880546,11416.409067214461,0.0053912424,0.18997753,0.33006683,157
2026-08-25,Tuesday,linea 1,juanacatlán,7137.123194947926,5293.9258200749955,8923.935713458082,0.005387914,0.18986024,0.32989445,186
2026-08-17,Monday,linea 6,el rosario,13913.912046088319,10318.559584312874,17635.931281633973,0.005102347,0.17979738,0.32843158,178
2026-08-24,Monday,linea 9,tacubaya,46785.677560795564,34944.247518591554,58283.93086740848,0.0051013767,0.17976318,0.3283691,170
2026-08-01,Saturday,linea 12,ermita,5808.788958687659,4072.219090636627,7509.892465323127,0.0045153876,0.159114,0.32802573,173
2026-08-24,Monday,linea 12,atlalilco,11152.596076859845,6966.109132584663,15675.059588397848,0.0050957096,0.17956349,0.32800433,171
2026-08-04,Tuesday,linea b,ecatepec,22039.059919351836,16573.67674318677,26975.443098355172,0.005354855,0.18869531,0.3278703,163
2026-08-23,Sunday,linea 7,auditorio,9750.690918714212,2125.967248431645,18258.28286620354,0.0053396206,0.18815847,0.3269064,152
2026-08-08,Saturday,linea 2,panteones,8307.733515566837,6406.986841559411,10190.348447682405,0.0044999155,0.1585688,0.32690176,164
2026-08-30,Sunday,linea 2,colegio militar,5799.8231531418105,1525.9064716833227,10362.54590879769,0.005331444,0.18787034,0.3264058,177
2026-08-11,Tuesday,linea b,villa de aragón,11616.463743092037,7500.5586741493335,15724.807183853582,0.0053263614,0.18769124,0.32612568,176
2026-08-26,Wednesday,linea 3,zapata,18703.168240132927,12854.396127891901,24307.542227938553,0.0049462044,0.1742952,0.32607463,188
2026-08-03,Monday,linea 1,juanacatlán,6487.034023867304,4776.931002665377,8128.197542005082,0.0050387136,0.17755505,0.32433558,169
2026-08-05,Wednesday,linea 5,pantitlán,44442.77308671103,34456.47684945086,54232.333423722346,0.004918012,0.17330174,0.32421607,168
2026-08-08,Saturday,linea b,deportivo oceanía,6978.663231589622,3469.3716328605806,10468.545626569334,0.0044478243,0.1567332,0.32311752,165
2026-08-16,Sunday,linea 4,fray servando,5160.321467278564,2817.369451308904,7559.132147942905,0.0052776504,0.18597475,0.3231124,164
2026-08-03,Monday,linea 6,el rosario,12930.40219716674,9457.964623032492,16568.49309171731,0.00501285,0.17664365,0.32267076,170
2026-08-14,Friday,linea 5,pantitlán,47029.586536818075,37004.68766333738,57334.92097235208,0.0039939946,0.14074107,0.32241768,173
2026-08-24,Monday,linea 4,fray servando,7333.556383722727,4902.860569723869,9889.2244619247,0.005002726,0.1762869,0.32201907,172
2026-08-22,Saturday,linea 12,calle 11,9950.189643110512,8047.54829498415,11940.302583400304,0.004431497,0.15615785,0.3219314,170
2026-08-29,Saturday,linea 12,ermita,6581.58611365539,4879.691123505724,8334.547894379952,0.0044219834,0.1558226,0.32124028,185
2026-08-16,Sunday,linea 7,polanco,19950.700933923934,11782.791334128287,28726.153651787507,0.0052464684,0.18487595,0.32120335,165
2026-08-03,Monday,linea 5,eduardo molina,5711.434963060103,4404.7628853217375,7070.758644410321,0.0049877097,0.17575777,0.32105252,171
2026-08-19,Wednesday,linea 1,juanacatlán,7261.730474280499,5487.947206317708,9044.98125900761,0.004867085,0.17150716,0.32085875,183
2026-08-18,Tuesday,linea 5,eduardo molina,6436.875422100107,5047.440962334853,7706.594404268395,0.0052393563,0.18462534,0.3207985,176
2026-08-17,Monday,linea 12,atlalilco,10957.327741103929,6706.930185812996,15218.775244856899,0.0049834307,0.17560698,0.3207771,179
2026-08-24,Monday,linea 5,eduardo molina,6364.546924095744,5057.399788412632,7622.949915179702,0.0049749496,0.17530812,0.32023117,173
2026-08-24,Monday,linea 5,oceanía,8265.759320474439,6352.932247198668,10064.775859427633,0.0049672085,0.17503534,0.31973287,174
2026-08-23,Sunday,linea 3,deportivo 18 de marzo,15365.717304908436,10084.96530757993,20934.79992560687,0.0052215545,0.18399803,0.31967807,153
2026-08-20,Thursday,linea 5,eduardo molina,6703.3212619223605,5471.703733730765,7903.421282861517,0.0041903225,0.1476593,0.31924206,174
2026-08-04,Tuesday,linea 5,oceanía,7772.218963501342,6005.852261596287,9618.656835493313,0.0052114637,0.18364245,0.31909066,164
2026-08-23,Sunday,linea 1,tacubaya,13380.297897218834,7976.421986421289,18905.81836889491,0.0051956736,0.18308604,0.31809357,154
2026-08-11,Tuesday,linea 3,universidad,66369.64883268911,50273.66271146817,83214.48698249795,0.0051845876,0.18269539,0.31744507,177
2026-08-08,Saturday,linea 2,cuatro caminos,87091.14614135322,72444.67319829029,100781.58855586273,0.0043642796,0.15378924,0.3170483,166
2026-08-06,Thursday,linea 2,panteones,10285.930159387897,8314.757112226993,12124.547119957051,0.004156601,0.14647102,0.31667298,165
2026-08-14,Friday,linea 5,eduardo molina,6355.965852432823,5129.214874118846,7746.855834278982,0.003920914,0.13816585,0.31651822,174
2026-08-12,Wednesday,linea 5,eduardo molina,6294.722883299932,5040.012744698704,7555.729205359348,0.004796446,0.16901799,0.31620193,172
2026-08-01,Saturday,linea 12,eje central,8508.066019320653,6590.352993021309,10569.868256872303,0.004349203,0.15325795,0.31595305,174
2026-08-09,Sunday,linea 12,parque de los venados,5256.554757151345,3365.3851785584698,6990.0589460037445,0.005157484,0.18174031,0.3157555,158
2026-08-09,Sunday,linea 7,camarones,6414.670765443914,3975.7227548952724,9048.36636117855,0.0051422035,0.18120185,0.31481996,159
2026-08-15,Saturday,linea 7,el rosario,19659.32812100668,13261.00624873025,26261.127781815012,0.0043289796,0.15254533,0.3144839,174
2026-08-18,Tuesday,linea 6,el rosario,14701.685031537696,11143.209383429496,18515.84843594392,0.0051278262,0.18069522,0.31396964,177
2026-08-22,Saturday,linea 4,fray servando,8125.391849622966,5630.189965216506,10693.571254087165,0.0043109837,0.15191118,0.31317657,171
2026-08-02,Sunday,linea 12,calle 11,5792.5570228330635,3834.8503479581664,7762.34007508845,0.005114581,0.18022849,0.31312886,170
2026-08-18,Tuesday,linea 12,zapotitlán,13401.353572336466,10996.802164755023,15858.238139292911,0.005101442,0.17976548,0.31235418,178
2026-08-15,Saturday,linea 12,ermita,6445.625134640167,4684.596329241022,8320.29665482588,0.0042927056,0.1512671,0.31184873,175
2026-08-24,Monday,linea 12,mixcoac,17389.08610840031,14623.202365681464,20228.183803434982,0.004841413,0.17060253,0.31163555,175
2026-08-03,Monday,linea 12,insurgentes sur,36538.87899463585,30826.716550829773,42315.832832134896,0.004838535,0.17050113,0.31145033,172
2026-08-16,Sunday,linea 12,parque de los venados,5526.869552968971,3714.354982656372,7221.31146939201,0.0050846157,0.17917256,0.3112943,166
2026-08-20,Thursday,linea 1,juanacatlán,7109.017281511722,5430.204198287849,8840.82444726663,0.0040849587,0.14394647,0.31121486,175
2026-08-15,Saturday,linea 6,el rosario,9389.150574089263,5691.991254384482,12967.55847423354,0.004275323,0.15065455,0.31058595,176
2026-08-02,Sunday,linea 1,tacubaya,13333.337727886124,7776.747906717299,18866.4964759277,0.005072044,0.17872956,0.3105246,171
2026-08-11,Tuesday,linea 3,zapata,17385.703764801197,11772.169721932374,23053.756796354864,0.0050702784,0.17866734,0.31044608,178
2026-08-02,Sunday,linea 12,mexicaltzingo,6078.379795459312,3099.2070911475817,9396.528914019886,0.0050685657,0.17860699,0.31031168,172
2026-08-04,Tuesday,linea 5,pantitlán,44000.80402424677,34591.622012685526,53916.54561831705,0.005064701,0.1784708,0.3101046,165
2026-08-09,Sunday,linea 4,candelaria,6339.974173414718,3016.120369749946,9466.215212246545,0.005060812,0.17833376,0.30983695,160
2026-08-28,Friday,linea 3,balderas,9039.87363856249,859.2108216071844,16859.284763988435,0.0038373165,0.13522002,0.30976975,189
2026-08-20,Thursday,linea 3,universidad,70090.51370333797,53813.12768008773,87358.0838418235,0.0040635597,0.14319241,0.30958456,176
2026-08-07,Friday,linea 12,eje central,12581.306939628475,10614.596274053369,14409.573326760166,0.0038315682,0.13501745,0.3093057,165
2026-08-14,Friday,linea 6,el rosario,14096.328175824445,10522.072385282858,17699.004072630814,0.0038298431,0.13495667,0.30916643,175
2026-08-20,Thursday,linea 2,colegio militar,13756.578191091641,9471.463753377155,18161.081390683925,0.004052278,0.14279488,0.3087251,177
2026-08-06,Thursday,linea 3,deportivo 18 de marzo,26396.580458746786,20291.267412894613,31798.190540595275,0.004049229,0.14268743,0.30849278,166
2026-08-15,Saturday,linea 12,calle 11,9691.7796891621,7736.64278955101,11571.804892861548,0.0042460384,0.14962263,0.30845854,177
2026-08-11,Tuesday,linea 12,olivos,16483.54298239273,13939.621463280318,19115.522562210368,0.005032512,0.17733651,0.3081337,179
2026-08-23,Sunday,linea 6,ferrería/arena ciudad de méxico,6798.461724796263,1200.961266865089,12950.69497839717,0.005032273,0.1773281,0.30808973,155
2026-08-21,Friday,linea 8,iztacalco,15650.22903549753,11147.754053378421,19781.664709565506,0.0038141278,0.13440289,0.3078978,175
2026-08-13,Thursday,linea 7,refinería,9786.090208010888,6280.721534187259,13406.788109794084,0.004035392,0.14219983,0.30743858,176
2026-08-01,Saturday,linea 4,fray servando,7315.750500430363,4906.4020994375005,9811.319667579251,0.004230657,0.14908062,0.30734116,175
2026-08-20,Thursday,linea 8,iztacalco,15932.010380361644,11542.02681176477,20204.974065383834,0.0040225144,0.14174606,0.30645752,178
2026-08-21,Friday,linea 12,atlalilco,11716.60356548968,7307.578641312217,16183.801254099631,0.0037937688,0.13368547,0.30625433,176
2026-08-20,Thursday,linea 12,zapotitlán,13509.441199831714,10980.910679054417,16009.896992546961,0.0040172264,0.1415597,0.30605465,179
2026-08-07,Friday,linea 12,ermita,9182.38451230414,7319.108591403562,11053.884536793334,0.0037826928,0.13329518,0.3053602,166
2026-08-29,Saturday,linea 12,mixcoac,11602.27744035221,8591.430498092554,14530.809223804978,0.0041767904,0.14718245,0.30342793,186
2026-08-10,Monday,linea 12,tláhuac,59156.18696162124,48305.17400514263,69485.35954547893,0.004688609,0.16521801,0.30179977,178
2026-08-02,Sunday,linea 5,pantitlán,17796.087403455225,7666.376969592553,28403.588479548398,0.0049252883,0.17355815,0.3015398,173
2026-08-13,Thursday,linea 12,tlaltenco,5106.081078643637,4330.088131351115,5860.708870021294,0.0039561326,0.13940687,0.30140018,177
2026-08-16,Sunday,linea 7,barranca del muerto,15075.694125198846,5438.880444925748,23904.739810756124,0.004922261,0.17345148,0.3013545,167
2026-08-23,Sunday,linea 7,el rosario,12905.068860747395,6388.8474737612605,19533.72970731368,0.0049138786,0.1731561,0.3008413,156
2026-08-14,Friday,linea 7,el rosario,28267.797391387085,21496.531818062682,34686.16883344339,0.0037221648,0.13116229,0.30047405,176
2026-08-17,Monday,linea 7,el rosario,27583.870613704737,20892.07153992681,34365.03452046233,0.004666261,0.1644305,0.30036125,180
2026-08-05,Wednesday,linea 12,san andrés tomatlán,10337.623631353115,8152.412182013716,12474.276503404863,0.0045536943,0.16046385,0.3001987,169
2026-08-21,Friday,linea 1,juanacatlán,7155.8220698233945,5302.055978060465,8806.864281118947,0.003717443,0.1309959,0.30009288,177
2026-08-01,Saturday,linea 6,el rosario,8537.582724814813,4860.443900425646,12384.420622439056,0.004128679,0.1454871,0.29993284,176
2026-08-12,Wednesday,linea 3,copilco,41670.228147106034,27302.568407804454,54131.65739197464,0.0045439024,0.1601188,0.2995532,173
2026-08-04,Tuesday,linea 12,zapotitlán,13110.093175244287,10445.196834679771,15592.467430636343,0.004889659,0.17230265,0.299387,166
2026-08-04,Tuesday,linea 1,balderas,17696.287335185694,11715.749277232135,23336.235533721094,0.004877933,0.17188944,0.29866904,167
2026-08-21,Friday,linea 7,refinería,10163.515266142513,6807.623985652362,13774.221509484063,0.0036993271,0.13035752,0.29863045,178
2026-08-16,Sunday,linea 7,san joaquín,13677.11602955506,6988.751811647326,20140.309432157424,0.0048777573,0.17188324,0.29862985,168
2026-08-08,Saturday,linea 7,constituyentes,10687.873376831649,6144.4611639714685,15389.256396664325,0.0041030827,0.14458513,0.29807335,167
2026-08-21,Friday,linea 12,ermita,9667.448741794393,7783.675297324782,11619.069714041363,0.0036874446,0.12993881,0.29767123,179
2026-08-25,Tuesday,linea 12,tlaltenco,5375.801196915437,4572.042687324498,6140.4936805463485,0.0048608435,0.17128724,0.29762268,187
2026-08-24,Monday,linea 3,universidad,67118.31173480045,50749.72334497535,84256.18592307587,0.0046082423,0.16238603,0.2966267,176
2026-08-24,Monday,linea 12,san andrés tomatlán,11329.077278894838,9255.786938927664,13395.243775589102,0.004607695,0.16236675,0.29659146,177
2026-08-30,Sunday,linea 12,lomas estrella,6472.672334728942,5214.85848372877,7736.948455585523,0.00484435,0.17070603,0.29658455,178
2026-08-12,Wednesday,linea 2,colegio militar,12085.744961982455,7804.065953726202,16574.178266906863,0.0044906694,0.15824297,0.29604384,174
2026-08-18,Tuesday,linea 5,pantitlán,47704.42021613692,36897.458554727025,58168.76032000372,0.004833521,0.17032443,0.29594976,179
2026-08-10,Monday,linea 4,fray servando,6826.153105667768,4344.995149625386,9271.263970248125,0.0045950348,0.16192062,0.29577652,179
2026-08-03,Monday,linea 12,ermita,8862.813950274834,7068.713237649987,10581.349446040522,0.004594568,0.16190419,0.29574648,173
2026-08-09,Sunday,linea 4,fray servando,4935.657821720284,2631.2653096555237,7350.47860665974,0.004829868,0.17019573,0.29569793,161
2026-08-10,Monday,linea 7,auditorio,24620.715705538245,16836.698661602,32229.458172802857,0.0045921654,0.1618195,0.29559183,180
2026-08-21,Friday,linea 5,eduardo molina,6588.96038314791,5296.975567946696,7888.225031554729,0.0036599578,0.12897022,0.29545236,180
2026-08-30,Sunday,linea 3,zapata,5764.44109207662,260.0698581571761,11351.883533099282,0.0048255776,0.17004453,0.29543525,179
2026-08-10,Monday,linea 7,constituyentes,12883.335386005136,8484.33863118977,17794.821161527063,0.004580232,0.16139899,0.29482368,181
2026-08-23,Sunday,linea 12,atlalilco,2654.6172142326877,0.0,7191.774843785126,0.0048088944,0.16945665,0.29441386,157
2026-08-17,Monday,linea 12,san andrés tomatlán,10604.935090971649,8500.56620072028,12971.076518219843,0.0045664147,0.16091211,0.2939343,181
2026-08-13,Thursday,linea 6,el rosario,14069.625501741502,10654.508401475297,17883.395458228664,0.0038401207,0.13531883,0.29256174,178
2026-08-10,Monday,linea 12,olivos,16037.946462321628,13389.465462099424,18568.323655782704,0.0045379708,0.15990978,0.29210338,182
2026-08-19,Wednesday,linea 12,periférico oriente,35787.96357128751,27776.63113575322,43795.36598362413,0.0044303755,0.15611833,0.29206902,184
2026-08-11,Tuesday,linea 5,pantitlán,45642.829832672716,36025.99955073048,56123.34172658697,0.004765757,0.16793656,0.29180065,180
2026-08-10,Monday,linea 6,el rosario,13300.073342022155,9719.170449355253,16947.804237347522,0.0045314617,0.15968043,0.29168442,183
2026-08-01,Saturday,linea 9,ciudad deportiva,8108.513012192362,1342.5083405235446,14489.23895496241,0.004010131,0.1413097,0.29132077,177
2026-08-12,Wednesday,linea 7,el rosario,28324.678347354646,22004.84479628504,34636.3167388138,0.0044090413,0.15536655,0.2906626,175
2026-08-06,Thursday,linea 12,zapotitlán,13129.37861450839,10893.800125422526,15451.013062815759,0.003810287,0.13426754,0.29028884,167
2026-08-17,Monday,linea 8,iztacalco,13862.4668849382,9258.221468615631,18100.633972122458,0.0045065745,0.15880345,0.29008245,182
2026-08-04,Tuesday,linea 12,san andrés tomatlán,10239.651091068183,8144.822366005414,12358.684859537327,0.0047341804,0.16682386,0.28986728,168
2026-08-23,Sunday,linea 1,juanacatlán,2213.409405136179,467.1206127556104,4065.721348373223,0.00473177,0.16673893,0.2896921,158
2026-08-11,Tuesday,linea 6,ferrería/arena ciudad de méxico,19150.547167276993,12995.760525476446,25275.55567253396,0.004724343,0.1664772,0.28926492,181
2026-08-17,Monday,linea 2,colegio militar,12182.895356448775,7147.808881310811,16588.56900030362,0.0044932747,0.15833479,0.28922635,183
2026-08-01,Saturday,linea 5,eduardo molina,4508.641420079102,3145.751580380948,5772.659184785027,0.003978032,0.14017858,0.28898892,178
2026-08-20,Thursday,linea 12,tlaltenco,5216.150941582641,4429.884859325262,5945.62434768789,0.0037911332,0.1335926,0.2888296,180
2026-08-03,Monday,linea 4,fray servando,6515.482239804276,4111.623891422455,9091.08014889399,0.0044703446,0.15752678,0.2877504,174
2026-08-09,Sunday,linea 1,juanacatlán,2233.7799982083948,452.72592832873227,3962.212520657449,0.004695499,0.1654608,0.28747147,162
2026-08-14,Friday,linea 3,zapata,18289.858341289164,12539.344580261459,23607.279773920258,0.0035606865,0.12547208,0.2874386,177
2026-08-26,Wednesday,linea 3,balderas,9116.470091712512,1185.1477647187464,17227.24335660545,0.00435692,0.15352988,0.2872265,189
2026-08-05,Wednesday,linea 5,eduardo molina,6079.705360557323,4773.347912720021,7336.846065966802,0.004352888,0.15338781,0.28696072,170
2026-08-20,Thursday,linea 5,pantitlán,48222.167417136094,38137.42811045558,58907.24479879301,0.0037633555,0.13261376,0.28671333,181
2026-08-18,Tuesday,linea 2,colegio militar,13444.130835037062,8929.536329848708,17813.07356007371,0.0046806205,0.16493651,0.28658786,180
2026-08-21,Friday,linea 2,hidalgo,19717.843190173808,12089.834188961859,27680.78212260506,0.0035463062,0.12496535,0.28627774,181
2026-08-25,Tuesday,linea 3,zapata,18239.116310087404,12977.31107886944,23755.788321376807,0.004674014,0.16470371,0.2861834,188
2026-08-07,Friday,linea 12,mixcoac,16290.272481790122,13377.809072366843,19330.62887600093,0.0035446435,0.124906756,0.28614354,167
2026-08-30,Sunday,linea 12,hospital 20 de noviembre,4302.727369401937,2711.1179991540434,5992.941598958533,0.004669008,0.1645273,0.28584963,180
2026-08-07,Friday,linea 1,balderas,17878.2465753831,12229.382543941878,23968.743917749856,0.0035402165,0.124750756,0.28578615,168
2026-08-23,Sunday,linea 4,bondojito,3483.5055854572793,2531.5782383651863,4420.331044247044,0.0046678004,0.16448475,0.2857757,159
2026-08-16,Sunday,linea 2,cuatro caminos,62808.92721852416,48117.15611027223,76932.77169567689,0.0046644453,0.16436653,0.2855703,169
2026-08-14,Friday,linea 2,colegio militar,11740.39199023412,7452.756677301028,16426.961089544428,0.0035320004,0.12446123,0.2851229,178
2026-08-05,Wednesday,linea 7,el rosario,28427.493444818316,21424.524341623473,35053.12474509745,0.0043189633,0.15219237,0.28472427,171
2026-08-18,Tuesday,linea 9,velódromo,12524.943065116524,0.0,25769.97309286409,0.004650137,0.16386232,0.2847214,181
2026-08-05,Wednesday,linea 1,tacubaya,20113.902140881786,14815.477590732173,25602.858204429445,0.0043140426,0.15201898,0.28439987,172
2026-08-15,Saturday,linea 12,tlaltenco,4564.103468107479,3785.6185883071907,5310.529694216352,0.0039041426,0.13757485,0.28362113,178
2026-08-06,Thursday,linea 12,san andrés tomatlán,10222.672540962149,7979.309458567451,12310.986546831216,0.003722515,0.13117462,0.28360188,168
2026-08-06,Thursday,linea 5,eduardo molina,6243.5983731640645,5020.413227916727,7521.086864638337,0.00371102,0.13076957,0.28272614,169
2026-08-20,Thursday,linea 12,atlalilco,11620.49551496013,6882.560289769467,15882.129325584292,0.0037035844,0.13050754,0.28215966,182
2026-08-14,Friday,linea 3,universidad,69366.20498890078,52624.747956282794,85265.17425010752,0.0034914166,0.12303113,0.28184676,179
2026-08-09,Sunday,linea 7,polanco,19022.872583231292,10156.981182820356,26978.740813680743,0.0045939707,0.16188313,0.28125563,163
2026-08-17,Monday,linea 7,auditorio,25157.161322185475,16974.742590530204,32663.47908864725,0.0043669427,0.15388307,0.28109452,184
2026-08-24,Monday,linea 2,colegio militar,13859.0287915621,9008.70858160707,18548.80132793084,0.0043570586,0.15353477,0.2804583,178
2026-08-24,Monday,linea 12,eje central,13022.210926129117,11256.17094848027,15071.691645538254,0.004349577,0.15327114,0.2799767,179
2026-08-22,Saturday,linea 12,eje central,9266.911661340691,7345.996191748586,11269.652789906408,0.0038535437,0.13579184,0.27994528,172
2026-08-03,Monday,linea 7,constituyentes,12325.499448794355,7685.296418226624,17269.53214314264,0.0043454445,0.15312552,0.2797107,175
2026-08-07,Friday,linea 12,zapotitlán,13439.103550799427,10973.270972950548,15694.425245000291,0.0034627735,0.12202181,0.27953452,169
2026-08-06,Thursday,linea 1,balderas,17894.21302016317,11989.005804587625,24121.46424102437,0.0036554395,0.128811,0.2784917,170
2026-08-17,Monday,linea 12,periférico oriente,34397.41070372227,26424.911046580153,42650.654197420205,0.004316782,0.15211551,0.27786577,185
2026-08-06,Thursday,linea 5,pantitlán,44358.228394698424,34475.363313993425,54560.755094493594,0.003637013,0.12816168,0.27708787,171
2026-08-23,Sunday,linea 5,eduardo molina,3418.679425438006,2037.3648830722527,4682.758868044808,0.004520052,0.15927838,0.27673015,160
2026-08-24,Monday,linea 7,constituyentes,13127.247710144658,8581.829632947862,17650.006573053935,0.0042800778,0.15082212,0.27550313,180
2026-08-07,Friday,linea 12,san andrés tomatlán,10198.574180845855,8153.505980380026,12309.436407309433,0.0034003719,0.11982289,0.27449712,170
2026-08-24,Monday,linea 2,bellas artes,14341.562265294862,6101.063791887615,22691.96432828247,0.004257871,0.15003958,0.27407372,181
2026-08-01,Saturday,linea 12,tláhuac,39228.36018659244,28495.025577570308,49536.10687953268,0.0037719894,0.132918,0.27402067,179
2026-08-14,Friday,linea 12,tláhuac,60745.791541064165,49774.106430254156,71293.59133744251,0.0033930517,0.119564936,0.27390617,180
2026-08-23,Sunday,linea a,la paz,25204.55622760354,17181.974068626845,33981.11923565203,0.0044521843,0.15688683,0.27257508,161
2026-08-05,Wednesday,linea 7,refinería,9743.470649622399,6131.521175710425,13077.18623361973,0.0041340585,0.14567666,0.27253455,173
2026-08-23,Sunday,linea 3,niños héroes,7646.561653546929,2043.761973685603,13377.817351336329,0.004447222,0.15671198,0.2722713,162
2026-08-06,Thursday,linea 5,oceanía,7720.373531090238,5922.528956214631,9656.269487343037,0.0035702293,0.12580836,0.27199993,172
2026-08-21,Friday,linea 3,universidad,71107.00202576848,55215.0598169683,88018.88578824623,0.0033690932,0.11872068,0.27197212,182
2026-08-18,Tuesday,linea 12,atlalilco,11508.215044845545,6754.904652473247,15937.625336820774,0.0044372627,0.15636103,0.27168742,182
2026-08-06,Thursday,linea 7,el rosario,28444.701726431107,21937.61179159289,35224.05508723992,0.0035560827,0.12530985,0.27092215,173
2026-08-23,Sunday,linea 12,parque de los venados,5676.9273461338535,3836.473318488641,7483.610045571813,0.004409937,0.15539812,0.2699886,163
2026-08-07,Friday,linea 1,juanacatlán,7100.525541055847,5549.781481039863,8731.072864269865,0.003328422,0.11728751,0.26868892,171
2026-08-24,Monday,linea 12,periférico oriente,35402.285380146954,27604.56175092849,43324.08679879137,0.004164065,0.14673403,0.26803553,182
2026-08-06,Thursday,linea 12,tlaltenco,5067.060486154884,4317.987522470238,5861.403649676486,0.0035150475,0.123863846,0.26779586,174
2026-08-11,Tuesday,linea 2,colegio militar,11947.243845367271,7263.585653633337,16517.433030457185,0.004372837,0.15409078,0.26774272,182
2026-08-14,Friday,linea 12,culhuacán,16994.832393277524,14570.330410772734,19414.957587743407,0.0033126082,0.11673026,0.26741233,181
2026-08-03,Monday,linea 1,tacubaya,19681.192135737423,14209.745838198143,25341.05694670004,0.0041532805,0.146354,0.26734138,176
2026-08-16,Sunday,linea 7,el rosario,12535.75319035836,6533.254666424526,19121.128026286005,0.0043601356,0.1536432,0.2669396,170
2026-08-24,Monday,linea 12,ermita,9559.435585343475,7754.410371084013,11435.86200791639,0.0041443068,0.14603779,0.26676375,183
2026-08-19,Wednesday,linea 12,culhuacán,17055.09118068744,14785.731568030074,19387.730586092144,0.0040409495,0.14239568,0.26639643,185
2026-08-17,Monday,linea 7,constituyentes,13249.286721402168,8545.545320443933,17439.59501066069,0.0041290517,0.14550023,0.2657818,186
2026-08-08,Saturday,linea 7,el rosario,19696.963610225575,12826.264243124195,26111.75947869894,0.0036583098,0.12891215,0.2657623,168
2026-08-23,Sunday,linea 9,velódromo,6477.177052853308,0.0,19183.34566970377,0.0043380195,0.15286388,0.2655856,164
2026-08-23,Sunday,linea 12,calle 11,6464.077416696262,4538.03117720976,8286.21492717397,0.004327169,0.15248153,0.2649213,165
2026-08-15,Saturday,linea 3,zapata,11884.204584018718,6246.4512691456175,17403.085371063367,0.003630784,0.12794219,0.26376265,179
2026-08-10,Monday,linea b,villa de aragón,10646.448796713834,6475.554894844248,14687.986870005516,0.004096241,0.14434405,0.26366982,184
2026-08-13,Thursday,linea b,villa de aragón,11877.979080148676,7841.4297795698985,15936.944459876271,0.0034580065,0.12185383,0.26345018,179
2026-08-11,Tuesday,linea 12,nopalera,24390.456946917264,20466.455362907996,28299.3093273796,0.004301136,0.15156417,0.26335254,183
2026-08-04,Tuesday,linea 5,la raza,8242.161297677649,5988.781815696995,10422.903427572923,0.0042961193,0.1513874,0.2630454,169
2026-08-23,Sunday,linea 2,colegio militar,4433.518891967666,0.0,9227.390572107166,0.004277646,0.15073642,0.26188937,166
2026-08-03,Monday,linea 12,san andrés tomatlán,9830.279089468018,7801.685746035969,12028.102712987438,0.0040633725,0.14318581,0.2615541,177
2026-08-24,Monday,linea 7,auditorio,25029.59013248535,16979.228512453796,32986.01279386553,0.0040561943,0.14293288,0.26109207,184
2026-08-23,Sunday,linea 7,san joaquín,14118.9097243729,7304.685655416909,20916.680000510965,0.0042631445,0.15022542,0.26100153,167
2026-08-22,Saturday,linea 8,iztacalco,11286.20240719249,7000.831919214454,15771.305003443973,0.0035886632,0.12645793,0.26070273,173
2026-08-25,Tuesday,linea 3,balderas,9404.626766057358,1619.1027216228147,17026.039420460427,0.0042569167,0.15000597,0.2606451,189
2026-08-08,Saturday,linea 12,calle 11,9451.478803673419,7544.713385286383,11297.59111619687,0.0035852478,0.12633757,0.26045462,169
2026-08-12,Wednesday,linea 3,universidad,67374.95853484208,51732.93037195284,82732.47051956663,0.0039487663,0.1391473,0.26031932,176
2026-08-03,Monday,linea 5,la raza,7650.517539284261,5373.4853048199775,9945.843604439353,0.0040398864,0.14235821,0.26004234,178
2026-08-03,Monday,linea 2,panteones,9440.209089378242,7556.16184613224,11576.609814754362,0.0040381965,0.14229865,0.25993356,179
2026-08-21,Friday,linea 2,colegio militar,13392.458183969487,8557.646406647305,17998.813746145537,0.003217247,0.113369904,0.25971425,183
2026-08-15,Saturday,linea 3,universidad,47837.52204306923,31737.233799189602,63783.58415797421,0.0035718493,0.12586544,0.25948128,180
2026-08-04,Tuesday,linea 7,el rosario,28375.996279863124,21707.202432933034,35384.54826321105,0.004232379,0.1491413,0.25914267,170
2026-08-22,Saturday,linea 12,atlalilco,6964.225866092281,2692.9596154241303,11628.584797257827,0.003564568,0.12560886,0.25895232,174
2026-08-08,Saturday,linea 12,eje central,8753.533213431867,7042.0965826111815,10610.355740205247,0.0035620164,0.12551895,0.25876695,170
2026-08-20,Thursday,linea 2,normal,27855.959117703354,18612.2667318775,36716.39274000067,0.0033902521,0.11946628,0.25828826,183
2026-08-10,Monday,linea 2,colegio militar,10765.25808189302,6344.416210885469,15701.930589894113,0.0040116534,0.14136332,0.258225,185
2026-08-22,Saturday,linea 5,eduardo molina,5134.409232159904,3843.166295494177,6478.650104851205,0.0035515977,0.12515181,0.25801006,175
2026-08-20,Thursday,linea 12,culhuacán,16949.585965784227,14518.58604153426,19370.421196806856,0.003385134,0.11928593,0.25789833,184
2026-08-23,Sunday,linea 3,copilco,22393.986921688713,9530.138431136686,34945.86876143364,0.004210461,0.14836894,0.2577761,168
2026-08-11,Tuesday,linea 5,la raza,8666.134689774693,6443.607341725572,10948.030283707418,0.004204691,0.14816561,0.25744736,184
2026-08-08,Saturday,linea 1,juanacatlán,3950.5065957659526,2224.2961780946544,5584.056346940874,0.0035429173,0.12484593,0.25737947,171
2026-08-09,Sunday,linea 5,eduardo molina,2954.797518208232,1754.2954203152926,4244.907843286421,0.0042037866,0.14813375,0.2573675,164
2026-08-04,Tuesday,linea 12,tlaltenco,5126.90579630309,4384.426872156718,5823.676077988444,0.0041925493,0.14773777,0.25670394,171
2026-08-05,Wednesday,linea 5,la raza,8368.71455582208,6204.037870078008,10646.73421713623,0.0038929177,0.1371793,0.25663754,174
2026-08-13,Thursday,linea 3,zapata,18013.579755175215,12746.832274853226,24289.05104063233,0.0033660142,0.118612185,0.25644168,180
2026-08-07,Friday,linea 5,pantitlán,45084.187811759344,34772.32706113915,56174.624426862545,0.0031765746,0.11193668,0.25643095,172
2026-08-23,Sunday,linea 7,barranca del muerto,15835.28039446715,6872.643919924426,24274.726283853735,0.0041881544,0.1475829,0.25641045,169
2026-08-02,Sunday,linea 12,lomas estrella,6200.781175397976,4922.424156501671,7510.786786307182,0.004187701,0.14756691,0.25638267,174
2026-08-15,Saturday,linea 7,barranca del muerto,24774.693197824407,15598.310011178422,34222.346745380484,0.0035158007,0.123890385,0.25540954,181
2026-08-03,Monday,linea 2,normal,20480.086845010526,11316.55571965939,29117.122976769915,0.003966812,0.1397832,0.25533864,180
2026-08-22,Saturday,linea 12,insurgentes sur,25436.803294156045,19640.66353954799,31006.16023006863,0.0035057713,0.12353697,0.25468096,176
2026-08-03,Monday,linea 12,tlaltenco,5007.057047251604,4306.489841453649,5780.291310475152,0.0039512464,0.13923469,0.25433668,181
2026-08-24,Monday,linea 12,culhuacán,16854.004449477172,14485.740420966848,19134.69561940072,0.0039485204,0.13913864,0.2541612,185
2026-08-05,Wednesday,linea 12,tláhuac,58787.7514541609,47472.943234417435,69400.16400172409,0.0038465634,0.13554586,0.25358167,175
2026-08-13,Thursday,linea 12,tláhuac,60199.97039038327,49835.40756752787,70681.11884806503,0.003325728,0.117192574,0.25337246,181
2026-08-23,Sunday,linea 2,bellas artes,16025.500661140668,6818.834540832863,24616.69326034571,0.0041371356,0.1457851,0.25328693,170
2026-08-24,Monday,linea 2,hidalgo,17738.48427832772,9658.364413479692,25130.29546552657,0.0039289845,0.13845024,0.25290373,186
2026-08-12,Wednesday,linea 12,tláhuac,60366.018365220996,49314.42801396266,71398.29372979769,0.0038350148,0.13513891,0.25282034,177
2026-08-13,Thursday,linea 12,culhuacán,16648.321562912948,14132.951085438035,19092.306679395355,0.0033146744,0.116803065,0.2525303,182
2026-08-01,Saturday,linea 6,la villa/basílica,10979.85119240319,7467.258605304113,14572.150678651926,0.003473822,0.12241114,0.25235996,180
2026-08-02,Sunday,linea 12,hospital 20 de noviembre,3230.8187625765877,1405.6863035321596,4744.166835509429,0.0041118874,0.14489539,0.25174117,175
2026-08-05,Wednesday,linea 12,culhuacán,16526.134799306987,14169.91428784444,18969.13394298689,0.0038139415,0.13439633,0.2514311,176
2026-08-17,Monday,linea 12,tláhuac,61048.09256671689,50391.39468065351,71746.36573689267,0.003905276,0.13761479,0.25137764,187
2026-08-09,Sunday,linea 7,san joaquín,12983.73483774315,6300.47757073344,19185.220605477993,0.0041022934,0.14455731,0.2511538,165
2026-08-02,Sunday,linea 12,tláhuac,24694.214787127756,12833.258044642305,35134.581357697774,0.004102288,0.14455712,0.25115344,176
2026-08-15,Saturday,linea 12,tláhuac,42107.48497996122,31650.06652266478,52369.30777234693,0.0034554112,0.12176237,0.2510225,182
2026-08-12,Wednesday,linea 6,el rosario,13991.344119425808,10502.296917348689,17764.25660550694,0.0038073903,0.13416547,0.2509992,178
2026-08-17,Monday,linea 12,tlaltenco,5098.024812948338,4302.316667990887,5856.856906606971,0.0038746826,0.13653673,0.24940838,188
2026-08-21,Friday,linea 12,culhuacán,17303.819950168927,14682.742782233643,19570.38109228998,0.003089244,0.10885931,0.24938112,184
2026-08-18,Tuesday,linea 3,zapata,18104.765106162686,12617.933496744134,23371.410165764777,0.004071957,0.14348832,0.24932025,183
2026-08-13,Thursday,linea 2,colegio militar,12141.909787456627,7512.635367339819,16907.384250160758,0.0032724973,0.11531682,0.24931704,183
2026-08-18,Tuesday,linea 12,culhuacán,16913.559167738273,14630.287828890907,19222.522192555753,0.0040671392,0.14331855,0.24902527,184
2026-08-05,Wednesday,linea 2,panteones,10259.25576502885,8380.697716443181,12292.837776446371,0.0037764558,0.1330754,0.24895988,177
2026-08-08,Saturday,linea 7,barranca del muerto,23529.660170301562,14516.171081857918,31983.619995401437,0.0034265514,0.120745406,0.24892592,172
2026-08-14,Friday,linea 2,normal,25303.17045371226,16425.001398858833,34449.095912078126,0.003079523,0.10851676,0.2485964,182
2026-08-22,Saturday,linea 2,hidalgo,17073.89696038488,9385.128566052328,24647.968187668364,0.0034207592,0.1205413,0.24850515,177
2026-08-12,Wednesday,linea b,villa de aragón,11947.651194891425,7771.446940602596,16277.080684315675,0.0037653833,0.13268521,0.24822994,179
2026-08-04,Tuesday,linea 1,tacubaya,19948.060458304062,14477.816201153202,25590.62458037705,0.004047428,0.14262396,0.24781837,172
2026-08-03,Monday,linea 6,la villa/basílica,10410.980125214157,6527.769879916572,13997.018730699552,0.0038392362,0.13528766,0.24712673,182
2026-08-07,Friday,linea 2,panteones,10375.553753375541,8406.533162520229,12270.28654012242,0.0030527927,0.107574835,0.24643858,173
2026-08-07,Friday,linea 5,eduardo molina,6125.55158551664,4872.296134075742,7481.980880714225,0.0030522023,0.107554026,0.24639091,174
2026-08-09,Sunday,linea 12,calle 11,5962.109939438927,4005.074544131373,7834.767787910194,0.004021235,0.14170097,0.24619116,166
2026-08-14,Friday,linea b,villa de aragón,11760.017783020056,7067.271879397066,16040.405653948003,0.0030446462,0.107287765,0.24578094,183
2026-08-14,Friday,linea 4,fray servando,7938.923778850928,5421.727335501211,10460.420704608465,0.003043053,0.107231624,0.24565232,184
2026-08-22,Saturday,linea 7,barranca del muerto,25622.237760391712,17008.1871563351,34223.381161100864,0.0033657085,0.11860141,0.24450593,178
2026-08-03,Monday,linea b,villa de aragón,9928.998101145122,5727.200632121083,14360.827340196984,0.0037935094,0.13367634,0.24418336,183
2026-08-12,Wednesday,linea 12,culhuacán,16761.79541092431,14517.509408083348,19067.361222147112,0.0036953506,0.1302174,0.24361308,180
2026-08-06,Thursday,linea 5,la raza,8329.206134014707,5922.440115096153,10514.41622556272,0.0031942148,0.11255829,0.24335304,175
2026-08-13,Thursday,linea 7,auditorio,28227.19813699121,20570.59786168283,34998.35957911207,0.0031919975,0.112480156,0.24318412,184
2026-08-19,Wednesday,linea 3,zapata,18643.5951060994,13116.230858904226,23939.297883938878,0.0036840003,0.12981744,0.24286483,186
2026-08-18,Tuesday,linea 12,periférico oriente,35451.582312567494,27322.1281829188,43498.29681854573,0.003959362,0.13952067,0.24242622,185
2026-08-02,Sunday,linea 1,juanacatlán,2105.311859064648,508.52506594202924,3906.9821136672713,0.0039576753,0.13946123,0.24229987,177
2026-08-03,Monday,linea 7,auditorio,24048.644916422658,16499.146529229,31926.957928977274,0.0037632626,0.1326105,0.24223642,184
2026-08-04,Tuesday,linea 3,juárez,12932.132006409161,8494.328161302265,17461.5572782157,0.003947973,0.13911934,0.24172887,173
2026-08-24,Monday,linea 12,zapotitlán,13525.594850371384,11021.274332402212,16058.139616705894,0.0037534446,0.13226452,0.24160445,187
2026-08-22,Saturday,linea 2,cuatro caminos,92940.88370564983,77694.70708222828,108011.75423945539,0.0033256204,0.11718878,0.24159367,179
2026-08-07,Friday,linea 6,el rosario,13596.703449733854,10251.78293631944,17379.325859734865,0.0029886684,0.10531521,0.2412621,175
2026-08-22,Saturday,linea 2,colegio militar,7570.777111352095,3154.383369453654,12074.934259485088,0.0033146634,0.11680268,0.2407977,180
2026-08-29,Saturday,linea 12,san andrés tomatlán,8572.556358598811,6340.489699148227,10887.767700999422,0.0033011073,0.11632498,0.2398129,187
2026-08-11,Tuesday,linea 6,la villa/basílica,10417.375156425182,6835.807793394583,14143.46682533815,0.0039082505,0.1377196,0.23929673,185
2026-08-08,Saturday,linea 5,pantitlán,32703.677520183937,22405.81559750845,43213.71279861078,0.0032829656,0.1156857,0.23849498,173
2026-08-16,Sunday,linea 12,atlalilco,2422.772738065507,0.0,6744.315110472112,0.003889696,0.13706577,0.23813799,171
2026-08-08,Saturday,linea 12,tlaltenco,4503.671677159375,3742.6569596837167,5271.554688462597,0.0032763476,0.1154525,0.2380142,174
2026-08-06,Thursday,linea 12,tláhuac,58527.250385117135,47651.94369174905,68817.49607770084,0.0031196303,0.10993007,0.23767078,176
2026-08-26,Wednesday,linea 12,nopalera,25729.37576293806,22004.837461545176,29534.00966596218,0.0035952914,0.12669149,0.23701677,190
2026-08-07,Friday,linea 12,culhuacán,16742.428141348497,14459.156469742014,19066.03736152591,0.0029348414,0.10341845,0.23691688,176
2026-08-05,Wednesday,linea 6,la villa/basílica,10461.143156764458,6870.139652734154,14077.582833463553,0.0035885233,0.126453,0.23657058,178
2026-08-05,Wednesday,linea 1,juanacatlán,7140.102325476338,5266.307303221742,8910.226499891989,0.0035875393,0.12641832,0.2365057,179
2026-08-06,Thursday,linea 12,culhuacán,16404.219057232127,14064.71159302785,18827.965518972655,0.0030982592,0.109176986,0.2360426,177
2026-08-08,Saturday,linea 6,el rosario,8852.724344804334,5078.070450941088,12442.93721924429,0.0032487956,0.11448162,0.23601265,175
2026-08-11,Tuesday,linea 12,tezonco,22893.48064227105,19018.804137337156,26632.26362472616,0.0038479194,0.13559364,0.23560274,186
2026-08-14,Friday,linea 6,la villa/basílica,10928.473744121524,7615.153492221345,14584.293341685812,0.0029181992,0.102832004,0.23557343,185
2026-08-22,Saturday,linea 12,periférico oriente,30354.69122856382,22599.444243186714,37962.951348306,0.0032365415,0.11404981,0.23512244,181
2026-08-23,Sunday,linea 7,polanco,20795.295786729235,12472.132660256715,29309.21717108628,0.003835434,0.13515368,0.23481593,171
2026-08-10,Monday,linea 5,pantitlán,45140.93772518044,34551.38449594361,55200.52595425002,0.0036475009,0.12853126,0.23478498,186
2026-08-08,Saturday,linea 5,eduardo molina,4669.7287359278525,3387.0156242726293,6010.165406802397,0.0032304435,0.11383492,0.23467943,176
2026-08-22,Saturday,linea 12,ermita,6580.848219981654,4667.438582111101,8207.948185918802,0.003229702,0.11380879,0.23462556,182
2026-08-03,Monday,linea 12,culhuacán,16029.819786129045,14028.356892829712,18504.32074928715,0.0036345324,0.12807427,0.23395021,185
2026-08-13,Thursday,linea 12,atlalilco,11264.16027145277,6559.846949807069,15606.735863983235,0.0030704136,0.10819576,0.23392117,185
2026-08-04,Tuesday,linea 12,tláhuac,58396.33979056364,48180.66663527768,69548.09095753226,0.003818798,0.13456747,0.2338197,174
2026-08-09,Sunday,linea 12,mexicaltzingo,6077.471172677637,2688.286444332394,9515.541133979925,0.0038057722,0.13410845,0.23299994,167
2026-08-08,Saturday,linea 3,universidad,42527.51215532586,25262.544766240757,59499.61107316437,0.003203951,0.112901375,0.23275486,177
2026-08-14,Friday,linea 12,atlalilco,11403.019488903901,6865.422323739716,15902.458508109898,0.0028823358,0.101568244,0.23267832,186
2026-08-10,Monday,linea 12,tezonco,22400.08099816757,18746.140859150324,26167.745517677326,0.0036063914,0.12708263,0.23213881,187
2026-08-27,Thursday,linea 12,tlaltenco,5356.721158341211,4614.041443881911,6093.455158551342,0.0030461866,0.10734205,0.23207544,189
2026-08-10,Monday,linea 3,zapata,16027.485498858234,10704.042203942532,21907.283393787005,0.0035852306,0.12633696,0.23077671,188
2026-08-06,Thursday,linea 1,juanacatlán,7019.051871421476,5282.8351507781745,8744.36594307581,0.0030275988,0.10668705,0.2306593,178
2026-08-03,Monday,linea 12,tláhuac,57810.179155123136,46905.41551304688,68185.83940433075,0.0035811532,0.12619328,0.23051426,186
2026-08-06,Thursday,linea 1,tacubaya,20171.868012436687,14901.46954739934,25506.573527873774,0.003023376,0.10653824,0.23033759,179
2026-08-23,Sunday,linea 8,constitución de 1917,53954.3786373388,35607.778044241495,71806.2436431925,0.003759003,0.13246039,0.2301366,172
2026-08-10,Monday,linea 12,nopalera,23843.071423656304,20006.473716242952,27685.06314205987,0.0035688793,0.12576078,0.22972421,189
2026-08-16,Sunday,linea 12,calle 11,6209.824795934216,4245.398850706179,8320.084928932803,0.0037504786,0.13216001,0.22961472,172
2026-08-23,Sunday,linea 5,pantitlán,22974.779992236156,12628.03785473685,34057.04061885333,0.0037466164,0.13202392,0.22937825,173
2026-08-09,Sunday,linea 2,cuatro caminos,59237.01305674888,44991.963352877305,74334.97771331326,0.00374525,0.13197576,0.2292946,168
2026-08-30,Sunday,linea 7,constituyentes,8646.212111669292,3681.8738829277054,12968.458434700975,0.0037398504,0.13178548,0.22896402,181
2026-08-11,Tuesday,linea 12,atlalilco,11069.686989575179,6650.349198067654,15796.997786526594,0.0037299993,0.13143836,0.22838266,187
2026-08-03,Monday,linea 2,colegio militar,10177.20927104829,5503.81463312247,15135.783650397456,0.0035444028,0.12489827,0.22814868,187
2026-08-09,Sunday,linea 7,barranca del muerto,13850.033641525417,4294.393184041986,23046.059076509868,0.0037227678,0.13118353,0.22791818,169
2026-08-07,Friday,linea 12,tláhuac,58994.18158692829,47878.39376518377,69737.94781180998,0.0028224653,0.099458516,0.22784525,177
2026-08-13,Thursday,linea 9,velódromo,11739.814431621988,0.0,25419.965371512728,0.0029892924,0.105337195,0.22774091,186
2026-08-07,Friday,linea 5,la raza,8341.70407821934,5869.142650666346,10621.460181422073,0.002813501,0.09914263,0.2271216,178
2026-08-07,Friday,linea 1,tacubaya,22024.66821787005,16775.591803283467,27175.363354598117,0.0028125285,0.09910836,0.22704309,179
2026-08-10,Monday,linea 12,atlalilco,10482.463062366214,5928.997861842569,15022.608466088202,0.0035263961,0.12426375,0.22698961,190
2026-08-16,Sunday,linea 12,mexicaltzingo,5742.956651472108,2492.5501419343673,8908.201849817127,0.0037049588,0.13055597,0.22682786,173
2026-08-30,Sunday,linea 12,mixcoac,7918.508385476092,5051.531035680104,10772.46964638262,0.0036906363,0.13005127,0.225951,182
2026-08-28,Friday,linea 6,la villa/basílica,10058.150215639516,6440.227525747017,13479.435136338478,0.0027925344,0.098403804,0.22542906,190
2026-08-10,Monday,linea 2,normal,21624.724594547657,12433.11677622259,30705.55924046865,0.0035017023,0.12339359,0.2254001,191
2026-08-16,Sunday,linea 3,copilco,20416.156325135853,7807.146437513316,33136.01862868731,0.0036813763,0.12972496,0.22538409,174
2026-08-12,Wednesday,linea 3,zapata,18001.707678480096,12406.997864886174,23813.255561363796,0.0034162723,0.12038319,0.22521506,181
2026-08-09,Sunday,linea 7,el rosario,12538.546292564553,6453.68770059886,18941.047020613783,0.0036781523,0.12961136,0.22518669,170
2026-08-17,Monday,linea 9,velódromo,11172.2487270928,0.0,24132.22930574946,0.003493315,0.12309804,0.22486024,189
2026-08-15,Saturday,linea 12,insurgentes sur,25102.207567108337,18942.408058483685,30756.99344643717,0.0030952208,0.10906992,0.22485602,183
2026-08-01,Saturday,linea 12,tlaltenco,4510.844159707851,3686.15906598987,5259.4769103733515,0.0030932557,0.109000675,0.22471327,181
2026-08-19,Wednesday,linea 2,normal,27980.97840014562,18508.14699644784,37261.53011848103,0.003396585,0.11968944,0.22391719,187
2026-08-13,Thursday,linea 2,normal,24686.897110625185,16151.626958611942,33500.15031253919,0.0029340407,0.10339023,0.22353153,187
2026-08-04,Tuesday,linea 4,fray servando,7024.773751778011,4449.8112983409765,9435.756928776893,0.0036492795,0.12859394,0.22344029,175
2026-08-29,Saturday,linea 12,tlaltenco,4825.769783906027,3997.2931759405647,5635.708635974151,0.0030599441,0.10782684,0.2222933,188
2026-08-17,Monday,linea 12,culhuacán,16524.85356806433,14118.299493325363,18659.91843253828,0.0034498577,0.121566676,0.22206293,190
2026-08-12,Wednesday,linea 5,pantitlán,46205.42864045817,35790.56058590591,56534.0802113111,0.003359898,0.11839666,0.22149864,182
2026-08-15,Saturday,linea 12,zapotitlán,10498.149145357316,8010.228784941758,12961.405486247544,0.0030441585,0.107270576,0.22114654,184
2026-08-01,Saturday,linea 1,juanacatlán,3825.156868339159,2059.6025690973693,5703.28990327398,0.0030440646,0.10726727,0.22113971,182
2026-08-07,Friday,linea 5,politécnico,21224.171894969255,12342.283831379455,29841.95951232221,0.0027286871,0.096153945,0.22027496,180
2026-08-04,Tuesday,linea 12,culhuacán,16401.374131797253,13957.125165223502,18609.680780320323,0.0035827002,0.12624781,0.21936373,176
2026-08-21,Friday,linea 12,zapotitlán,13865.803946999891,11403.025990190732,16210.870266690821,0.0027149222,0.09566889,0.21916376,185
2026-08-23,Sunday,linea 12,lomas estrella,6337.937254638873,5108.687879900237,7573.366487501721,0.0035787874,0.12610993,0.2191033,174
2026-08-12,Wednesday,linea 6,ferrería/arena ciudad de méxico,19473.630100306786,12947.149380689147,25644.36507623802,0.0033227073,0.11708613,0.21904686,183
2026-08-29,Saturday,linea 12,zapotitlán,11248.533154813858,8778.162847011312,13719.068112214358,0.0030142672,0.106217265,0.21897505,189
2026-08-25,Tuesday,linea 12,tláhuac,63414.60483989651,51725.06882572885,73763.61385649431,0.0035748987,0.1259729,0.21888606,190
2026-08-23,Sunday,linea 12,insurgentes sur,17672.167382477,12253.073229175676,23085.13169308943,0.003571359,0.12584816,0.21864851,175
2026-08-03,Monday,linea 3,zapata,15052.826301227436,9684.510586367885,20945.721302136975,0.0033886011,0.11940811,0.21811993,188
2026-08-01,Saturday,linea 12,zapotitlán,10320.3390584409,8016.081543916416,12888.00524449251,0.0029994082,0.10569366,0.2178956,183
2026-08-20,Thursday,linea 12,periférico oriente,36091.841971198526,27456.453058009654,43951.8266959224,0.0028546778,0.10059363,0.21748523,185
2026-08-04,Tuesday,linea 6,la villa/basílica,10328.24719313689,6830.741415262721,13760.147966301005,0.0035457213,0.12494473,0.21709958,177
2026-08-04,Tuesday,linea 1,juanacatlán,7112.159603767369,5313.6289875400025,8833.923667593772,0.0035190096,0.12400346,0.21546406,178
2026-08-13,Thursday,linea 6,la villa/basílica,10573.890060300015,7207.044030820146,14168.10543389219,0.0028208953,0.09940319,0.21491149,188
2026-08-10,Monday,linea 6,la villa/basílica,10540.267312099026,6901.06136856206,14173.229549813019,0.003335683,0.11754336,0.21471365,192
2026-08-01,Saturday,linea 12,insurgentes sur,23649.822733783614,18218.605008114955,29371.604882654658,0.0029389577,0.103563495,0.2135041,184
2026-08-06,Thursday,linea 5,politécnico,21312.609544523442,12669.922558989865,29583.530487987857,0.0027973412,0.098573186,0.213117,180
2026-08-23,Sunday,linea 12,mexicaltzingo,5318.858693062542,2508.160399672415,8571.475896050393,0.0034766293,0.12251006,0.2128489,176
2026-08-23,Sunday,linea 2,cuatro caminos,64652.19913587083,49777.109577430456,78071.18739707596,0.003474195,0.12242428,0.21269986,177
2026-08-22,Saturday,linea 3,zapata,12270.497778071582,6935.25803618634,17701.349430361297,0.0029239724,0.10303544,0.21241549,183
2026-08-08,Saturday,linea 12,ermita,6138.42862260499,4232.593109969802,7954.969307690973,0.0029016605,0.10224921,0.2107946,178
2026-08-09,Sunday,linea 12,tlaltenco,3435.5119105441463,2654.9403678504323,4214.283521572156,0.0034419796,0.12128907,0.21072754,171
2026-08-20,Thursday,linea 3,zapata,18573.0277914116,13055.564719902979,24041.398999807858,0.0027618823,0.09732368,0.21041554,186
2026-08-12,Wednesday,linea 12,atlalilco,11216.37450582278,7008.495023903008,15898.519506044791,0.0031899833,0.11240918,0.21029714,184
2026-08-02,Sunday,linea 12,zapotitlán,7897.364175140772,5390.447376687545,10251.6598879699,0.0034323381,0.12094932,0.21013726,178
2026-08-15,Saturday,linea 12,periférico oriente,29185.45152167121,20770.35394199497,37237.47701557305,0.0028879205,0.10176504,0.20979644,185
2026-08-11,Tuesday,linea 7,auditorio,27513.08710000998,20233.037725524744,35281.554837417,0.0034080304,0.12009276,0.20866895,188
2026-08-22,Saturday,linea 12,tlaltenco,4689.0427728979275,3876.7620700268803,5487.377232359648,0.0028706437,0.101156235,0.20854135,184
2026-08-28,Friday,linea 12,nopalera,26254.896308856132,22234.87031866307,30260.84538810564,0.0025756864,0.09076248,0.20792387,191
2026-08-27,Thursday,linea 12,nopalera,25876.111317743846,22053.857110636327,29778.51486577627,0.0027265265,0.09607781,0.20772195,190
2026-08-16,Sunday,linea 12,lomas estrella,6226.177942417339,5015.259561121459,7526.846654453573,0.00337842,0.11904934,0.20683624,175
2026-08-14,Friday,linea 12,nopalera,25247.31931402194,21097.936598768705,29079.836636473057,0.0025564071,0.090083115,0.20636754,187
2026-08-16,Sunday,linea 12,tláhuac,27766.0848254035,16836.464899124767,37826.57953471757,0.0033642487,0.11854997,0.20596865,176
2026-08-25,Tuesday,linea 12,nopalera,25411.340463971323,21310.12830724057,29176.94101181116,0.0033582328,0.11833798,0.20561992,191
2026-08-14,Friday,linea 5,politécnico,23635.967701169233,14753.58735077061,32405.576311871046,0.0025470813,0.089754485,0.2056147,188
2026-08-15,Saturday,linea 12,culhuacán,13298.825363351856,10745.910939052756,15650.21441323273,0.002828375,0.09966676,0.20547068,186
2026-08-15,Saturday,linea 12,atlalilco,6692.567825266387,2426.454079489049,10957.451646583719,0.0028208243,0.09940069,0.20492215,187
2026-08-16,Sunday,linea 12,hospital 20 de noviembre,4056.960789209923,2341.4187296560212,5764.271226887003,0.0033441382,0.11784131,0.20473742,177
2026-08-21,Friday,linea 3,zapata,18763.4690437978,13000.02808766781,23728.4565599859,0.0025355213,0.08934713,0.20468152,186
2026-08-09,Sunday,linea 12,lomas estrella,6183.0630298655215,4915.161199470259,7499.36465923486,0.0033419584,0.1177645,0.20460397,172
2026-08-28,Friday,linea 12,tláhuac,64000.39020417971,53150.243374845566,73644.54353731434,0.0025302868,0.08916268,0.20425896,192
2026-08-16,Sunday,linea 12,tlaltenco,3506.6536091553094,2721.073893139558,4297.813743959857,0.0033279858,0.11727213,0.20374852,178
2026-08-23,Sunday,linea 12,hospital 20 de noviembre,4288.703567617209,2551.266222922559,6018.486266434613,0.0033074892,0.11654987,0.20249367,178
2026-08-09,Sunday,linea 3,copilco,15338.55513754964,1740.0518297333422,29111.354976822815,0.0033045479,0.11644623,0.20231359,173
2026-08-12,Wednesday,linea 12,nopalera,24712.493323218157,20791.31845541712,28161.43593201115,0.0030619684,0.10789817,0.20185786,185
2026-08-02,Sunday,linea 6,la villa/basílica,12866.361254396166,9351.35557880895,16372.098498180529,0.0032944602,0.11609075,0.20169601,179
2026-08-11,Tuesday,linea 5,politécnico,23179.496887382324,14489.626347945918,32565.83350781444,0.0032893894,0.115912065,0.20140474,189
2026-08-30,Sunday,linea 3,universidad,32190.498437142942,15928.215280030912,47917.526861616316,0.0032891426,0.11590337,0.20137045,183
2026-08-07,Friday,linea 5,oceanía,7699.3003913694965,5745.867356914549,9855.97482720543,0.0024939897,0.08788364,0.20132884,181
2026-08-20,Thursday,linea 7,auditorio,28529.50144791249,21082.176028300957,36278.36629088422,0.0026320145,0.092747375,0.2005215,187
2026-08-26,Wednesday,linea 6,la villa/basílica,9746.833971352173,6171.713528661822,13317.880263928551,0.0030401482,0.10712926,0.20041938,191
2026-08-22,Saturday,linea 12,culhuacán,13615.151270050124,11158.758550281835,15924.271042412092,0.002753335,0.09702249,0.20001933,185
2026-08-27,Thursday,linea 6,la villa/basílica,9754.074316729964,6191.383994922582,13243.6237067228,0.0026075346,0.091884755,0.19865648,191
2026-08-09,Sunday,linea 1,tacubaya,13550.580860000015,7620.179396039365,19120.97046245767,0.0032420058,0.11424236,0.1984846,174
2026-08-07,Friday,linea b,villa de aragón,10631.787672801931,6328.923998134539,14880.679516747026,0.0024543563,0.086487025,0.19812942,182
2026-08-14,Friday,linea 12,periférico oriente,35714.51183218365,26768.692895420165,43819.63099240427,0.002450376,0.08634677,0.19780812,189
2026-08-12,Wednesday,linea 12,olivos,16453.947861277935,13750.84809716812,19180.0031013824,0.002989595,0.105347864,0.1970867,186
2026-08-16,Sunday,linea 12,periférico oriente,21088.43820019941,12498.544548197155,29298.136923523434,0.0032109807,0.113149084,0.19658515,179
2026-08-12,Wednesday,linea 9,velódromo,11030.680823013807,0.0,24730.317910025646,0.0029811235,0.10504934,0.19652823,187
2026-08-12,Wednesday,linea 6,la villa/basílica,10508.44787651819,6909.794444260195,14174.656593258993,0.002977986,0.104938775,0.19632138,188
2026-08-02,Sunday,linea 12,tlaltenco,3434.837467293137,2659.261609689654,4251.59073821079,0.0031827062,0.11215275,0.19485411,180
2026-08-26,Wednesday,linea 12,tláhuac,63837.33793177204,53101.90785375941,74526.4251638642,0.0029536278,0.104080446,0.19471559,192
2026-08-02,Sunday,linea 12,insurgentes sur,15954.696297308285,10431.183839331012,21508.619296520093,0.0031754,0.111895286,0.1944068,181
2026-08-08,Saturday,linea 12,tláhuac,40292.99378669271,29562.20945595467,52151.609518134195,0.0026743526,0.094239295,0.19428155,179
2026-08-15,Saturday,linea 6,la villa/basílica,11098.272465876815,7330.294731655953,14546.198239460256,0.0026739151,0.09422388,0.19424976,188
2026-08-22,Saturday,linea 3,universidad,49025.78796991835,32264.677537913467,66948.82239290027,0.0026658992,0.09394141,0.19366744,186
2026-08-06,Thursday,linea 6,la villa/basílica,10569.825830274176,6857.183576266024,14275.628377578696,0.0025391767,0.089475945,0.1934486,181
2026-08-01,Saturday,linea 12,culhuacán,12839.493797663705,10313.530952676198,15084.929898645738,0.0026586778,0.093686946,0.19314283,185
2026-08-02,Sunday,linea 12,eje central,5576.983775293464,3684.477815364458,7648.142540281069,0.0031530363,0.11110724,0.19303764,182
2026-08-11,Tuesday,linea 12,periférico oriente,34054.20528362816,26227.13913259915,42225.71374262738,0.0031483728,0.1109429,0.19277048,190
2026-08-19,Wednesday,linea 7,auditorio,28809.564250974814,20956.34430992509,36431.054439991945,0.0029218672,0.10296126,0.1926218,188
2026-08-09,Sunday,linea 12,tláhuac,25904.870504271352,15611.129277365817,37085.837824505375,0.0031435054,0.11077138,0.19245413,175
2026-08-07,Friday,linea 2,colegio militar,10630.628738360381,6000.237918616475,15371.504710556977,0.0023745154,0.08367358,0.19168422,183
2026-08-20,Thursday,linea 6,el rosario,14802.771481454016,10627.67500473246,18579.011480973855,0.0025129775,0.08855273,0.1914526,188
2026-08-13,Thursday,linea 5,politécnico,23572.8645123249,14554.21762623815,32073.055049032853,0.0025072263,0.08835007,0.19101444,189
2026-08-16,Sunday,linea 12,zapotitlán,8109.736465031416,5752.044598776954,10534.962182548092,0.0031151997,0.10977394,0.19072117,180
2026-08-07,Friday,linea 6,la villa/basílica,10968.771476886257,7490.40350121443,14576.460318733063,0.002359214,0.08313439,0.190449,184
2026-08-01,Saturday,linea 9,velódromo,7825.087636880258,0.0,20975.811683453172,0.0026207839,0.09235163,0.19038998,186
2026-08-01,Saturday,linea 12,mixcoac,9997.685043287682,7020.034017131682,12927.190231598495,0.0026205622,0.09234382,0.19037388,187
2026-08-06,Thursday,linea b,villa de aragón,10848.765033737041,6387.363853368255,14882.515389593395,0.002496811,0.08798306,0.19022095,182
2026-08-30,Sunday,linea 12,ermita,4511.226650528479,2569.843874243654,6391.609491548423,0.0031033547,0.109356545,0.18999599,184
2026-08-05,Wednesday,linea 5,oceanía,7847.323372755339,6006.9536040631365,9832.741092642083,0.0028749588,0.10130829,0.1895294,180
2026-08-09,Sunday,linea 12,hospital 20 de noviembre,3625.726565642475,1891.1107060781615,5275.621640180633,0.003080955,0.10856722,0.18862462,176
2026-08-13,Thursday,linea 12,nopalera,24863.581450175214,21136.64157456616,28356.919798006857,0.0024660456,0.08689894,0.18787706,190
2026-08-28,Friday,linea 5,consulado,4525.6034002713495,3065.4096073964847,6047.0650144107985,0.0023259646,0.08196274,0.18776493,193
2026-08-04,Tuesday,linea 5,politécnico,21260.639237919124,12503.261664530162,29283.02869088979,0.0030650003,0.108005,0.1876657,179
2026-08-15,Saturday,linea 12,mixcoac,11039.171046150748,8196.053136870776,13864.400974390594,0.0025831822,0.09102662,0.18765837,189
2026-08-01,Saturday,linea 3,zapata,10069.92158122915,4776.3286794012565,15741.758324364268,0.0025806772,0.090938345,0.18747638,188
2026-08-26,Wednesday,linea 5,consulado,4430.331295973219,2893.435154641726,5890.609365241351,0.0028327343,0.099820375,0.18674578,193
2026-08-08,Saturday,linea 12,zapotitlán,10350.152393684491,7649.3915550916245,12753.954644614774,0.0025667702,0.09044829,0.1864661,180
2026-08-05,Wednesday,linea b,villa de aragón,11020.60236188638,6763.56411247079,15270.048719821198,0.002824315,0.0995237,0.18619075,181
2026-08-05,Wednesday,linea 5,politécnico,21481.983709256463,12903.651002790091,30551.32948713733,0.0028238466,0.09950719,0.18615986,182
2026-08-04,Tuesday,linea b,nezahualcóyotl,18705.44948217598,13544.739730197098,23554.063863140174,0.0030353942,0.10696174,0.18585296,180
2026-08-05,Wednesday,linea 12,olivos,15945.295873204595,13411.229414619314,18715.754880044533,0.0028091914,0.09899077,0.18519373,183
2026-08-29,Saturday,linea 12,tláhuac,45227.279361828696,33806.33034630383,56205.60917960586,0.002546001,0.08971642,0.1849573,190
2026-08-27,Thursday,linea 12,tláhuac,63572.413575377854,52923.561156023236,74666.52930432648,0.0024261707,0.08549382,0.18483917,192
2026-08-23,Sunday,linea 7,constituyentes,9056.290660809238,4134.062491323505,13884.579821431562,0.00301675,0.10630476,0.18469381,179
2026-08-30,Sunday,linea 12,tlaltenco,3769.958224928804,3006.7135698061234,4525.56208508811,0.0030140479,0.10620953,0.18452838,185
2026-08-02,Sunday,linea 12,ermita,3780.890005616995,2045.4825502354706,5580.930536898883,0.0030139664,0.10620666,0.18452339,183
2026-08-22,Saturday,linea 12,san andrés tomatlán,7860.030121752735,5888.546759256387,9900.766550323653,0.0025347979,0.08932164,0.18414342,187
2026-08-30,Sunday,linea 6,la villa/basílica,11957.896577775286,8523.374090964107,15695.870946476178,0.0030065447,0.10594513,0.18406901,186
2026-08-30,Sunday,linea 12,eje central,6482.744072238391,4588.1511374622005,8494.40179246581,0.0029977146,0.10563398,0.18352841,187
2026-08-17,Monday,linea 6,la villa/basílica,10363.84990152486,6661.022837470051,14070.261646914141,0.0028475705,0.100343175,0.18329448,191
2026-08-14,Friday,linea 7,auditorio,28515.836617472487,20547.774511471864,36191.59595281553,0.0022703542,0.08000313,0.18327574,190
2026-08-21,Friday,linea 12,periférico oriente,36955.38785366385,28968.808931255513,45598.27857243675,0.0022651572,0.07982,0.1828562,187
2026-08-22,Saturday,linea 12,mixcoac,11443.765425129666,8777.367328524411,14238.870421884922,0.002515502,0.08864169,0.18274166,188
2026-08-02,Sunday,linea 12,mixcoac,6351.470443538246,3534.926967995541,9214.472785683625,0.0029847198,0.10517607,0.18273284,184
2026-08-06,Thursday,linea 2,colegio militar,11153.859620508625,6402.341626470684,15871.609721946566,0.0023956504,0.08441834,0.18251397,183
2026-08-13,Thursday,linea 12,periférico oriente,34788.2838644953,26614.081855568984,43458.90345177335,0.0023862,0.08408532,0.18179399,191
2026-08-18,Tuesday,linea 2,normal,27180.182426982028,17567.03505657356,36020.79553218513,0.002939539,0.10358398,0.17998388,186
2026-08-15,Saturday,linea 9,velódromo,10245.70582672058,0.0,23172.53409983488,0.0024761527,0.08725509,0.17988308,190
2026-08-27,Thursday,linea 5,consulado,4442.2248598911765,3060.4303178345285,6025.697253703488,0.0023558573,0.083016105,0.17948231,193
2026-08-26,Wednesday,linea 12,tezonco,23858.88106635142,19930.46461687658,27516.249808766905,0.0027124987,0.09558349,0.17881934,194
2026-08-20,Thursday,linea 12,tláhuac,62092.57209552184,51953.12171493379,73247.38681845632,0.0023395948,0.08244304,0.17824334,189
2026-08-29,Saturday,linea 6,la villa/basílica,10185.951213763907,6708.302960758154,14045.108894069906,0.0024489055,0.08629495,0.17790367,191
2026-08-19,Wednesday,linea 3,balderas,9030.560356953642,1539.9268226148495,17061.1176070539,0.0026985635,0.095092446,0.17790067,189
2026-08-14,Friday,linea 9,velódromo,12402.404197378606,0.0,27219.72131197069,0.0021946211,0.077334434,0.17716214,191
2026-08-08,Saturday,linea 1,tacubaya,20154.950261934315,14344.878519254857,25397.48327940978,0.0024352355,0.08581325,0.17691061,181
2026-08-24,Monday,linea 3,zapata,17031.528727319317,11114.467276944984,23164.202445387105,0.0027366101,0.09643313,0.1761521,188
2026-08-18,Tuesday,linea 12,tláhuac,61772.286373425464,51772.32357585002,73131.03060066306,0.0028763232,0.10135637,0.17611326,187
2026-08-21,Friday,linea 7,auditorio,28718.67244254181,21334.56941227712,36638.41761488217,0.00218038,0.07683261,0.17601252,188
2026-08-05,Wednesday,linea 2,colegio militar,11226.39098368593,6912.30927840256,15946.662647895795,0.0026682687,0.09402491,0.17590351,184
2026-08-08,Saturday,linea 12,culhuacán,13038.193058003715,10746.978283729073,15317.370787385451,0.0024204913,0.08529369,0.17583948,182
2026-08-15,Saturday,linea 12,nopalera,20329.4640759185,16636.57114329949,24189.533181196333,0.0024132426,0.08503825,0.17531289,191
2026-08-08,Saturday,linea 4,fray servando,7643.937098666684,4925.440108281004,10042.689990082825,0.0024125816,0.08501496,0.17526488,183
2026-08-12,Wednesday,linea 12,tezonco,23037.706250937463,19446.114748907985,26781.12054713833,0.0026426984,0.09312386,0.1742178,189
2026-08-23,Sunday,linea 12,culhuacán,10278.721153162938,8040.964051862898,12593.093073224538,0.0028389127,0.10003809,0.17380612,180
2026-08-11,Tuesday,linea 2,normal,24218.647335514015,15184.339694137216,32790.05904986015,0.0028361306,0.099940054,0.17365232,191
2026-08-15,Saturday,linea 12,san andrés tomatlán,7166.683388262202,4933.925650475388,9330.747651093036,0.0023892748,0.08419368,0.17357172,192
2026-08-02,Sunday,linea 12,culhuacán,9478.164425739464,7386.926250342949,11756.024659071434,0.0028284865,0.09967069,0.1731678,185
2026-08-04,Tuesday,linea b,villa de aragón,10793.690643386162,6203.063121536204,15020.158449034048,0.002824315,0.0995237,0.17292888,181
2026-08-25,Tuesday,linea 6,la villa/basílica,9720.764480995535,6010.883825877288,13313.214656276881,0.0028145032,0.09917794,0.1723281,192
2026-08-08,Saturday,linea 6,la villa/basílica,11183.708188851613,7756.753268064493,14710.744995392897,0.0023702066,0.083521746,0.1721865,184
2026-08-07,Friday,linea 2,normal,23095.816542371576,14087.91366425825,32217.328399461978,0.0021308074,0.07508575,0.17201073,185
2026-08-05,Wednesday,linea 9,velódromo,9677.51387706947,0.0,22690.594101505296,0.0026016617,0.0916778,0.1715125,185
2026-08-07,Friday,linea 12,olivos,16516.277314226005,13932.609414879455,18991.371848598763,0.0021228378,0.074804924,0.17136739,186
2026-08-02,Sunday,linea 9,velódromo,2888.526151590597,0.0,16808.522287601587,0.0027915055,0.09836755,0.17090371,186
2026-08-09,Sunday,linea 12,zapotitlán,7937.500796146284,5443.5270436928095,10382.320724700288,0.0027883267,0.09825554,0.1707091,177
2026-08-18,Tuesday,linea b,villa de aragón,13089.998186224564,8688.575059315091,17375.768826855186,0.0027833607,0.09808054,0.17042129,188
2026-08-29,Saturday,linea 12,nopalera,21331.114532234747,17916.523524169002,25032.36567895431,0.002336774,0.082343645,0.16975775,192
2026-08-18,Tuesday,linea 7,auditorio,27984.06460750643,20446.807592662146,35723.618839832336,0.0027721396,0.09768513,0.16973424,189
2026-08-24,Monday,linea 12,tlaltenco,5233.292612527485,4467.0391889830635,6063.179330558217,0.0026345442,0.09283652,0.16958225,189
2026-08-23,Sunday,linea 12,periférico oriente,22178.491056841754,14159.958001475066,30752.511081321114,0.0027677536,0.09753057,0.16944955,181
2026-08-16,Sunday,linea 12,insurgentes sur,17428.56259650457,11575.51700926495,22974.59684687899,0.0027677235,0.097529516,0.16944772,181
2026-08-30,Sunday,linea 9,velódromo,5524.235583725681,0.0,19631.6339190682,0.0027596622,0.09724545,0.16895418,188
2026-08-21,Friday,linea 3,balderas,8989.430836842865,1470.682355642174,16761.80289274818,0.0020837293,0.073426805,0.16821033,189
2026-08-30,Sunday,linea 12,san andrés tomatlán,6520.082834290401,4227.639845962907,8580.546950552094,0.0027444006,0.09670766,0.16801983,189
2026-08-02,Sunday,linea 12,san andrés tomatlán,4424.262021101556,2294.233403385322,6461.137531436917,0.0027410854,0.09659084,0.16781686,187
2026-08-08,Saturday,linea 12,mixcoac,10461.12227802839,7721.8408016858875,13438.727035037762,0.0023072788,0.08130428,0.16761503,185
2026-08-29,Saturday,linea 5,consulado,3907.5188017181285,2282.8613657930873,5406.615476684164,0.002306638,0.08128171,0.16756849,193
2026-08-12,Wednesday,linea 5,politécnico,23577.388861925632,15430.57024659774,32463.59949759322,0.002531683,0.08921188,0.16689922,190
2026-08-06,Thursday,linea 12,olivos,16114.470846969049,13278.410019952822,18703.67660277966,0.0021791116,0.076787904,0.16601683,184
2026-08-25,Tuesday,linea 12,tezonco,23750.822535369545,19943.396958296133,27529.715733898607,0.0027081023,0.09542857,0.16581333,193
2026-08-27,Thursday,linea 12,tezonco,24018.521639312232,20132.983601467386,27755.770321228258,0.002167957,0.07639483,0.165167,194
2026-08-30,Sunday,linea 12,zapotitlán,8881.931437055244,6539.00501750371,11189.837539431968,0.0026968047,0.095030464,0.16510586,190
2026-08-11,Tuesday,linea 6,el rosario,14047.99131098165,10269.8023601135,17815.86099015852,0.002695534,0.094985686,0.16504379,192
2026-08-09,Sunday,linea 5,pantitlán,19145.221009236717,8995.457160468952,29224.21720327986,0.00269557,0.09498696,0.16503029,178
2026-08-28,Friday,linea 12,tezonco,24300.75117416347,20569.787305166697,28106.87744566618,0.0020306604,0.07155676,0.1639263,194
2026-08-05,Wednesday,linea 2,normal,23199.745215799416,13858.875420987053,32019.72087694635,0.0024701874,0.08704489,0.16284516,186
2026-08-03,Monday,linea 12,olivos,15560.863569328088,12991.428561141647,18228.00178024552,0.0024956344,0.087941594,0.1606408,189
2026-08-13,Thursday,linea 12,tezonco,23233.495451676255,19277.699722265847,27091.005453819314,0.0021083471,0.0742943,0.1606256,192
2026-08-19,Wednesday,linea 12,tláhuac,62272.931703838825,51750.97107872872,72964.31900880601,0.0024261454,0.085492924,0.15994173,190
2026-08-06,Thursday,linea 2,normal,22724.900758443266,13488.428356504264,31891.94880205261,0.002086694,0.07353128,0.15897594,185
2026-08-30,Sunday,linea 5,consulado,2923.262622680251,1382.596459226854,4299.449461477833,0.002592498,0.091354884,0.15871993,191
2026-08-19,Wednesday,linea 6,la villa/basílica,10243.241468860735,6796.623640436028,13942.269214840222,0.002406415,0.084797665,0.15864103,191
2026-08-02,Sunday,linea 12,atlalilco,1461.2300490351008,0.0,5845.594567445367,0.0025911457,0.09130724,0.15863714,188
2026-08-04,Tuesday,linea 12,olivos,15989.208571244106,13216.216629141627,18639.327591498244,0.0025870022,0.09116123,0.15839854,182
2026-08-16,Sunday,linea 12,culhuacán,9955.609813353563,7558.158851880985,12362.04062052237,0.0025789961,0.090879105,0.1578933,182
2026-08-23,Sunday,linea 12,san andrés tomatlán,5825.03823045723,3730.3126060658456,8088.192521206007,0.0025735474,0.0906871,0.15755972,182
2026-08-01,Saturday,linea 12,san andrés tomatlán,6563.1241206753675,4396.763112883641,8740.376862517096,0.0021558078,0.07596672,0.15661123,189
2026-08-21,Friday,linea 12,tláhuac,62610.72305771599,51593.08326074622,73126.89837793799,0.0019381074,0.06829536,0.15645492,190
2026-08-10,Monday,linea 12,periférico oriente,32970.7122870232,24750.310964340344,41061.6448764337,0.0024258764,0.08548345,0.15615056,193
2026-08-03,Monday,linea 12,nopalera,23337.55919760326,19693.579319319495,27007.662218461654,0.002422877,0.08537775,0.15595749,190
2026-08-08,Saturday,linea 12,insurgentes sur,24310.005329242365,18561.34786938617,30442.116832498512,0.0021462198,0.07562886,0.15591471,186
2026-08-09,Sunday,linea 12,san andrés tomatlán,4612.09111805952,2458.292919622235,6707.941535991196,0.0025281792,0.08908841,0.15478215,179
2026-08-09,Sunday,linea 12,insurgentes sur,16670.772652290972,10990.629446114945,22637.690241246124,0.0025231242,0.08891028,0.15447266,180
2026-08-02,Sunday,linea 7,constituyentes,8139.930918280895,3746.3605492509955,12570.757088680746,0.0025210057,0.08883563,0.15434296,189
2026-08-16,Sunday,linea 3,zapata,5621.830525001491,0.0,11066.275251001834,0.0025187226,0.088755175,0.15420319,183
2026-08-07,Friday,linea 3,zapata,17347.704218260576,12135.647046433643,23325.932642480926,0.0019071738,0.06720532,0.15395778,187
2026-08-12,Wednesday,linea 12,periférico oriente,34431.899194295496,26407.12805566101,42930.262078394255,0.0023338255,0.08223974,0.1538556,191
2026-08-23,Sunday,linea 12,tlaltenco,3637.3819252043677,2884.9427406375244,4452.245523412615,0.0025074184,0.08835684,0.15351112,183
2026-08-05,Wednesday,linea 12,nopalera,24192.493403649725,20124.352420535164,27881.210378685766,0.0023270117,0.08199964,0.15340641,187
2026-08-04,Tuesday,linea 7,auditorio,26902.39801687941,19720.130957492755,34588.079462561225,0.0024905258,0.08776157,0.15249142,183
2026-08-30,Sunday,linea 12,tláhuac,30736.12007293528,19386.661908864226,40566.35192354047,0.002472248,0.08711749,0.15135787,192
2026-08-09,Sunday,linea 7,constituyentes,8687.71872096778,3965.1535680146408,13619.624521205458,0.0024615454,0.08674036,0.15070264,181
2026-08-13,Thursday,linea 12,olivos,16634.36444116918,14025.703332232377,19314.769983143302,0.001977297,0.06967633,0.15064147,193
2026-08-04,Tuesday,linea 2,colegio militar,11221.83303718087,6391.482613448672,16178.589331581452,0.0024582527,0.08662433,0.15051539,184
2026-08-04,Tuesday,linea 5,eduardo molina,5992.9465984694625,4717.774233458368,7347.714789203489,0.0024512762,0.08637849,0.15008822,185
2026-08-09,Sunday,linea 12,culhuacán,9686.77831822482,7550.0587300050265,12099.149369642731,0.0024463804,0.086205974,0.14977421,182
2026-08-11,Tuesday,linea 3,balderas,9347.208873866119,1022.4731493765449,17508.67009211986,0.0024453856,0.08617091,0.14972755,193
2026-08-14,Friday,linea 3,balderas,8940.514010549561,829.5251102808669,17299.94419980608,0.001849159,0.06516098,0.1492745,192
2026-08-20,Thursday,linea 6,la villa/basílica,10266.415780136122,6732.880427162285,13794.149019787545,0.0019576494,0.06898399,0.1491446,190
2026-08-09,Sunday,linea 12,eje central,5834.6078490273285,4047.565221528137,7830.1709904916415,0.0024332092,0.08574184,0.14896782,183
2026-08-21,Friday,linea 6,la villa/basílica,10580.890595806866,7010.2092151432025,14017.899088820708,0.0018431909,0.064950675,0.14879271,191
2026-08-05,Wednesday,linea 3,balderas,9237.287752932949,1643.3182703366153,17117.836147492922,0.0022352184,0.07876501,0.14735502,188
2026-08-16,Sunday,linea 12,eje central,6115.160841662777,4203.770893166618,8078.65786334346,0.002379751,0.08385807,0.14569497,184
2026-08-16,Sunday,linea 7,constituyentes,9107.50793630211,4580.649229843085,13438.661218957039,0.0023681296,0.08344855,0.14498347,185
2026-08-16,Sunday,linea 12,ermita,4408.771270767231,2542.5747521306894,6187.953793298864,0.0023680201,0.0834447,0.14497676,186
2026-08-08,Saturday,linea 12,san andrés tomatlán,6707.174433130928,4532.881760956267,8699.588430565238,0.001985902,0.069979556,0.14426823,187
2026-08-18,Tuesday,linea 6,la villa/basílica,10196.03539844923,6675.508518036119,13796.509525360401,0.0023442083,0.082605615,0.1435326,190
2026-08-03,Monday,linea 12,atlalilco,9983.211983784748,5907.919401003488,14672.837048827718,0.002221339,0.07827592,0.14298475,191
2026-08-04,Tuesday,linea 12,nopalera,23876.190849665723,20375.8567787016,27683.089990277902,0.0023270117,0.08199964,0.14247969,186
2026-08-23,Sunday,linea 12,mixcoac,7785.628996799629,4888.593400750237,10416.413337018634,0.0023227802,0.08185053,0.14220706,184
2026-08-06,Thursday,linea 12,nopalera,24340.41895486896,20680.02236044209,28508.313360551125,0.0018614463,0.065593965,0.14181533,186
2026-08-04,Tuesday,linea 2,normal,22792.014007843565,12969.232516911085,32144.47166560284,0.0023091314,0.08136957,0.1413849,187
2026-08-07,Friday,linea 12,nopalera,24723.09113306469,20736.529893341445,28388.77681424681,0.0017483225,0.06160769,0.14113441,188
2026-08-01,Saturday,linea 12,olivos,11930.902041417468,9229.970765039092,14507.71805710634,0.0019388,0.06831977,0.14084645,190
2026-08-25,Tuesday,linea 5,consulado,4515.934572831927,3080.5961365143303,6026.838211582684,0.002299013,0.08101302,0.14076537,194
2026-08-17,Monday,linea 12,nopalera,24362.623155057736,20367.64151123889,28191.49491404681,0.0021840774,0.076962896,0.14058627,192
2026-08-01,Saturday,linea 12,nopalera,19328.39332598026,15578.223528085215,23209.675553214325,0.0019200944,0.067660615,0.13948755,191
2026-08-23,Sunday,linea 12,ermita,4518.166270112928,2553.1784358912623,6439.19981332532,0.0022719004,0.08005761,0.13909206,185
2026-08-13,Thursday,linea 3,balderas,8930.040126661683,991.7774604599186,17363.86188961307,0.001825215,0.064317234,0.13905503,194
2026-08-18,Tuesday,linea 3,balderas,9312.413430535948,1019.5671951013273,17965.877202164997,0.0022707193,0.080015995,0.13903297,191
2026-08-24,Monday,linea 6,la villa/basílica,9914.514269958698,6292.8127033125875,13301.371246471197,0.002157538,0.07602769,0.13887796,190
2026-08-14,Friday,linea 12,olivos,17044.224159772297,14301.033294453282,19597.450716326344,0.0017163606,0.060481407,0.13855426,193
2026-08-06,Thursday,linea 3,zapata,17043.6021185756,11022.232317868144,22381.213647080196,0.0018089346,0.06374355,0.1378147,187
2026-08-14,Friday,linea 12,tezonco,23551.18390344588,19448.08822030923,27492.07580743579,0.0017043257,0.06005732,0.13758273,194
2026-08-12,Wednesday,linea 7,auditorio,28417.19934006257,20672.435224402252,36055.66683178055,0.002082831,0.073395155,0.137309,192
2026-08-12,Wednesday,linea 2,normal,24900.20563841821,15873.110059382883,33879.76101255161,0.00208186,0.07336094,0.13724498,193
2026-08-05,Wednesday,linea 3,zapata,17016.839304883208,11172.032182525048,22464.956217737254,0.002081324,0.073342055,0.13720965,189
2026-08-22,Saturday,linea 12,zapotitlán,10824.041624873638,8557.342913142918,13145.533347874383,0.001885917,0.066456266,0.1370047,189
2026-08-04,Tuesday,linea 3,balderas,9563.416414012821,1343.6045371095738,17544.54405375942,0.0022352184,0.07876501,0.13685931,188
2026-08-16,Sunday,linea 3,universidad,33006.30138241222,16432.94001660519,48874.22814652746,0.0022352142,0.07876486,0.13684602,187
2026-08-03,Monday,linea 9,velódromo,8435.111392512812,0.0,22394.36762971662,0.002125668,0.07490466,0.13682655,192
2026-08-02,Sunday,linea 12,olivos,8139.002539833619,5438.6496487981685,10696.314440947639,0.0022317711,0.07864353,0.13663523,190
2026-08-19,Wednesday,linea 12,nopalera,25226.506707574947,21517.82897375875,29000.364324470247,0.0020691275,0.07291227,0.1364056,192
2026-08-09,Sunday,linea 6,la villa/basílica,13033.943677578201,9554.85179069325,16502.854971942157,0.0022259494,0.07843839,0.13627881,184
2026-08-05,Wednesday,linea 7,auditorio,27781.015327045116,20223.202485916605,35366.47229913109,0.0020667748,0.072829366,0.1362505,190
2026-08-05,Wednesday,linea 6,el rosario,13560.315402936087,10073.13411561968,17354.11089064809,0.0020631293,0.0727009,0.13601018,191
2026-08-25,Tuesday,linea 12,olivos,17414.98512993233,14538.93854406516,20247.369956162474,0.0022177082,0.07814798,0.13578717,195
2026-08-07,Friday,linea 7,auditorio,27872.744891339622,20164.51742000342,35242.617706019155,0.0016793837,0.05917841,0.13556927,189
2026-08-06,Thursday,linea 3,balderas,9113.187692548106,1989.575839742763,16999.96400732896,0.0017745239,0.06253098,0.1351931,188
2026-08-20,Thursday,linea 3,balderas,8954.343559011386,968.6741479552021,17055.59442368347,0.0017734041,0.062491518,0.13510779,191
2026-08-06,Thursday,linea 6,el rosario,13605.182684367832,9740.386174453075,17020.522556334225,0.0017720482,0.062443737,0.13500448,189
2026-08-06,Thursday,linea 7,auditorio,27579.918388787828,19725.020446765313,35449.8794048823,0.0017670745,0.062268473,0.13462555,190
2026-08-22,Saturday,linea 6,la villa/basílica,10713.305784245475,7138.0307143845575,14283.893048614222,0.0018495955,0.06517636,0.13436608,190
2026-08-09,Sunday,linea 12,ermita,4120.781702584433,2327.552228864937,5986.258025857478,0.002193162,0.07728302,0.13427147,185
2026-08-09,Sunday,linea 12,olivos,8596.070974544324,5995.995161489208,11459.642596541315,0.0021924358,0.077257425,0.13422701,186
2026-08-12,Wednesday,linea 3,balderas,9034.537685100797,1145.4393497366605,16929.306899354448,0.0020334348,0.07165452,0.13405259,194
2026-08-22,Saturday,linea 12,tláhuac,43932.42447542889,32568.60551820591,54754.49479890583,0.0018389577,0.06480151,0.13359328,191
2026-08-05,Wednesday,linea 12,tezonco,22492.589070984093,18961.290846297215,26359.882129879363,0.0020199297,0.07117863,0.13316227,192
2026-08-08,Saturday,linea 12,olivos,12365.392097467837,9899.662767344256,15015.00315223896,0.0018240337,0.064275615,0.13250911,188
2026-08-29,Saturday,linea 12,tezonco,18949.20473244626,15155.61438304061,22848.908604073247,0.0018203121,0.06414447,0.13223876,194
2026-08-17,Monday,linea 5,consulado,3986.2511890329606,2598.316823767821,5405.17419909571,0.002052159,0.07231433,0.13209486,193
2026-08-16,Sunday,linea 6,la villa/basílica,12902.988055639384,9317.557649829383,16657.62615937157,0.0021452205,0.07559365,0.13133636,188
2026-08-18,Tuesday,linea 12,nopalera,24907.249530043435,21082.22760848702,28513.927570219406,0.0021300237,0.07505814,0.13041838,192
2026-08-16,Sunday,linea 12,mixcoac,7418.438593827087,4589.600896122852,10268.339839160672,0.0021247156,0.07487109,0.13008098,189
2026-08-01,Saturday,linea 12,periférico oriente,26605.11359383942,18819.70299742888,34866.88317884904,0.0017760828,0.06258591,0.12902567,192
2026-08-04,Tuesday,linea 12,tezonco,22356.11369151636,18775.686792660028,26094.217471139887,0.002097459,0.073910624,0.1284245,189
2026-08-06,Thursday,linea 12,tezonco,22685.77080671301,18709.94935552018,26331.90067187446,0.0016777433,0.059120607,0.1278198,191
2026-08-04,Tuesday,linea 6,el rosario,13648.547139056982,9902.317556489548,17138.307993400038,0.0020868261,0.073535934,0.12777345,190
2026-08-07,Friday,linea 12,tezonco,23005.65116012277,19290.031045526004,26737.363528754922,0.0015757657,0.055527102,0.12720466,190
2026-08-09,Sunday,linea 12,mixcoac,6850.3973594590025,4076.3091298290988,9516.6989072501,0.002077302,0.07320032,0.12717819,187
2026-08-23,Sunday,linea 3,universidad,33679.42603896208,18101.09383114955,49110.322569219235,0.0020728766,0.07304438,0.12690726,186
2026-08-02,Sunday,linea 3,zapata,3821.415152510075,0.0,9134.184288310773,0.0020663932,0.07281592,0.12651032,191
2026-08-16,Sunday,linea 12,san andrés tomatlán,5113.874246911618,2975.948380992838,7299.829680006493,0.0020628152,0.07268984,0.12629128,190
2026-08-03,Monday,linea 12,tezonco,21875.843618797087,18172.226507300576,25555.908673188747,0.0019567646,0.06895281,0.12595443,193
2026-08-24,Monday,linea 12,nopalera,24867.717061298667,21051.829586561726,28774.17117346277,0.001956544,0.06894503,0.12594023,191
2026-08-01,Saturday,linea 12,tezonco,17213.398603834044,13043.891482595658,21092.434301912246,0.0017218785,0.060675852,0.12508793,193
2026-08-30,Sunday,linea 12,nopalera,15542.070435638787,11230.369638317743,19105.8700059155,0.0020423527,0.07196877,0.1250385,193
2026-08-01,Saturday,linea 12,atlalilco,5764.213573957582,1060.1973584350314,10282.666104158228,0.0017120471,0.06032941,0.12437372,194
2026-08-09,Sunday,linea 3,universidad,28267.59680199204,12007.426159963177,44187.58576426925,0.002016715,0.07106535,0.12346889,188
2026-08-24,Monday,linea 12,tláhuac,62760.56896810804,51931.75985869996,73776.91489078026,0.0019077583,0.06722591,0.12279997,192
2026-08-23,Sunday,linea 3,zapata,5921.244354488406,372.7006863330978,11561.330086908196,0.0020003524,0.07048876,0.12246712,187
2026-08-07,Friday,linea 12,atlalilco,10857.239327208197,6460.609469874932,15267.575884994738,0.0015117035,0.053269666,0.12203319,191
2026-08-20,Thursday,linea 12,nopalera,25375.03524430085,21515.924193481635,29157.51048515757,0.0015996699,0.056369442,0.12187175,192
2026-08-05,Wednesday,linea 12,atlalilco,10669.772323045578,6248.263645280083,14948.04481718573,0.0018451633,0.06502018,0.12164094,193
2026-08-20,Thursday,linea 12,olivos,17141.199773759927,14534.25738147397,19766.693573109158,0.0015948641,0.056200095,0.12150561,193
2026-08-28,Friday,linea 12,olivos,17851.3832508482,15048.581398344437,20695.609843703056,0.0015024336,0.05294301,0.12128487,195
2026-08-26,Wednesday,linea 12,olivos,17348.953018920347,14641.819340012335,20078.885392578904,0.00183437,0.064639844,0.1209294,195
2026-08-04,Tuesday,linea 3,zapata,16399.252355476856,10834.46233377659,21835.53412752728,0.0019583306,0.06900799,0.11990585,191
2026-08-23,Sunday,linea 12,eje central,6333.42731005086,4346.179774231837,8182.147132800578,0.0019556987,0.06891525,0.119733304,188
2026-08-23,Sunday,linea 6,la villa/basílica,12483.923455241424,9011.921672324359,16145.380228844659,0.0019486034,0.06866522,0.11929891,189
2026-08-23,Sunday,linea 12,tláhuac,29539.821956145817,19609.864716271113,40689.035477809,0.0019451486,0.06854348,0.1190874,190
2026-08-01,Saturday,linea 5,consulado,3403.24738088852,2013.3567412595958,4834.882017256143,0.0016382851,0.05773017,0.11901519,195
2026-08-19,Wednesday,linea 5,consulado,4272.135131535176,2814.503894982029,5799.967870130451,0.0018014773,0.063480765,0.11876097,193
2026-08-09,Sunday,linea 12,atlalilco,1916.8771060588333,0.0,6400.665806355714,0.001939114,0.06833083,0.11871794,189
2026-08-02,Sunday,linea 12,tezonco,11818.30194088218,7729.459896787208,15536.466238521922,0.0019389228,0.0683241,0.118706234,192
2026-08-02,Sunday,linea 12,nopalera,13532.49248554044,9937.65820213669,17227.85774737998,0.0019285951,0.067960165,0.11807395,193
2026-08-03,Monday,linea 12,periférico oriente,31692.816808216005,23154.413393255898,39679.994962757155,0.0018285156,0.064433545,0.11769921,194
2026-08-27,Thursday,linea 12,olivos,17487.808400248294,14764.829960436131,20241.283855068967,0.0015428711,0.054367956,0.1175445,195
2026-08-19,Wednesday,linea 12,olivos,16972.52132522774,14228.727888761057,19569.914333823283,0.0017696331,0.062358636,0.116661675,194
2026-08-17,Monday,linea 12,olivos,16570.25208547317,13997.236323165798,19164.259952449935,0.0018021994,0.06350621,0.11600527,194
2026-08-29,Saturday,linea 12,olivos,13654.726168182871,11228.068787150245,16390.309672628722,0.0015921907,0.05610589,0.1156666,195
2026-08-23,Sunday,linea 12,zapotitlán,8458.348422795105,5653.080183346652,10635.9530718732,0.0018796811,0.066236526,0.1150793,191
2026-08-06,Thursday,linea 12,atlalilco,10712.443434233539,6031.04156749493,15154.227014331273,0.0015093029,0.05318507,0.11498708,192
2026-08-30,Sunday,linea 12,tezonco,13535.201986119942,9447.299696793198,17617.90090095684,0.0018654658,0.0657356,0.114209,194
2026-08-11,Tuesday,linea 9,velódromo,10921.520745033347,0.0,23835.222324877122,0.001863401,0.065662846,0.114093445,194
2026-08-18,Tuesday,linea 5,consulado,4346.596464728001,2910.741336775955,5830.318030023095,0.0018613393,0.065590195,0.11396721,193
2026-08-04,Tuesday,linea 12,atlalilco,10540.301145753767,6240.574406048429,14571.897027828272,0.0018591151,0.065511815,0.11383103,192
2026-08-16,Sunday,linea 12,nopalera,14547.801084595087,10933.903785302362,18570.948606797414,0.001856908,0.06543404,0.113685064,191
2026-08-08,Saturday,linea 12,nopalera,19805.787277734944,16073.295426241417,23601.779219060278,0.0015488289,0.0545779,0.11251653,189
2026-08-06,Thursday,linea 9,velódromo,10286.20901530135,0.0,24327.037986817646,0.0014679779,0.051728856,0.11183871,193
2026-08-15,Saturday,linea 12,tezonco,18233.869933125272,14620.092613441871,22223.364615211296,0.0015389682,0.054230426,0.11180019,193
2026-08-20,Thursday,linea 12,tezonco,23693.743522774785,20025.90255642095,27394.38906610196,0.0014602017,0.05145484,0.11124628,194
2026-08-07,Friday,linea 3,balderas,9099.041543775855,759.2081117194308,17398.224003484567,0.0013771035,0.048526607,0.11116753,192
2026-08-19,Wednesday,linea 12,tezonco,23517.80224653037,19939.206913591745,27469.943260730346,0.00168609,0.05941473,0.11115416,195
2026-08-08,Saturday,linea 3,zapata,10982.133490009848,5286.549563646199,16781.598058636384,0.0015160837,0.05342402,0.110137716,190
2026-08-21,Friday,linea 12,olivos,17536.19754918259,14942.152790737404,20389.75243952875,0.0013537935,0.047705207,0.10928582,192
2026-08-09,Sunday,linea 12,tezonco,12323.912184173112,8585.952002864115,16269.443385119916,0.0017799473,0.06272209,0.10897332,190
2026-08-15,Saturday,linea 12,olivos,12898.12155182212,10274.635530435531,15471.225136968456,0.001467987,0.051729176,0.10664367,194
2026-08-18,Tuesday,linea 12,olivos,17010.629990383393,14463.587197048519,19796.860493640652,0.001724317,0.060761776,0.10557753,194
2026-08-08,Saturday,linea 9,velódromo,8653.094437340736,0.0,22248.845118728354,0.0014503365,0.05110721,0.10536143,191
2026-08-21,Friday,linea 12,nopalera,25756.58647624237,22145.530097717827,29644.374217294564,0.0012895837,0.045442574,0.10410244,193
2026-08-24,Monday,linea 12,tezonco,23292.8189991618,19436.729537192583,27258.719404758554,0.0015938675,0.056164976,0.10259522,193
2026-08-21,Friday,linea 12,tezonco,23990.753894045425,20082.43304562295,28104.820226534765,0.00125734,0.04430636,0.10149954,194
2026-08-24,Monday,linea 5,consulado,4165.121655307053,2675.8341449119,5740.54273151126,0.0015762256,0.055543307,0.10145963,194
2026-08-06,Thursday,linea 12,periférico oriente,33372.008393317905,25464.175333259253,41619.6081410986,0.0013289871,0.046831075,0.10124962,194
2026-08-08,Saturday,linea 12,tezonco,17694.892590509833,13945.006265755783,21306.538053862696,0.0013931268,0.049091242,0.101205364,192
2026-08-09,Sunday,linea 12,nopalera,14025.827234491957,10218.547514582835,17681.864536596324,0.0016500611,0.058145136,0.10102132,191
2026-08-08,Saturday,linea 12,atlalilco,6162.528858079535,1789.340051384544,10565.047508572627,0.0013895981,0.048966896,0.10094902,193
2026-08-07,Friday,linea 12,periférico oriente,34276.28219529889,26289.31098670631,42740.018611768,0.0012493398,0.04402445,0.100853726,193
2026-08-02,Sunday,linea 5,consulado,2406.846298854428,974.6032514283605,3924.4702553560237,0.0016309175,0.057470553,0.0998493,194
2026-08-08,Saturday,linea 12,periférico oriente,27738.114412278755,20054.450609211555,35562.3375973833,0.0013712021,0.048318654,0.099612616,194
2026-08-05,Wednesday,linea 12,periférico oriente,33050.06877976065,25669.06435648401,41355.730467283945,0.0015023757,0.052940972,0.09904294,194
2026-08-30,Sunday,linea 12,olivos,9832.545790148364,7142.957617936332,12539.510867654093,0.0016167145,0.056970064,0.09897975,195
2026-08-15,Saturday,linea 5,consulado,3597.1358442451155,2114.902515751461,5080.361748365122,0.0013567377,0.047808956,0.09856183,195
2026-08-04,Tuesday,linea 9,velódromo,9684.834662218062,0.0,23156.864126008448,0.0016043031,0.056532707,0.098229244,193
2026-08-18,Tuesday,linea 12,tezonco,23391.994553645236,19423.623007016453,27150.81006062757,0.0015858044,0.05588085,0.09709659,195
2026-08-17,Monday,linea 12,tezonco,22914.961046746535,19197.160226503263,26473.040719517685,0.0014832916,0.052268483,0.09547759,195
2026-08-10,Monday,linea 9,velódromo,9542.94501011991,0.0,22571.05840570961,0.0014810093,0.05218806,0.09533068,194
2026-08-21,Friday,linea 5,consulado,4393.214763788447,2874.3849932228486,5842.936423402653,0.0011573033,0.040781252,0.09342402,195
2026-08-07,Friday,linea 9,velódromo,10867.903316408218,0.0,23783.631525318615,0.0011529283,0.040627085,0.09307085,194
2026-08-04,Tuesday,linea 12,periférico oriente,32718.75027907347,24319.769882873625,40594.585035566306,0.0014565388,0.051325765,0.08918184,194
2026-08-16,Sunday,linea 12,olivos,9130.260482718986,6429.186857156823,11693.12653599853,0.0014541792,0.051242616,0.08902889,192
2026-08-14,Friday,linea 5,consulado,4198.135728583769,2765.1967597729463,5796.906530959202,0.001102084,0.03883542,0.08896641,195
2026-08-22,Saturday,linea 12,olivos,13372.240219065206,10668.70710356558,16248.974190059953,0.0012112828,0.04268339,0.08799509,192
2026-08-22,Saturday,linea 12,nopalera,20836.97909482469,16869.471883704846,24707.95869155632,0.0012018661,0.042351563,0.087311,193
2026-08-22,Saturday,linea 5,consulado,3789.108206919628,2288.199345630417,5213.622926370686,0.0011985274,0.042233914,0.08706846,194
2026-08-16,Sunday,linea 9,velódromo,5483.924531521605,0.0,18941.103118921124,0.0014028063,0.049432326,0.08588369,193
2026-08-09,Sunday,linea 3,zapata,4771.1474693190685,0.0,10367.819256842655,0.0014021791,0.049410228,0.0858453,192
2026-08-24,Monday,linea 12,olivos,17000.35658297469,14519.186206996019,19820.32032278078,0.0013216661,0.046573095,0.085073955,195
2026-08-22,Saturday,linea 12,tezonco,18652.4915297417,14814.286290831571,22399.521983178893,0.0011351467,0.040000495,0.08246409,195
2026-08-23,Sunday,linea 5,consulado,2819.086115854113,1390.5022607662231,4256.9200802445175,0.0013096761,0.04615059,0.08018201,192
2026-08-23,Sunday,linea 12,olivos,9583.692661726303,6882.117224278569,12105.293797821196,0.0013057982,0.04601394,0.07994459,193
2026-08-11,Tuesday,linea 5,consulado,4157.627472760952,2740.046738628271,5653.154189556103,0.0013047091,0.045975562,0.07988552,195
2026-08-23,Sunday,linea 12,nopalera,15053.966317946686,11529.139406929466,18744.106572369466,0.0012931721,0.04556902,0.07917159,194
2026-08-02,Sunday,linea 12,periférico oriente,18434.914871777924,10344.204971959922,26359.520472915217,0.0012837278,0.045236222,0.07859338,195
2026-08-16,Sunday,linea 5,consulado,2632.585952484199,1091.9345879609436,4133.443218608469,0.0012801875,0.045111466,0.078376636,194
2026-08-16,Sunday,linea 12,tezonco,12852.4822906847,9140.472710021393,16567.515727778697,0.0012771058,0.04500287,0.07818796,195
2026-08-23,Sunday,linea 12,tezonco,13250.388754086756,9447.548076292838,17100.167833615833,0.0012759926,0.044963647,0.07811981,195
2026-08-09,Sunday,linea 12,periférico oriente,19644.97629717156,11256.582531544973,28274.750649420686,0.001261586,0.044455983,0.07723779,193
2026-08-20,Thursday,linea 5,consulado,4296.458518346844,2792.8639385079855,5911.194423801447,0.0009390335,0.033089824,0.071540795,195
2026-08-03,Monday,linea 5,consulado,3730.91482303897,2160.9948760069387,5242.450738865922,0.0010597683,0.037344296,0.06821593,195
2026-08-13,Thursday,linea 5,consulado,4100.792305165699,2485.0306851114838,5527.385871355934,0.0008933715,0.031480778,0.06806201,195
2026-08-07,Friday,linea 5,consulado,4052.6085184998337,2619.1324688089708,5609.3764464781025,0.00083383115,0.029382685,0.06731153,195
2026-08-08,Saturday,linea 5,consulado,3437.3628369749567,1867.164946436069,5022.5302307948095,0.00090763706,0.03198347,0.06593638,195
2026-08-06,Thursday,linea 5,consulado,3971.3469190876917,2513.898582395703,5512.455782916081,0.0008525114,0.030040942,0.06494906,195
2026-08-09,Sunday,linea 5,consulado,2460.683629202701,976.0368050606969,4043.7289193074726,0.0010552086,0.037183624,0.0646028,194
2026-08-10,Monday,linea 5,consulado,3804.5617447661652,2157.8183685029176,5341.298506352488,0.0009868654,0.03477533,0.06352326,195
2026-08-12,Wednesday,linea 5,consulado,4078.4954395358045,2523.288855018943,5549.831653736327,0.0009305155,0.032789666,0.061343506,195
2026-08-05,Wednesday,linea 5,consulado,3966.6399728023557,2563.5434270231062,5566.300269738675,0.000926091,0.03263375,0.06105182,195
2026-08-09,Sunday,linea 9,velódromo,3858.886404640715,0.0,17698.43482269528,0.0009776093,0.034449164,0.059851956,195
2026-08-04,Tuesday,linea 5,consulado,4064.503333625945,2488.525317800196,5494.894981130867,0.00096161227,0.033885457,0.05887818,195
